JvmtiExport can_access_local_variables 0
JvmtiExport can_hotswap_or_post_breakpoint 0
JvmtiExport can_post_on_exceptions 0
# 508 ciObject found
instanceKlass org/yaml/parser/YamlLoader
ciInstanceKlass java/lang/Cloneable 1 0 7 100 1 100 1 1 1
instanceKlass org/yaml/convert/YRead$YScalarYRead$
instanceKlass org/yaml/model/YScalar$
instanceKlass org/yaml/model/YNode$
instanceKlass org/mulesoft/amfintegration/dialect/dialects/raml/raml08/Raml08DialectNodes$
instanceKlass org/mulesoft/amfintegration/dialect/dialects/raml/raml08/Raml08TypesDialect$Raml08Dialect$
instanceKlass amf/aml/internal/parse/plugin/AMLDialectInstanceParsingPlugin
instanceKlass amf/aml/internal/AMLDialectInstancePlugin
instanceKlass org/mulesoft/amfintegration/dialect/dialects/raml/raml08/Raml08TypesDialect$
instanceKlass amf/aml/client/scala/model/domain/PublicNodeMapping
instanceKlass amf/aml/client/scala/model/domain/PublicNodeMapping$
instanceKlass amf/core/client/scala/parse/document/DefaultReferenceCollector
instanceKlass amf/core/client/scala/parse/document/ReferenceCollector
instanceKlass amf/core/client/scala/parse/document/CompilerReferenceCollector
instanceKlass amf/core/client/scala/parse/document/CompilerReferenceCollector$
instanceKlass amf/apicontract/internal/metamodel/domain/security/ScopeModel$
instanceKlass amf/apicontract/internal/metamodel/domain/security/OAuth2FlowModel$
instanceKlass amf/apicontract/internal/metamodel/domain/security/OAuth2SettingsModel$
instanceKlass amf/apicontract/internal/metamodel/domain/security/OAuth1SettingsModel$
instanceKlass org/mulesoft/amfintegration/dialect/dialects/raml/raml10/Raml10SecuritySchemesDialect$
instanceKlass amf/core/internal/metamodel/Type$ArrayLike$
instanceKlass amf/shapes/internal/domain/metamodel/NilShapeModel$
instanceKlass amf/shapes/internal/domain/metamodel/UnionShapeModel$
instanceKlass scala/util/hashing/MurmurHash3$ArrayHashing
instanceKlass scala/util/hashing/Hashing
instanceKlass scala/util/hashing/MurmurHash3
instanceKlass amf/core/internal/annotations/ReferencedInfo
instanceKlass amf/core/internal/annotations/ReferencedInfo$
instanceKlass amf/core/internal/annotations/Aliases
instanceKlass amf/core/client/scala/model/domain/UriAnnotation
instanceKlass amf/core/client/scala/model/domain/SerializableAnnotation
instanceKlass amf/core/internal/parser/domain/Fields$StrFieldImpl
instanceKlass amf/core/internal/parser/domain/Fields$FieldRemover
instanceKlass amf/core/client/scala/model/StrField
instanceKlass amf/core/client/scala/model/ValueField
instanceKlass amf/core/client/scala/model/Annotable
instanceKlass amf/aml/internal/metamodel/document/ExternalContextModelFields$
instanceKlass amf/aml/client/scala/model/domain/External
instanceKlass amf/aml/client/scala/model/domain/External$
instanceKlass amf/aml/client/scala/model/domain/DocumentMapping
instanceKlass amf/aml/client/scala/model/domain/DocumentMapping$
instanceKlass amf/plugins/document/vocabularies/plugin/ReferenceStyles$
instanceKlass amf/aml/client/scala/model/domain/DocumentsModel
instanceKlass amf/aml/client/scala/model/domain/DocumentsModel$
instanceKlass amf/aml/internal/parse/common/SyntaxExtensionsReferenceHandler
instanceKlass amf/core/client/scala/config/SelectedParsePluginEvent
instanceKlass amf/apicontract/internal/metamodel/domain/api/BaseApiModel$
instanceKlass amf/aml/client/scala/model/document/kind/package$Dialect$
instanceKlass amf/aml/client/scala/model/document/kind/package$DialectDocumentKind
instanceKlass amf/apicontract/internal/metamodel/domain/LicenseModel$
instanceKlass amf/aml/internal/parse/hints/YamlDirectiveComment$
instanceKlass amf/apicontract/internal/metamodel/domain/OrganizationModel$
instanceKlass amf/aml/internal/parse/hints/DialectGuess$
instanceKlass amf/aml/internal/parse/hints/Guess
instanceKlass amf/apicontract/internal/metamodel/domain/api/WebApiModel$
instanceKlass amf/apicontract/internal/metamodel/domain/api/ApiModel
instanceKlass amf/apicontract/internal/metamodel/domain/common/VersionField
instanceKlass org/yaml/model/YError
instanceKlass org/yaml/model/YError$
instanceKlass org/yaml/convert/YRead$SeqNodeYRead$
instanceKlass amf/apicontract/internal/metamodel/domain/templates/ResourceTypeModel$
instanceKlass org/yaml/convert/YRead$$anon$1
instanceKlass amf/core/internal/metamodel/domain/templates/AbstractDeclarationModel$
instanceKlass org/yaml/convert/YRead$YMapYRead$
instanceKlass org/yaml/convert/YRead$
instanceKlass amf/core/internal/parser/package$YNodeLikeOps
instanceKlass amf/core/internal/plugins/document/graph/parser/EmbeddedGraphParser$
instanceKlass amf/apicontract/internal/metamodel/domain/templates/TraitModel$
instanceKlass amf/core/internal/metamodel/domain/templates/AbstractDeclarationModel
instanceKlass amf/core/internal/plugins/document/graph/JsonLdKeywords$
instanceKlass amf/core/internal/parser/package$YMapOps
instanceKlass amf/core/internal/parser/package$
instanceKlass amf/core/internal/plugins/document/graph/context/GraphContext
instanceKlass amf/shapes/internal/domain/metamodel/FileShapeModel$
instanceKlass amf/core/internal/plugins/document/graph/parser/GraphParserContext$
instanceKlass amf/core/client/scala/errorhandling/IgnoringErrorHandler$
instanceKlass amf/shapes/client/scala/model/domain/SerializableShape
instanceKlass amf/shapes/client/scala/model/domain/CommonShapeFields
instanceKlass amf/core/internal/parser/LimitedParseConfig
instanceKlass amf/shapes/internal/domain/metamodel/ScalarShapeModel$
instanceKlass amf/shapes/internal/domain/metamodel/CommonShapeFields
instanceKlass amf/core/internal/plugins/document/graph/parser/GraphContextHelper
instanceKlass amf/core/internal/plugins/document/graph/context/GraphContextOperations
instanceKlass amf/core/internal/plugins/document/graph/parser/GraphParserHelpers
instanceKlass amf/core/internal/parser/Root
instanceKlass amf/core/client/scala/config/ParsedSyntaxEvent
instanceKlass scala/collection/mutable/WrappedArrayBuilder
instanceKlass org/yaml/model/YSequence$
instanceKlass amf/shapes/internal/domain/metamodel/DataArrangementShape
instanceKlass amf/core/internal/utils/package$IdCounter
instanceKlass org/yaml/model/YMap$
instanceKlass amf/aml/client/scala/model/domain/NodeMapping$
instanceKlass org/yaml/model/SingleQuoteMark$
instanceKlass amf/core/client/scala/vocabulary/Namespace$XsdTypes$
instanceKlass org/yaml/model/DoubleQuoteMark$
instanceKlass org/yaml/model/QuotedMark
instanceKlass org/yaml/model/ScalarMark$
instanceKlass amf/apicontract/internal/metamodel/domain/federation/ParameterKeyMappingModel$
instanceKlass scala/util/matching/Regex$
instanceKlass amf/apicontract/internal/metamodel/domain/federation/OperationFederationMetadataModel$
instanceKlass amf/apicontract/internal/metamodel/domain/bindings/OperationBindingModel$
instanceKlass amf/apicontract/internal/metamodel/domain/bindings/OperationBindingModel
instanceKlass scala/PartialFunction$$anon$1
instanceKlass amf/apicontract/internal/metamodel/domain/bindings/OperationBindingsModel$
instanceKlass amf/apicontract/internal/metamodel/domain/bindings/ChannelBindingModel$
instanceKlass amf/apicontract/internal/metamodel/domain/bindings/ChannelBindingModel
instanceKlass scala/PartialFunction$
instanceKlass amf/apicontract/internal/metamodel/domain/bindings/ChannelBindingsModel$
instanceKlass amf/apicontract/internal/metamodel/domain/federation/EndpointFederationMetadataModel$
instanceKlass amf/apicontract/internal/metamodel/domain/EndPointModel$
instanceKlass org/yaml/model/YMapEntry$
instanceKlass amf/apicontract/internal/metamodel/domain/CallbackModel$
instanceKlass amf/apicontract/internal/metamodel/domain/bindings/ServerBindingModel$
instanceKlass amf/apicontract/internal/metamodel/domain/bindings/ServerBindingModel
instanceKlass org/yaml/convert/YRead
instanceKlass amf/apicontract/internal/metamodel/domain/bindings/ServerBindingsModel$
instanceKlass org/yaml/model/YTag$
instanceKlass org/yaml/model/YType
instanceKlass amf/apicontract/internal/metamodel/domain/security/SettingsModel$
instanceKlass amf/apicontract/internal/metamodel/domain/security/SettingsModel
instanceKlass org/yaml/model/YType$
instanceKlass amf/apicontract/internal/metamodel/domain/security/SecuritySchemeModel$
instanceKlass org/yaml/parser/ParserResult
instanceKlass org/yaml/parser/ParserResult$
instanceKlass amf/apicontract/internal/metamodel/domain/security/ParametrizedSecuritySchemeModel$
instanceKlass amf/apicontract/internal/metamodel/domain/security/SecurityRequirementModel$
instanceKlass amf/apicontract/internal/metamodel/domain/ServerModel$
instanceKlass amf/apicontract/internal/metamodel/domain/TemplatedLinkModel$
instanceKlass amf/apicontract/internal/metamodel/domain/ResponseModel$
instanceKlass amf/apicontract/internal/metamodel/domain/MessageModel$
instanceKlass amf/shapes/internal/domain/metamodel/grpc/GrpcFields$
instanceKlass amf/shapes/internal/domain/metamodel/avro/AvroFields$
instanceKlass scala/collection/immutable/HashSet$HashSetBuilder
instanceKlass amf/shapes/internal/domain/metamodel/AnyShapeModel$
instanceKlass amf/shapes/client/scala/model/domain/federation/KeyMapping
instanceKlass amf/shapes/internal/domain/metamodel/federation/PropertyKeyMappingModel$
instanceKlass amf/shapes/internal/domain/metamodel/federation/KeyMappingModel
instanceKlass scala/util/matching/UnanchoredRegex
instanceKlass amf/shapes/internal/domain/metamodel/federation/ExternalPropertyShapeModel$
instanceKlass scala/util/matching/Regex
instanceKlass amf/shapes/internal/domain/metamodel/federation/KeyModel$
instanceKlass amf/shapes/internal/domain/metamodel/operations/ShapePayloadModel$
instanceKlass amf/shapes/internal/domain/metamodel/operations/ShapeResponseModel$
instanceKlass org/yaml/parser/ScalarParser$
instanceKlass org/yaml/model/NoMark$
instanceKlass amf/shapes/internal/domain/metamodel/operations/ShapeParameterModel$
instanceKlass org/yaml/model/UnknownMark$
instanceKlass amf/shapes/internal/domain/metamodel/operations/ShapeRequestModel$
instanceKlass org/yaml/model/ScalarMark
instanceKlass amf/shapes/internal/domain/metamodel/operations/ShapeOperationModel$
instanceKlass amf/shapes/internal/domain/metamodel/SchemaDependenciesModel$
instanceKlass amf/shapes/internal/domain/metamodel/PropertyDependenciesModel$
instanceKlass amf/shapes/internal/domain/metamodel/DependenciesModel
instanceKlass amf/shapes/internal/domain/metamodel/DiscriminatorValueMappingModel$
instanceKlass org/yaml/model/YPart$
instanceKlass amf/shapes/internal/domain/metamodel/IriTemplateMappingModel$
instanceKlass org/mulesoft/lexer/AstToken
instanceKlass org/yaml/model/YComment$
instanceKlass amf/shapes/internal/domain/metamodel/XMLSerializerModel$
instanceKlass amf/shapes/internal/domain/metamodel/grpc/ReservedRangeModel$
instanceKlass amf/shapes/internal/domain/metamodel/grpc/ReservedRangeModel
instanceKlass org/yaml/parser/YamlLoader$YamlBuilder$
instanceKlass amf/shapes/internal/domain/metamodel/grpc/ReservedModel$
instanceKlass amf/shapes/internal/domain/metamodel/grpc/ReservedModel
instanceKlass org/yaml/parser/YamlLoader$Stack
instanceKlass amf/shapes/internal/domain/metamodel/ContextMappingModel$
instanceKlass amf/shapes/internal/domain/metamodel/CuriePrefixModel$
instanceKlass amf/shapes/internal/domain/metamodel/DefaultVocabularyModel$
instanceKlass amf/shapes/internal/domain/metamodel/BaseIRIModel$
instanceKlass amf/shapes/internal/domain/metamodel/WithIri
instanceKlass amf/shapes/internal/domain/metamodel/SemanticContextModel$
instanceKlass amf/core/client/scala/model/domain/Shape
instanceKlass amf/core/client/scala/model/domain/federation/HasShapeFederationMetadata
instanceKlass amf/core/client/scala/model/domain/federation/HasFederationMetadata
instanceKlass amf/core/internal/plugins/domain/shapes/models/ShapeHelper
instanceKlass amf/core/client/scala/model/domain/NamedDomainElement
instanceKlass amf/core/client/scala/model/domain/NamedAmfObject
instanceKlass amf/shapes/client/scala/model/domain/grpc/GrpcShapeFields
instanceKlass amf/shapes/client/scala/model/domain/AvroShapeFields
instanceKlass amf/shapes/client/scala/model/domain/ExemplifiedDomainElement
instanceKlass amf/shapes/client/scala/model/domain/DocumentedElement
instanceKlass amf/shapes/client/scala/model/domain/InheritanceChain
instanceKlass amf/core/client/scala/model/domain/ExternalSourceElement
instanceKlass amf/shapes/client/scala/model/domain/ShapeHelpers
instanceKlass amf/shapes/internal/domain/metamodel/NodeShapeModel$
instanceKlass amf/shapes/internal/domain/metamodel/NodeShapeModel
instanceKlass amf/shapes/internal/domain/metamodel/AnyShapeModel
instanceKlass amf/shapes/internal/domain/metamodel/grpc/GrpcFields
instanceKlass amf/shapes/internal/domain/metamodel/avro/AvroFields
instanceKlass amf/shapes/internal/domain/metamodel/WithSemanticContext
instanceKlass amf/apicontract/internal/metamodel/domain/bindings/MessageBindingModel$
instanceKlass amf/apicontract/internal/metamodel/domain/bindings/MessageBindingModel
instanceKlass amf/apicontract/internal/metamodel/domain/bindings/BindingType
instanceKlass amf/apicontract/internal/metamodel/domain/bindings/MessageBindingsModel$
instanceKlass amf/apicontract/internal/metamodel/domain/CorrelationIdModel$
instanceKlass amf/apicontract/internal/metamodel/domain/EncodingModel$
instanceKlass amf/apicontract/internal/metamodel/domain/PayloadModel$
instanceKlass amf/apicontract/internal/metamodel/domain/federation/ParameterFederationMetadataModel$
instanceKlass amf/apicontract/internal/metamodel/domain/ParameterModel$
instanceKlass amf/apicontract/internal/metamodel/domain/RequestModel$
instanceKlass amf/apicontract/internal/metamodel/domain/MessageModel
instanceKlass amf/apicontract/internal/metamodel/domain/ParametersFieldModel
instanceKlass amf/apicontract/internal/metamodel/domain/TagModel$
instanceKlass amf/shapes/internal/domain/metamodel/CreativeWorkModel$
instanceKlass amf/core/internal/metamodel/domain/ExternalSourceElementModel$
instanceKlass amf/shapes/internal/domain/metamodel/ExampleModel$
instanceKlass amf/shapes/internal/domain/metamodel/ExampleModel
instanceKlass amf/core/internal/metamodel/domain/ExternalSourceElementModel
instanceKlass amf/shapes/internal/domain/metamodel/operations/AbstractPayloadModel$
instanceKlass amf/shapes/internal/domain/metamodel/operations/AbstractPayloadModel
instanceKlass amf/shapes/internal/domain/metamodel/common/ExamplesField
instanceKlass amf/shapes/internal/domain/metamodel/operations/AbstractResponseModel$
instanceKlass amf/shapes/internal/domain/metamodel/operations/AbstractResponseModel
instanceKlass amf/shapes/internal/domain/metamodel/operations/AbstractParameterModel$
instanceKlass amf/shapes/internal/domain/metamodel/operations/AbstractParameterModel
instanceKlass amf/shapes/internal/domain/metamodel/operations/AbstractRequestModel$
instanceKlass amf/shapes/internal/domain/metamodel/operations/AbstractRequestModel
instanceKlass amf/apicontract/internal/metamodel/domain/OperationModel$
instanceKlass amf/apicontract/internal/metamodel/domain/AbstractModel
instanceKlass amf/apicontract/internal/metamodel/domain/TagsModel
instanceKlass amf/shapes/internal/domain/metamodel/common/DocumentationField
instanceKlass amf/shapes/internal/domain/metamodel/operations/AbstractOperationModel
instanceKlass amf/core/internal/metamodel/domain/templates/OptionalField
instanceKlass amf/aml/client/scala/model/domain/PropertyMapping$
instanceKlass amf/aml/client/scala/model/domain/PropertyMapping
instanceKlass amf/aml/client/scala/model/domain/WithDefaultFacet
instanceKlass amf/aml/client/scala/model/domain/PropertyLikeMapping
instanceKlass amf/aml/client/scala/model/domain/NodeWithDiscriminator
instanceKlass amf/aml/client/scala/model/domain/HasObjectRange
instanceKlass org/mulesoft/amfintegration/dialect/dialects/raml/raml10/Raml10DialectNodes$
instanceKlass org/mulesoft/amfintegration/dialect/dialects/raml/RamlDialectNodes
instanceKlass scala/runtime/BooleanRef
instanceKlass amf/aml/client/scala/model/domain/AnyMapping
instanceKlass amf/aml/client/scala/model/domain/NodeMappable
instanceKlass amf/aml/client/scala/model/domain/MergeableMapping
instanceKlass amf/aml/client/scala/model/document/Dialect$
instanceKlass org/mulesoft/amfintegration/dialect/dialects/raml/raml10/Raml10TypesDialect$Raml10Dialect$
instanceKlass org/mulesoft/amfintegration/dialect/dialects/raml/RamlDialect
instanceKlass org/mulesoft/amfintegration/dialect/dialects/raml/raml10/Raml10TypesDialect$
instanceKlass org/mulesoft/amfintegration/vocabularies/propertyterms/patched/oaslike/oas2/Oas2InfoKeyTerm$
instanceKlass org/mulesoft/amfintegration/vocabularies/propertyterms/patched/oaslike/oas2/Oas2PatchedKeyTerm
instanceKlass org/mulesoft/amfintegration/vocabularies/propertyterms/patched/oaslike/OaslikeInfoKeyTerm
instanceKlass org/mulesoft/amfintegration/vocabularies/propertyterms/patched/WebApiPatchedTopLevelKeyTerm
instanceKlass org/mulesoft/amfintegration/vocabularies/propertyterms/patched/PatchedKeyTerm
instanceKlass org/mulesoft/amfintegration/vocabularies/AlsPatchedVocabulary$
instanceKlass org/mulesoft/amfintegration/vocabularies/propertyterms/aml/ExtendsPropertyTerm$
instanceKlass org/mulesoft/amfintegration/vocabularies/propertyterms/aml/ModulePropertyTerm$
instanceKlass org/mulesoft/amfintegration/vocabularies/propertyterms/aml/DocumentPropertyTerm$
instanceKlass org/mulesoft/amfintegration/vocabularies/AmlDocumentVocabulary$
instanceKlass org/mulesoft/amfintegration/vocabularies/propertyterms/core/LicensePropertyTerm$
instanceKlass org/mulesoft/amfintegration/vocabularies/propertyterms/core/ProviderPropertyTerm$
instanceKlass org/mulesoft/amfintegration/vocabularies/AmlCoreVocabulary$
instanceKlass org/mulesoft/amfintegration/vocabularies/propertyterms/aml/ItemsPropertyTerm$
instanceKlass org/mulesoft/amfintegration/vocabularies/propertyterms/aml/InheritsPropertyTerm$
instanceKlass org/mulesoft/amfintegration/vocabularies/propertyterms/aml/FormatPropertyTerm$
instanceKlass org/mulesoft/amfintegration/vocabularies/propertyterms/aml/FileTypePropertyTerm$
instanceKlass scala/runtime/java8/JFunction0$mcI$sp
instanceKlass org/mulesoft/amfintegration/vocabularies/propertyterms/aml/DiscriminatorPropertyTerm$
instanceKlass org/mulesoft/amfintegration/vocabularies/propertyterms/aml/AnyOfPropertyTerm$
instanceKlass org/mulesoft/amfintegration/vocabularies/AmlDataShapesVocabulary$
instanceKlass org/mulesoft/amfintegration/vocabularies/propertyterms/aml/PropertiesPropertyTerm$
instanceKlass org/mulesoft/amfintegration/vocabularies/propertyterms/aml/ValuePropertyTerm$
instanceKlass org/mulesoft/amfintegration/vocabularies/AmlDataModelVocabulary$
instanceKlass org/mulesoft/amfintegration/vocabularies/propertyterms/aml/ExamplesPropertyTerm$
instanceKlass org/mulesoft/amfintegration/vocabularies/AmlApiContractVocabulary$
instanceKlass org/mulesoft/amfintegration/vocabularies/propertyterms/shacl/ShaclPathPropertyTerm$
instanceKlass org/mulesoft/amfintegration/vocabularies/propertyterms/shacl/ShaclOrPropertyTerm$
instanceKlass org/mulesoft/amfintegration/vocabularies/propertyterms/shacl/ShaclNotPropertyTerm$
instanceKlass org/mulesoft/amfintegration/vocabularies/propertyterms/shacl/ShaclInPropertyTerm$
instanceKlass org/mulesoft/amfintegration/vocabularies/propertyterms/shacl/ShaclIfPropertyTerm$
instanceKlass org/mulesoft/amfintegration/vocabularies/propertyterms/shacl/ShaclElsePropertyTerm$
instanceKlass org/mulesoft/amfintegration/vocabularies/propertyterms/shacl/ShaclDefaultValuePropertyTerm$
instanceKlass scala/runtime/java8/JFunction1$mcVI$sp
instanceKlass org/mulesoft/amfintegration/vocabularies/propertyterms/shacl/ShaclShapePropertyTerm$
instanceKlass org/yaml/lexer/YamlCharRules$
instanceKlass org/mulesoft/amfintegration/vocabularies/propertyterms/NamePropertyTerm$
instanceKlass org/mulesoft/lexer/TokenData
instanceKlass org/mulesoft/amfintegration/vocabularies/ShaclVocabulary$
instanceKlass org/mulesoft/amfintegration/vocabularies/propertyterms/schemaorg/DocumentationPropertyTerm$
instanceKlass org/mulesoft/amfintegration/vocabularies/propertyterms/schemaorg/DisplayNamePropertyTerm$
instanceKlass org/mulesoft/amfintegration/vocabularies/propertyterms/schemaorg/DescriptionPropertyTerm$
instanceKlass org/yaml/lexer/YamlToken$
instanceKlass org/mulesoft/amfintegration/vocabularies/propertyterms/schemaorg/DeprecatedPropertyTerm$
instanceKlass scala/Tuple4
instanceKlass scala/Product4
instanceKlass org/mulesoft/amfintegration/vocabularies/propertyterms/schemaorg/CorrelationIdPropertyTerm$
instanceKlass org/mulesoft/amfintegration/vocabularies/propertyterms/schemaorg/CommentPropertyTerm$
instanceKlass amf/aml/client/scala/model/domain/ClassTerm$
instanceKlass org/mulesoft/amfintegration/vocabularies/classterms/schemaorg/OrganizationClassTerm$
instanceKlass org/mulesoft/amfintegration/vocabularies/classterms/schemaorg/LicenseClassTerm$
instanceKlass org/yaml/parser/YamlLoader$YamlBuilder
instanceKlass org/mulesoft/amfintegration/vocabularies/classterms/schemaorg/CreativeWorkClassTerm$
instanceKlass org/mulesoft/amfintegration/vocabularies/classterms/schemaorg/CorrelationIdClassTerm$
instanceKlass org/yaml/parser/YamlLoader
instanceKlass org/yaml/parser/DuplicateDetection
instanceKlass org/mulesoft/lexer/SingleDocumentLexerContext$
instanceKlass org/mulesoft/amfintegration/vocabularies/SchemaOrgVocabulary$
instanceKlass org/mulesoft/common/client/lexical/SourceLocation
instanceKlass org/mulesoft/common/client/lexical/SourceLocation$
instanceKlass org/yaml/model/YObj
instanceKlass scala/Dynamic
instanceKlass org/yaml/parser/YamlParser
instanceKlass org/mulesoft/lexer/StreamLexerContext$
instanceKlass amf/aml/client/scala/model/domain/ObjectPropertyTerm$
instanceKlass org/mulesoft/lexer/Queue
instanceKlass amf/aml/client/scala/model/domain/PropertyTerm
instanceKlass scala/runtime/AbstractFunction0
instanceKlass scala/Function0$mcI$sp
instanceKlass org/mulesoft/amfintegration/vocabularies/propertyterms/declarationKeys/SecuritySchemeDeclarationKeyTerm$
instanceKlass org/mulesoft/amfintegration/vocabularies/propertyterms/declarationKeys/ResourceTypeDeclarationKeyTerm$
instanceKlass org/mulesoft/amfintegration/vocabularies/propertyterms/declarationKeys/TraitDeclarationKeyTerm$
instanceKlass org/mulesoft/amfintegration/vocabularies/propertyterms/declarationKeys/SecuritySettingsDeclarationKeyTerm$
instanceKlass org/mulesoft/amfintegration/vocabularies/propertyterms/declarationKeys/ShapeDeclarationKeyTerm$
instanceKlass org/yaml/lexer/YamlContext
instanceKlass org/mulesoft/amfintegration/vocabularies/propertyterms/declarationKeys/DomainPropertyDeclarationKeyTerm$
instanceKlass org/mulesoft/lexer/Token
instanceKlass org/mulesoft/amfintegration/vocabularies/propertyterms/declarationKeys/OperationAbstractDeclarationKeyTerm$
instanceKlass org/mulesoft/lexer/LexerContext
instanceKlass org/mulesoft/amfintegration/vocabularies/propertyterms/declarationKeys/MessageAbstractDeclarationKeyTerm$
instanceKlass org/mulesoft/amfintegration/vocabularies/propertyterms/declarationKeys/MessageDeclarationKeyTerm$
instanceKlass org/mulesoft/amfintegration/vocabularies/PropertyTermObjectNode
instanceKlass org/mulesoft/lexer/BaseLexer
instanceKlass org/mulesoft/lexer/Lexer
instanceKlass amf/aml/client/scala/model/domain/ClassTerm
instanceKlass org/mulesoft/amfintegration/vocabularies/ClassTermObjectNode
instanceKlass org/mulesoft/amfintegration/vocabularies/TermObjectNode
instanceKlass org/mulesoft/common/client/lexical/Position
instanceKlass amf/core/client/scala/model/document/BaseUnitProcessingData
instanceKlass org/mulesoft/common/client/lexical/Position$
instanceKlass amf/core/client/scala/model/document/BaseUnitProcessingData$
instanceKlass org/mulesoft/common/core/package$
instanceKlass amf/core/client/scala/model/domain/Linkable
instanceKlass amf/core/internal/adoption/AdoptionDependantCalls
instanceKlass org/mulesoft/common/core/package$Chars$
instanceKlass amf/core/internal/parser/domain/Value
instanceKlass org/mulesoft/lexer/CharSequenceLexerInput$InputState
instanceKlass amf/core/internal/parser/domain/Value$
instanceKlass org/mulesoft/lexer/LexerInput$
instanceKlass amf/core/client/scala/model/domain/AmfArray
instanceKlass scala/runtime/AbstractFunction2
instanceKlass org/mulesoft/lexer/LexerInput$Mark
instanceKlass amf/core/client/scala/model/domain/AmfScalar
instanceKlass org/mulesoft/lexer/CharSequenceLexerInput
instanceKlass amf/core/internal/parser/domain/Fields
instanceKlass org/mulesoft/lexer/CharSequenceLexerInput$
instanceKlass amf/core/internal/parser/domain/Fields$
instanceKlass org/mulesoft/lexer/LexerInput
instanceKlass org/yaml/lexer/YamlLexer$
instanceKlass amf/core/client/scala/traversal/iterator/VisitedCollector
instanceKlass org/yaml/parser/YamlParser$
instanceKlass amf/core/client/scala/model/document/FieldsFilter
instanceKlass amf/core/client/scala/traversal/iterator/IteratorStrategy
instanceKlass amf/core/internal/plugins/syntax/SYamlAMFParserErrorHandler
instanceKlass amf/core/client/scala/model/domain/Annotation
instanceKlass amf/core/internal/plugins/syntax/SyamlAMFErrorHandler
instanceKlass amf/core/internal/parser/domain/Annotations
instanceKlass amf/core/internal/parser/domain/Annotations$
instanceKlass amf/aml/client/scala/model/document/Vocabulary$
instanceKlass org/mulesoft/amfintegration/vocabularies/AlsDeclarationKeysVocabulary$
instanceKlass org/mulesoft/amfintegration/vocabularies/VocabularyObject
instanceKlass amf/aml/client/scala/model/document/Vocabulary
instanceKlass org/mulesoft/amfintegration/vocabularies/integration/DefaultVocabularies$
instanceKlass amf/core/client/scala/config/StartingContentParsingEvent
instanceKlass org/mulesoft/amfintegration/vocabularies/integration/AlsVocabularyRegistry$
instanceKlass org/mulesoft/amfintegration/amfconfiguration/DocumentDefinition
instanceKlass amf/aml/client/scala/model/document/Dialect
instanceKlass amf/aml/client/scala/model/document/MappingDeclarer
instanceKlass amf/core/client/scala/model/document/EncodesModel
instanceKlass amf/core/client/scala/model/document/DeclaresModel
instanceKlass amf/aml/client/scala/model/document/ExternalContext
instanceKlass amf/core/client/scala/validation/ReportConformance
instanceKlass scala/runtime/AbstractPartialFunction
instanceKlass scala/Tuple3
instanceKlass scala/Product3
instanceKlass amf/core/internal/remote/HttpParts$
instanceKlass amf/core/internal/remote/File$
instanceKlass amf/core/client/scala/config/AMFEventListener
instanceKlass amf/core/client/platform/config/AMFEventNames$
instanceKlass amf/core/client/scala/config/StartingParsingEvent
instanceKlass amf/core/client/scala/config/GroupedEvent
instanceKlass amf/core/internal/utils/GraphCycleDetector$NodeWithBranch
instanceKlass amf/core/internal/utils/GraphCycleDetector$
instanceKlass amf/core/client/scala/config/AMFEvent
instanceKlass amf/core/client/scala/parse/document/EmptyFutureDeclarations$$anon$1
instanceKlass amf/core/internal/parser/domain/FutureDeclarations
instanceKlass amf/core/client/scala/parse/document/EmptyFutureDeclarations$
instanceKlass amf/core/internal/parser/ParseConfig
instanceKlass amf/core/internal/parser/CompilerContext
instanceKlass amf/core/internal/utils/Absolute$
instanceKlass scala/collection/immutable/VectorBuilder
instanceKlass scala/runtime/java8/JFunction1$mcZI$sp
instanceKlass amf/core/internal/remote/EcmaEncoder$
instanceKlass amf/core/internal/utils/UriUtils$
instanceKlass amf/core/internal/utils/package$AmfStrings
instanceKlass amf/core/internal/utils/package$
instanceKlass amf/core/internal/parser/CompilerContextBuilder
instanceKlass amf/core/client/scala/parse/document/UnspecifiedReference$
instanceKlass amf/core/internal/remote/Cache
instanceKlass amf/core/internal/remote/Cache$
instanceKlass amf/core/internal/remote/Context
instanceKlass amf/core/internal/remote/Context$
instanceKlass amf/core/client/scala/parse/document/ReferenceKind
instanceKlass amf/core/internal/parser/AMFCompiler$
instanceKlass scala/runtime/IntRef
instanceKlass amf/core/internal/plugins/AMFPlugin$$anonfun$ordering$2
instanceKlass amf/core/internal/plugins/AMFPlugin$
instanceKlass amf/core/client/scala/errorhandling/DefaultErrorHandler
instanceKlass amf/core/internal/parser/ParseConfiguration
instanceKlass amf/core/internal/parser/CompilerConfiguration
instanceKlass amf/core/internal/parser/AMFCompiler
instanceKlass amf/core/client/scala/parse/AMFParser$
instanceKlass amf/custom/validation/internal/report/generated/ProfileDialect$
instanceKlass amf/custom/validation/internal/report/loaders/InMemoryResourceLoader
instanceKlass amf/custom/validation/internal/report/loaders/ProfileDialectLoader$
instanceKlass org/mulesoft/amfintegration/dialect/integration/BaseAlsDefinitionsProvider$$anon$1
instanceKlass org/mulesoft/amfintegration/dialect/InMemoryDocument
instanceKlass org/mulesoft/amfintegration/dialect/integration/BaseAlsDefinitionsProvider$
instanceKlass scala/util/Try$
instanceKlass scala/runtime/java8/JFunction0$mcV$sp
instanceKlass scala/concurrent/BlockContext$DefaultBlockContext$
instanceKlass scala/concurrent/BlockContext$
instanceKlass scala/concurrent/BatchingExecutor$Batch
instanceKlass scala/concurrent/impl/CallbackRunnable
instanceKlass scala/concurrent/OnCompleteRunnable
instanceKlass scala/concurrent/Future$InternalCallbackExecutor$
instanceKlass scala/concurrent/BatchingExecutor
instanceKlass scala/concurrent/impl/Promise$KeptPromise$Successful
instanceKlass scala/concurrent/impl/Promise$KeptPromise$Kept
instanceKlass scala/concurrent/impl/Promise
instanceKlass scala/concurrent/Future
instanceKlass scala/concurrent/Awaitable
instanceKlass scala/concurrent/impl/Promise$
instanceKlass scala/concurrent/impl/Promise$KeptPromise$
instanceKlass scala/concurrent/Promise
instanceKlass scala/concurrent/Promise$
instanceKlass scala/util/Try
instanceKlass scala/concurrent/Future$
instanceKlass amf/aml/internal/transform/pipelines/DefaultAMLTransformationPipeline
instanceKlass amf/aml/internal/transform/pipelines/DefaultAMLTransformationPipeline$
instanceKlass amf/aml/internal/annotations/JsonPointerRef$
instanceKlass amf/aml/internal/annotations/RefInclude$
instanceKlass amf/aml/internal/annotations/CustomBase$
instanceKlass amf/aml/internal/annotations/CustomId$
instanceKlass amf/aml/internal/annotations/AliasesLocation$
instanceKlass amf/aml/internal/entities/AMLEntities$
instanceKlass amf/aml/internal/registries/AMLRegistry$
instanceKlass amf/core/client/scala/AMFGraphElementClient
instanceKlass amf/core/client/scala/AMFGraphBaseUnitClient
instanceKlass amf/core/client/scala/model/document/BaseUnit
instanceKlass amf/core/internal/metamodel/MetaModelTypeMapping
instanceKlass amf/aml/internal/validate/DialectEnumValidationPlugin$
instanceKlass amf/aml/internal/validate/AMLValidationPlugin$
instanceKlass amf/aml/internal/validate/AMLValidationPlugin
instanceKlass amf/aml/internal/render/plugin/AMLVocabularyRenderingPlugin
instanceKlass amf/aml/internal/render/emitters/instances/NodeMappableFinder
instanceKlass amf/aml/client/scala/model/document/kind/package$AMLDocumentKind
instanceKlass amf/aml/internal/render/plugin/AMLDialectRenderingPlugin
instanceKlass amf/core/internal/plugins/render/SYAMLBasedRenderPlugin
instanceKlass amf/aml/internal/parse/plugin/AMLVocabularyParsingPlugin
instanceKlass amf/core/internal/plugins/syntax/SYamlBasedErrorHandler
instanceKlass org/yaml/model/IllegalTypeHandler
instanceKlass amf/core/internal/datanode/DataNodeParserContext
instanceKlass amf/aml/internal/parse/common/SyntaxErrorReporter
instanceKlass amf/aml/internal/parse/common/DeclarationContext
instanceKlass amf/aml/internal/parse/dialects/DialectSyntax
instanceKlass amf/core/client/scala/parse/document/ParserContext
instanceKlass amf/core/client/scala/parse/document/UnresolvedComponents
instanceKlass amf/core/client/scala/parse/document/ErrorHandlingContext
instanceKlass amf/aml/internal/parse/plugin/AMLDialectParsingPlugin
instanceKlass amf/aml/internal/metamodel/document/DialectInstanceLibraryModel$
instanceKlass amf/aml/internal/metamodel/document/DialectInstanceFragmentModel$
instanceKlass amf/aml/internal/metamodel/document/DialectInstancePatchModel$
instanceKlass amf/core/internal/metamodel/document/ExtensionLikeModel
instanceKlass amf/aml/internal/metamodel/document/DialectInstanceProcessingDataModel$
instanceKlass amf/aml/internal/metamodel/document/DialectInstanceModel$
instanceKlass amf/aml/internal/metamodel/document/DialectInstanceUnitModel
instanceKlass amf/aml/internal/metamodel/document/DialectLibraryModel$
instanceKlass amf/aml/internal/metamodel/document/DialectFragmentModel$
instanceKlass amf/aml/internal/metamodel/document/DialectModel$
instanceKlass amf/aml/internal/metamodel/document/VocabularyModel$
instanceKlass amf/aml/internal/metamodel/document/ExternalContextModel
instanceKlass amf/aml/internal/metamodel/domain/SemanticExtensionModel$
instanceKlass amf/aml/internal/metamodel/domain/AnnotationMappingModel$
instanceKlass amf/aml/internal/metamodel/domain/VocabularyReferenceModel$
instanceKlass amf/aml/internal/metamodel/domain/DocumentsModelModel$
instanceKlass amf/aml/internal/metamodel/domain/DocumentMappingModel$
instanceKlass amf/aml/internal/metamodel/domain/PublicNodeMappingModel$
instanceKlass amf/aml/internal/metamodel/domain/AnyMappingModel$
instanceKlass amf/aml/internal/metamodel/domain/UnionNodeMappingModel$
instanceKlass amf/aml/internal/metamodel/domain/PropertyTermModel
instanceKlass amf/core/internal/metamodel/Type$Any$
instanceKlass amf/aml/internal/metamodel/domain/PropertyMappingModel$
instanceKlass amf/aml/internal/metamodel/domain/PropertyLikeMappingModel
instanceKlass amf/aml/internal/metamodel/domain/NodeWithDiscriminatorModel
instanceKlass amf/aml/internal/metamodel/domain/HasObjectRangeModel
instanceKlass amf/aml/internal/metamodel/domain/NodeMappingModel$
instanceKlass amf/core/internal/metamodel/domain/ClosedModel
instanceKlass amf/aml/internal/metamodel/domain/AnyMappingModel
instanceKlass amf/aml/internal/metamodel/domain/NodeMappableModel
instanceKlass amf/aml/internal/metamodel/domain/MergeableMappingModel
instanceKlass amf/aml/internal/metamodel/domain/ExternalModel$
instanceKlass amf/aml/internal/metamodel/domain/ClassTermModel$
instanceKlass amf/aml/internal/utils/VocabulariesRegister$
instanceKlass amf/core/internal/transform/pipelines/BasicTransformationPipeline
instanceKlass amf/core/client/common/transform/PipelineId$
instanceKlass amf/core/internal/transform/pipelines/BasicTransformationPipeline$
instanceKlass amf/core/internal/plugins/validation/AMFValidatePlugin
instanceKlass org/yaml/model/YNodeLike
instanceKlass org/yaml/model/YValueLike
instanceKlass org/yaml/model/YPart
instanceKlass org/mulesoft/common/client/lexical/ASTElement
instanceKlass amf/core/internal/plugins/syntax/SyamlSyntaxRenderPlugin$
instanceKlass amf/core/client/scala/render/AMFSyntaxRenderPlugin
instanceKlass org/yaml/parser/YParser
instanceKlass org/yaml/model/ParseErrorHandler
instanceKlass amf/core/client/scala/parse/document/ParsedDocument
instanceKlass amf/core/internal/plugins/syntax/SyamlSyntaxParsePlugin
instanceKlass amf/core/internal/plugins/syntax/SyamlSyntaxBasePlugin
instanceKlass amf/core/client/scala/parse/AMFSyntaxParsePlugin
instanceKlass amf/core/internal/plugins/syntax/ASTBuilder
instanceKlass amf/core/internal/plugins/render/AMFGraphRenderPlugin$
instanceKlass amf/core/internal/plugins/render/AMFGraphRenderPlugin
instanceKlass amf/core/internal/plugins/render/AMFRenderPlugin
instanceKlass amf/core/internal/remote/AgentGraph$
instanceKlass amf/core/internal/remote/LLMMetadata$
instanceKlass amf/core/internal/remote/AgentMetadata$
instanceKlass amf/core/internal/remote/OtherCard$
instanceKlass amf/core/internal/remote/AgentCard$
instanceKlass amf/core/internal/remote/AgentNetwork$
instanceKlass amf/core/internal/remote/Mcp$
instanceKlass amf/core/internal/remote/JsonLDSchema$
instanceKlass amf/core/internal/remote/JsonSchemaDialect$
instanceKlass amf/core/internal/remote/GraphQLFederation$
instanceKlass amf/core/internal/remote/GraphQL$
instanceKlass amf/core/internal/remote/Grpc$
instanceKlass amf/core/internal/remote/AvroSchema$
instanceKlass amf/core/internal/remote/JsonSchema$
instanceKlass amf/core/internal/remote/Aml$
instanceKlass amf/core/internal/remote/Payload$
instanceKlass amf/core/internal/remote/Amf$
instanceKlass amf/core/internal/remote/AsyncApi26$
instanceKlass amf/core/internal/remote/AsyncApi25$
instanceKlass amf/core/internal/remote/AsyncApi24$
instanceKlass amf/core/internal/remote/AsyncApi23$
instanceKlass amf/core/internal/remote/AsyncApi22$
instanceKlass amf/core/internal/remote/AsyncApi21$
instanceKlass amf/core/internal/remote/AsyncApi20$
instanceKlass amf/core/internal/remote/Async
instanceKlass amf/core/internal/remote/AwsOas30$
instanceKlass amf/core/internal/remote/Oas31$
instanceKlass amf/core/internal/remote/Oas30$
instanceKlass amf/core/internal/remote/Oas20$
instanceKlass amf/core/internal/remote/Oas
instanceKlass amf/core/internal/remote/Raml10$
instanceKlass amf/core/internal/remote/Mimes$
instanceKlass amf/core/internal/remote/Raml08$
instanceKlass amf/core/internal/remote/Raml
instanceKlass amf/core/internal/remote/Spec
instanceKlass amf/core/internal/remote/Spec$
instanceKlass amf/core/client/scala/parse/document/ReferenceHandler
instanceKlass amf/core/client/common/PluginPriority
instanceKlass amf/core/internal/plugins/parse/AMFGraphParsePlugin
instanceKlass amf/core/client/scala/adoption/DefaultIdAdopterProvider
instanceKlass amf/core/client/common/render/JsonSchemaDraft201909$
instanceKlass amf/core/client/common/render/JsonSchemaDraft7$
instanceKlass amf/core/client/common/render/JsonSchemaDraft4$
instanceKlass amf/core/client/common/render/Unspecified$
instanceKlass amf/core/client/common/render/JSONSchemaVersion
instanceKlass amf/core/client/common/render/JSONSchemaVersions$
instanceKlass scala/runtime/AbstractFunction18
instanceKlass scala/Function18
instanceKlass amf/core/internal/plugins/document/graph/GraphSerialization
instanceKlass amf/core/internal/plugins/document/graph/JsonLdDocumentForm
instanceKlass amf/core/client/scala/config/RenderOptions
instanceKlass scala/runtime/AbstractFunction8
instanceKlass scala/Function8
instanceKlass amf/core/client/scala/config/ParsingOptions
instanceKlass amf/core/client/scala/config/AMFOptions
instanceKlass amf/core/client/scala/config/AMFOptions$
instanceKlass amf/core/internal/annotations/VirtualElement$
instanceKlass amf/core/internal/annotations/NullSecurity$
instanceKlass amf/core/internal/annotations/ResolvedLinkAnnotation$
instanceKlass amf/core/internal/annotations/DataNodePropertiesAnnotations$
instanceKlass amf/core/internal/annotations/DefaultNode$
instanceKlass amf/core/internal/annotations/SynthesizedField$
instanceKlass amf/core/internal/annotations/Aliases$
instanceKlass amf/core/internal/annotations/SingleValueArray$
instanceKlass amf/core/internal/annotations/BasePathLexicalInformation$
instanceKlass amf/core/internal/annotations/HostLexicalInformation$
instanceKlass amf/core/internal/annotations/LexicalInformation$
instanceKlass amf/core/client/scala/model/domain/AnnotationGraphLoader
instanceKlass amf/core/internal/annotations/serializable/SerializableAnnotations
instanceKlass scala/runtime/ObjectRef
instanceKlass scala/collection/package$WrappedCanBuildFrom
instanceKlass amf/core/internal/plugins/document/graph/entities/DataNodeEntities$
instanceKlass scala/collection/immutable/VM
instanceKlass scala/collection/immutable/HashMap$Merger
instanceKlass scala/collection/generic/BitOperations$Int
instanceKlass scala/collection/immutable/HashMap$HashMapBuilder
instanceKlass scala/collection/immutable/Map$MapBuilderImpl
instanceKlass amf/core/internal/metamodel/domain/RecursiveShapeModel$
instanceKlass amf/core/internal/entities/CoreEntities$
instanceKlass amf/core/internal/entities/Entities
instanceKlass amf/core/internal/registries/domain/EntitiesRegistry
instanceKlass amf/core/internal/registries/domain/EntitiesRegistry$
instanceKlass amf/core/internal/registries/PluginsRegistry
instanceKlass amf/core/internal/plugins/parse/ExternalFragmentDomainFallback
instanceKlass amf/core/internal/plugins/parse/DomainParsingFallback
instanceKlass amf/core/internal/registries/PluginsRegistry$
instanceKlass amf/core/internal/registries/AMFRegistry
instanceKlass amf/core/internal/registries/AMFRegistry$
instanceKlass amf/core/client/scala/errorhandling/AMFErrorHandler
instanceKlass amf/core/client/scala/errorhandling/DefaultErrorHandlerProvider$
instanceKlass amf/core/client/scala/execution/ExecutionEnvironment
instanceKlass amf/core/client/scala/execution/ExecutionEnvironment$
instanceKlass amf/core/internal/resource/AMFResolvers
instanceKlass amf/core/internal/resource/AMFResolvers$
instanceKlass amf/core/client/scala/BaseAMFConfigurationSetter
instanceKlass amf/core/internal/metamodel/domain/templates/VariableValueModel$
instanceKlass amf/core/internal/metamodel/domain/ArrayNodeModel$
instanceKlass amf/core/internal/metamodel/domain/LinkNodeModel$
instanceKlass amf/core/internal/metamodel/domain/ScalarNodeModel$
instanceKlass amf/core/internal/metamodel/domain/ObjectNodeModel$
instanceKlass amf/core/internal/metamodel/domain/ObjectNodeModel
instanceKlass amf/core/internal/metamodel/domain/extensions/PropertyShapePathModel$
instanceKlass amf/core/internal/metamodel/domain/extensions/PropertyShapeModel$
instanceKlass amf/core/internal/metamodel/domain/extensions/ShapeExtensionModel$
instanceKlass amf/core/internal/metamodel/domain/extensions/DomainExtensionModel$
instanceKlass amf/core/internal/metamodel/domain/extensions/DomainExtensionModel
instanceKlass amf/core/internal/metamodel/domain/LinkableElementModel$
instanceKlass amf/core/internal/metamodel/domain/DataNodeModel$
instanceKlass amf/core/internal/metamodel/domain/common/NameFieldSchema
instanceKlass amf/core/internal/metamodel/domain/federation/FederationMetadataModel$
instanceKlass amf/core/client/scala/model/domain/federation/FederationMetadata
instanceKlass amf/core/client/scala/model/domain/DomainElement
instanceKlass amf/core/client/scala/model/domain/CustomizableElement
instanceKlass amf/core/internal/metamodel/domain/federation/ShapeFederationMetadataModel$
instanceKlass amf/core/internal/metamodel/domain/federation/FederationMetadataModel
instanceKlass amf/core/internal/metamodel/domain/ShapeModel$
instanceKlass amf/core/internal/metamodel/domain/ShapeModel
instanceKlass amf/core/internal/metamodel/domain/federation/HasShapeFederationMetadataModel
instanceKlass amf/core/internal/metamodel/domain/federation/HasFederationMetadataModel
instanceKlass amf/core/internal/metamodel/domain/LinkableElementModel
instanceKlass amf/core/internal/metamodel/domain/ExternalModelVocabularies$
instanceKlass amf/core/internal/metamodel/domain/extensions/CustomDomainPropertyModel$
instanceKlass amf/core/internal/metamodel/domain/common/DescribedElementModel
instanceKlass amf/core/internal/metamodel/domain/common/DisplayNameField
instanceKlass amf/core/internal/metamodel/domain/templates/KeyField
instanceKlass amf/core/internal/metamodel/domain/ExternalDomainElementModel$
instanceKlass amf/core/internal/metamodel/document/ExternalFragmentModel$
instanceKlass amf/core/internal/metamodel/document/FragmentModel$
instanceKlass amf/core/internal/metamodel/document/DocumentModel$
instanceKlass amf/core/internal/metamodel/document/DocumentModel
instanceKlass amf/core/internal/metamodel/document/FragmentModel
instanceKlass amf/core/internal/metamodel/document/SourceMapModel$
instanceKlass amf/core/internal/metamodel/domain/DomainElementModel$
instanceKlass amf/core/internal/metamodel/domain/DomainElementModel
instanceKlass amf/core/internal/metamodel/document/LocationInformationModel$
instanceKlass amf/core/internal/metamodel/document/BaseUnitSourceInformationModel$
instanceKlass amf/core/internal/metamodel/document/BaseUnitProcessingDataModel$
instanceKlass amf/core/internal/metamodel/document/BaseUnitProcessingDataModel
instanceKlass amf/core/internal/metamodel/document/BaseUnitModel$
instanceKlass amf/core/internal/metamodel/Type$ArrayLike
instanceKlass scala/runtime/AbstractFunction6
instanceKlass scala/Function6
instanceKlass amf/core/client/scala/vocabulary/ValueType
instanceKlass amf/core/client/scala/vocabulary/ValueType$
instanceKlass amf/core/internal/metamodel/Type$Scalar
instanceKlass amf/core/internal/metamodel/Field
instanceKlass amf/core/client/scala/vocabulary/NamespaceAliases
instanceKlass scala/Function2
instanceKlass scala/collection/mutable/MapBuilder
instanceKlass scala/Predef$ArrowAssoc$
instanceKlass scala/collection/immutable/HasForeachEntry
instanceKlass amf/core/client/scala/vocabulary/NamespaceAliases$
instanceKlass amf/core/client/scala/vocabulary/Namespace
instanceKlass amf/core/client/scala/vocabulary/Namespace$
instanceKlass amf/core/internal/metamodel/domain/ModelVocabulary
instanceKlass amf/core/internal/metamodel/domain/ModelVocabularies$
instanceKlass scala/runtime/AbstractFunction4
instanceKlass scala/Function4
instanceKlass amf/core/internal/metamodel/domain/ModelDoc
instanceKlass amf/core/internal/metamodel/document/ModuleModel$
instanceKlass amf/core/internal/metamodel/document/ModuleModel
instanceKlass amf/core/internal/metamodel/document/BaseUnitModel
instanceKlass amf/core/internal/metamodel/ModelDefaultBuilder
instanceKlass amf/core/internal/convert/CoreClientConverters$
instanceKlass amf/core/client/platform/model/AmfObjectWrapper
instanceKlass amf/core/client/platform/model/Annotable
instanceKlass amf/core/internal/metamodel/Obj
instanceKlass amf/core/internal/metamodel/Type
instanceKlass amf/core/internal/convert/CoreRegister$
instanceKlass amf/core/internal/convert/UniqueInitializer
instanceKlass amf/core/client/scala/parse/AMFParsePlugin
instanceKlass amf/core/internal/plugins/AMFPlugin
instanceKlass amf/core/client/scala/AMFGraphConfiguration$
instanceKlass amf/core/client/scala/transform/TransformationPipeline
instanceKlass amf/core/client/scala/errorhandling/ErrorHandlerProvider
instanceKlass amf/core/client/scala/adoption/IdAdopterProvider
instanceKlass amf/aml/client/scala/AMLConfiguration$
instanceKlass org/mulesoft/amfintegration/amfconfiguration/EditorConfiguration
instanceKlass org/mulesoft/amfintegration/amfconfiguration/EditorConfigurationProvider
instanceKlass org/mulesoft/als/server/textsync/TextDocumentContainer
instanceKlass org/mulesoft/als/server/textsync/EnvironmentProvider
instanceKlass org/mulesoft/als/server/textsync/TextDocumentSyncBuilder
instanceKlass org/mulesoft/anypoint/server/scala/modules/configuration/notifier/ExchangeConfigurationNotifierType$
instanceKlass org/mulesoft/lsp/ConfigType
instanceKlass org/mulesoft/anypoint/server/scala/modules/configuration/notifier/ExchangeConfigurationNotifier
instanceKlass org/mulesoft/anypoint/server/scala/modules/configuration/notifier/ExchangeConfigurationListener
instanceKlass org/mulesoft/als/server/modules/project/NewConfigurationListener
instanceKlass org/mulesoft/anypoint/server/platform/ExchangeDirectoryResolverWrapper
instanceKlass org/mulesoft/anypoint/server/scala/workspace/APBProjectConfigurationProvider
instanceKlass org/mulesoft/als/server/workspace/ProjectConfigurationProvider
instanceKlass org/mulesoft/anypoint/server/scala/feature/genai/ATEnablement$
instanceKlass scala/collection/mutable/FlatHashTable$
instanceKlass scala/collection/mutable/FlatHashTable
instanceKlass scala/collection/mutable/FlatHashTable$HashUtils
instanceKlass scala/collection/mutable/Set
instanceKlass scala/collection/mutable/SetLike
instanceKlass org/mulesoft/als/actions/codeactions/plugins/CustomCodeActions$
instanceKlass scala/collection/immutable/Set$SetBuilderImpl
instanceKlass org/mulesoft/anypoint/codeactions/AgentTopicCodeAction$
instanceKlass org/mulesoft/als/actions/codeactions/plugins/base/CodeActionResponsePlugin
instanceKlass org/mulesoft/als/actions/codeactions/plugins/base/CodeActionPlugin
instanceKlass org/mulesoft/lsp/feature/telemetry/TelemeteredTask
instanceKlass org/mulesoft/anypoint/codeactions/RootAgentTopicCodeAction$
instanceKlass org/mulesoft/anypoint/codeactions/RefactorAgentTopicKind
instanceKlass org/mulesoft/als/actions/codeactions/plugins/base/CodeActionFactory
instanceKlass org/mulesoft/als/actions/codeactions/plugins/CodeActionKindTitle
instanceKlass org/mulesoft/anypoint/codeactions/CustomCodeActionPlugins$
instanceKlass org/mulesoft/als/server/lsp4j/extension/JvmSerializationRequestType$
instanceKlass org/mulesoft/als/server/lsp4j/WorkspaceServiceImpl
instanceKlass org/mulesoft/als/server/lsp4j/LanguageServerImpl
instanceKlass org/mulesoft/als/configuration/DirectoryResolverAdapter$$anon$1
instanceKlass org/mulesoft/als/configuration/DirectoryResolverAdapter$
instanceKlass org/mulesoft/als/server/ALSConverters$DirectoryResolverConverter$
instanceKlass org/mulesoft/anypoint/platform/PlatformDirectoryResolver$$anon$1
instanceKlass org/mulesoft/als/configuration/ClientDirectoryResolver
instanceKlass org/mulesoft/anypoint/platform/PlatformDirectoryResolver$
instanceKlass scala/Product2$mcJD$sp
instanceKlass scala/Product2$mcID$sp
instanceKlass scala/Product2$mcII$sp
instanceKlass scala/Product2$mcIJ$sp
instanceKlass scala/Product2$mcJJ$sp
instanceKlass scala/Product2$mcJI$sp
instanceKlass scala/Product2$mcDI$sp
instanceKlass scala/Product2$mcDJ$sp
instanceKlass scala/Product2$mcDD$sp
instanceKlass scala/Tuple2
instanceKlass scala/Product2
instanceKlass scala/collection/mutable/ArrayOps$ofRef$
instanceKlass scala/Enumeration$ValueOrdering$
instanceKlass scala/Enumeration$ValueSet$
instanceKlass scala/collection/immutable/SortedSet
instanceKlass scala/collection/SortedSet
instanceKlass scala/collection/SortedSetLike
instanceKlass scala/collection/generic/Sorted
instanceKlass scala/collection/mutable/ArrayOps$ofRef
instanceKlass scala/collection/mutable/ArrayOps
instanceKlass scala/Array$$anon$11
instanceKlass scala/Array$$anon$10
instanceKlass scala/Array$$anon$9
instanceKlass scala/Array$$anon$8
instanceKlass scala/Array$$anon$7
instanceKlass scala/Array$$anon$6
instanceKlass scala/Array$$anon$5
instanceKlass scala/Array$$anon$4
instanceKlass scala/Array$$anon$3
instanceKlass scala/Array$$anon$2
instanceKlass scala/reflect/ClassTag$GenericClassTag
instanceKlass scala/FallbackArrayBuilding
instanceKlass scala/runtime/RichInt$
instanceKlass scala/runtime/ScalaRunTime$
instanceKlass scala/collection/mutable/ResizableArray
instanceKlass scala/collection/mutable/WrappedArray$$anon$10
instanceKlass scala/reflect/ClassTag$
instanceKlass scala/collection/mutable/WrappedArray$$anon$9
instanceKlass scala/collection/mutable/WrappedArray$$anon$8
instanceKlass scala/collection/mutable/WrappedArray$$anon$7
instanceKlass scala/collection/mutable/WrappedArray$$anon$6
instanceKlass scala/collection/mutable/WrappedArray$$anon$5
instanceKlass scala/collection/mutable/WrappedArray$$anon$4
instanceKlass scala/collection/mutable/WrappedArray$$anon$3
instanceKlass scala/collection/mutable/WrappedArray$$anon$2
instanceKlass scala/collection/mutable/WrappedArray$$anon$1
instanceKlass scala/collection/mutable/IndexedSeqView
instanceKlass scala/collection/mutable/WrappedArray$
instanceKlass org/mulesoft/als/logger/LogMessage
instanceKlass scala/collection/mutable/DefaultEntry
instanceKlass scala/util/hashing/package$
instanceKlass scala/runtime/Statics
instanceKlass scala/Enumeration$Value
instanceKlass scala/Enumeration
instanceKlass org/mulesoft/als/logger/EmptyLogger$
instanceKlass org/mulesoft/als/logger/AbstractLogger
instanceKlass org/mulesoft/als/logger/Logger$
instanceKlass org/mulesoft/lsp/feature/telemetry/TelemetryProvider
instanceKlass org/mulesoft/anypoint/server/CachePath$
instanceKlass scala/runtime/BoxedUnit
instanceKlass org/mulesoft/als/suggestions/plugins/aml/pathnavigation/FilterCurrentFile$
instanceKlass org/mulesoft/als/suggestions/plugins/aml/pathnavigation/FilterSupportedTypes$
instanceKlass org/mulesoft/als/suggestions/plugins/aml/pathnavigation/PathCompletion
instanceKlass org/mulesoft/als/suggestions/plugins/aml/pathnavigation/FileCompletionFilters$
instanceKlass org/mulesoft/anypoint/suggestions/utils/FilterExchangeModulesCache$
instanceKlass org/mulesoft/anypoint/suggestions/utils/FilterHiddenFiles$
instanceKlass org/mulesoft/als/suggestions/plugins/aml/pathnavigation/PredicateParams
instanceKlass org/mulesoft/anypoint/suggestions/utils/FilterDescriptor$
instanceKlass org/mulesoft/anypoint/suggestions/utils/AnypointFileCompletionFilters$
instanceKlass org/mulesoft/anypoint/suggestions/ExchangeJsonDependenciesCompletionPlugin$
instanceKlass org/mulesoft/amfintegration/vocabularies/jsonschema/agentnetwork/AgentNetworkVocabulary$
instanceKlass org/mulesoft/anypoint/suggestions/ExchangeJsonMetadataVariablesCompletionPlugin$
instanceKlass org/mulesoft/anypoint/suggestions/utils/AgentNetworkKnowledge
instanceKlass org/mulesoft/als/suggestions/plugins/jsonschema/JsonSchemaBaseCompletionPlugin
instanceKlass org/mulesoft/anypoint/suggestions/AgentTopicCompletionPlugin$
instanceKlass org/mulesoft/anypoint/genai/GenaiKnowledge
instanceKlass org/mulesoft/apb/project/client/scala/dependency/Dependency
instanceKlass org/mulesoft/anypoint/suggestions/ExchangeModulesCompletionPlugin$
instanceKlass org/mulesoft/als/suggestions/interfaces/AMLCompletionPlugin
instanceKlass org/mulesoft/als/suggestions/interfaces/AmfObjectKnowledge
instanceKlass org/mulesoft/als/suggestions/interfaces/CompletionPlugin
instanceKlass org/mulesoft/als/suggestions/CustomBaseCompletionPlugins$
instanceKlass org/mulesoft/anypoint/server/scala/LanguageServerFactory$$anon$1
instanceKlass org/mulesoft/exceptions/DummyPathTweaker$
instanceKlass org/mulesoft/exceptions/PathTweaks$
instanceKlass org/mulesoft/anypoint/server/scala/LanguageServerFactory$
instanceKlass org/mulesoft/apb/project/internal/convert/APBProjectConverters$InternalDependencyFetcherAdapter
instanceKlass org/mulesoft/als/server/ALSConverters$
instanceKlass org/mulesoft/als/server/ALSClientConverter
instanceKlass org/mulesoft/als/server/ALSConverters
instanceKlass org/mulesoft/als/server/ClientLoggerConverter
instanceKlass org/mulesoft/als/server/modules/ast/WorkspaceContentListener
instanceKlass org/mulesoft/als/server/modules/ast/AstListener
instanceKlass org/mulesoft/als/server/protocol/textsync/AlsTextDocumentSyncConsumer
instanceKlass org/mulesoft/lsp/textsync/TextDocumentSyncConsumer
instanceKlass org/mulesoft/als/common/DirectoryResolver
instanceKlass org/mulesoft/als/server/modules/configuration/ConfigurationProvider
instanceKlass org/mulesoft/exceptions/PathTweaker
instanceKlass org/mulesoft/amfintegration/platform/AlsPlatformSecrets$SecuredLoader
instanceKlass scala/runtime/AbstractFunction1
instanceKlass amf/core/client/platform/resource/BaseHttpResourceLoader
instanceKlass amf/core/client/platform/resource/FileResourceLoader
instanceKlass amf/core/client/platform/resource/LoaderWithExecutionContext
instanceKlass amf/core/client/platform/resource/BaseFileResourceLoader
instanceKlass amf/core/internal/resource/InternalResourceLoaderAdapter
instanceKlass org/mulesoft/amfintegration/platform/AlsPlatformSecrets$$anon$1
instanceKlass org/mulesoft/amfintegration/amfconfiguration/EditorConfiguration$
instanceKlass org/mulesoft/amfintegration/platform/AlsPlatformSecrets
instanceKlass org/mulesoft/als/server/SerializationProps$$anon$1
instanceKlass org/mulesoft/als/server/EmptySerializationProps$$anon$2
instanceKlass org/yaml/builder/DocBuilder
instanceKlass org/mulesoft/lsp/feature/RequestType
instanceKlass amf/custom/validation/client/ProfileValidatorWebBuilder$
instanceKlass org/mulesoft/als/server/client/scala/LanguageServerFactory$
instanceKlass org/mulesoft/als/server/RequestModule
instanceKlass amf/custom/validation/client/scala/BaseProfileValidatorBuilder
instanceKlass org/mulesoft/lsp/InitializableModule
instanceKlass org/mulesoft/lsp/Initializable
instanceKlass org/mulesoft/lsp/ConfigHandler
instanceKlass org/mulesoft/als/server/modules/diagnostic/DiagnosticNotificationsKind
instanceKlass org/mulesoft/apb/project/internal/convert/APBProjectConverters$ClientDependencyFetcherAdapter
instanceKlass org/mulesoft/apb/project/internal/convert/APBProjectConverters$DependencyFetcherConverter$
instanceKlass scala/concurrent/BlockContext
instanceKlass scala/concurrent/impl/ExecutionContextImpl$DefaultThreadFactory
instanceKlass scala/concurrent/impl/ExecutionContextImpl$$anon$3
instanceKlass java/lang/StrictMath
instanceKlass scala/collection/immutable/StringOps$
instanceKlass scala/collection/immutable/StringOps
instanceKlass scala/collection/immutable/StringLike
instanceKlass scala/Predef$$anon$1
instanceKlass scala/reflect/NoManifest$
instanceKlass scala/reflect/ManifestFactory$ClassTypeManifest
instanceKlass scala/runtime/Null$
instanceKlass scala/collection/mutable/ArrayBuilder
instanceKlass scala/reflect/AnyValManifest
instanceKlass scala/reflect/Manifest
instanceKlass scala/reflect/ManifestFactory$
instanceKlass scala/reflect/ClassTag
instanceKlass scala/reflect/ClassManifestDeprecatedApis
instanceKlass scala/reflect/OptManifest
instanceKlass scala/reflect/ClassManifestFactory$
instanceKlass scala/reflect/package$
instanceKlass scala/collection/generic/GenSetFactory$$anon$1
instanceKlass scala/collection/immutable/Set
instanceKlass scala/util/Right$
instanceKlass scala/util/Left$
instanceKlass scala/util/Either$
instanceKlass scala/math/Ordering$Int$
instanceKlass scala/math/Ordering$IntOrdering
instanceKlass scala/math/Ordering$Reverse
instanceKlass scala/math/Ordering$
instanceKlass scala/math/LowPriorityOrderingImplicits
instanceKlass scala/math/Ordered$
instanceKlass scala/math/Numeric$
instanceKlass scala/math/Integral$
instanceKlass scala/math/Fractional$
instanceKlass scala/math/Equiv$
instanceKlass scala/math/LowPriorityEquiv
instanceKlass scala/math/Ordered
instanceKlass scala/math/ScalaNumericConversions
instanceKlass scala/math/ScalaNumericAnyConversions
instanceKlass scala/math/BigInt$
instanceKlass scala/math/BigDecimal$
instanceKlass scala/collection/immutable/Range$
instanceKlass scala/collection/mutable/StringBuilder$
instanceKlass scala/math/package$
instanceKlass scala/collection/immutable/VectorPointer
instanceKlass scala/collection/immutable/IndexedSeq
instanceKlass scala/collection/immutable/Stream$$hash$colon$colon$
instanceKlass scala/collection/$colon$plus$
instanceKlass scala/collection/$plus$colon$
instanceKlass scala/collection/immutable/$colon$colon$
instanceKlass scala/collection/BufferedIterator
instanceKlass scala/collection/AbstractIterator
instanceKlass scala/collection/TraversableOnce$BufferedCanBuildFrom
instanceKlass scala/collection/Iterator$
instanceKlass scala/runtime/BoxesRunTime
instanceKlass scala/runtime/java8/JFunction0$mcZ$sp
instanceKlass scala/sys/package$
instanceKlass scala/sys/PropImpl
instanceKlass scala/sys/BooleanProp
instanceKlass scala/sys/Prop
instanceKlass scala/sys/BooleanProp$
instanceKlass scala/sys/SystemProperties$
instanceKlass scala/util/control/NoStackTrace$
instanceKlass scala/util/control/Breaks$TryBlock
instanceKlass scala/util/control/Breaks
instanceKlass scala/package$$anon$1
instanceKlass scala/Specializable
instanceKlass scala/package$
instanceKlass scala/Predef$$eq$colon$eq
instanceKlass scala/Predef$$less$colon$less
instanceKlass scala/collection/mutable/ArrayLike
instanceKlass scala/collection/mutable/IndexedSeqOptimized
instanceKlass scala/collection/IndexedSeqOptimized
instanceKlass scala/collection/mutable/IndexedSeq
instanceKlass scala/collection/mutable/IndexedSeqLike
instanceKlass scala/collection/IndexedSeq
instanceKlass scala/collection/IndexedSeqLike
instanceKlass scala/LowPriorityImplicits
instanceKlass scala/DeprecatedPredef
instanceKlass scala/runtime/RichDouble$
instanceKlass scala/Option$
instanceKlass scala/concurrent/ExecutionContext$
instanceKlass scala/concurrent/ExecutionContextExecutorService
instanceKlass scala/concurrent/impl/ExecutionContextImpl
instanceKlass scala/concurrent/ExecutionContextExecutor
instanceKlass scala/concurrent/impl/ExecutionContextImpl$
instanceKlass scala/concurrent/ExecutionContext
instanceKlass scala/concurrent/ExecutionContext$Implicits$
instanceKlass org/mulesoft/common/io/SyncFile
instanceKlass org/mulesoft/common/io/FileProto
instanceKlass org/mulesoft/common/io/File
instanceKlass org/mulesoft/common/io/Fs$
instanceKlass scala/collection/generic/GenMapFactory$MapCanBuildFrom
instanceKlass scala/collection/generic/GenMapFactory
instanceKlass amf/core/client/platform/resource/ResourceLoader
instanceKlass org/mulesoft/common/io/FileSystem
instanceKlass amf/core/client/scala/model/domain/AmfObject
instanceKlass amf/core/client/scala/model/domain/AmfElement
instanceKlass amf/core/internal/remote/JvmPlatform
instanceKlass amf/core/internal/unsafe/PlatformBuilder$
instanceKlass amf/core/internal/remote/Platform
instanceKlass amf/core/internal/remote/FileMediaType
instanceKlass org/mulesoft/apb/project/internal/convert/APBProjectConverters$
instanceKlass org/mulesoft/apb/project/internal/convert/APBProjectConverters
instanceKlass amf/apicontract/internal/convert/ApiBaseClientConverter
instanceKlass amf/core/internal/convert/CoreBaseClientConverter
instanceKlass amf/apicontract/internal/convert/ApiBaseConverter
instanceKlass amf/apicontract/internal/convert/GooglePubSubSchemaSettingsConverter
instanceKlass amf/apicontract/internal/convert/GooglePubSubMessageStoragePolicyConverter
instanceKlass amf/apicontract/internal/convert/GooglePubSubChannelBinding020Converter
instanceKlass amf/apicontract/internal/convert/GooglePubSubChannelBinding010Converter
instanceKlass amf/apicontract/internal/convert/GooglePubSubChannelBindingConverter
instanceKlass amf/apicontract/internal/convert/GooglePubSubSchemaDefinition020Converter
instanceKlass amf/apicontract/internal/convert/GooglePubSubSchemaDefinition010Converter
instanceKlass amf/apicontract/internal/convert/GooglePubSubSchemaDefinitionConverter
instanceKlass amf/apicontract/internal/convert/GooglePubSubMessageBinding020Converter
instanceKlass amf/apicontract/internal/convert/GooglePubSubMessageBinding010Converter
instanceKlass amf/apicontract/internal/convert/GooglePubSubMessageBindingConverter
instanceKlass amf/apicontract/internal/convert/PulsarChannelRetentionConverter
instanceKlass amf/apicontract/internal/convert/PulsarChannelBindingConverter
instanceKlass amf/apicontract/internal/convert/PulsarServerBindingConverter
instanceKlass amf/apicontract/internal/convert/EndpointFederationMetadataConverter
instanceKlass amf/apicontract/internal/convert/ParameterFederationMetadataConverter
instanceKlass amf/apicontract/internal/convert/ComponentModuleConverter
instanceKlass amf/apicontract/internal/convert/ParameterKeyMappingConverter
instanceKlass amf/apicontract/internal/convert/OperationFederationMetadataConverter
instanceKlass amf/apicontract/internal/convert/APIContractProcessingDataConverter
instanceKlass amf/apicontract/internal/convert/AMFLibraryResultConverter
instanceKlass amf/apicontract/internal/convert/AMFDocumentResultConverter
instanceKlass amf/apicontract/internal/convert/AMFConfigurationConverter
instanceKlass amf/apicontract/internal/convert/ServerBindingConverter
instanceKlass amf/apicontract/internal/convert/MessageBindingConverter
instanceKlass amf/apicontract/internal/convert/OperationBindingConverter
instanceKlass amf/apicontract/internal/convert/ChannelBindingConverter
instanceKlass amf/apicontract/internal/convert/IBMMQChannelTopicConverter
instanceKlass amf/apicontract/internal/convert/IBMMQChannelQueueConverter
instanceKlass amf/apicontract/internal/convert/IBMMQChannelBindingConverter
instanceKlass amf/apicontract/internal/convert/IBMMQServerBindingConverter
instanceKlass amf/apicontract/internal/convert/IBMMQMessageBindingConverter
instanceKlass amf/apicontract/internal/convert/AnypointMQChannelBindingConverter
instanceKlass amf/apicontract/internal/convert/AnypointMQMessageBindingConverter
instanceKlass amf/apicontract/internal/convert/SolaceOperationTopicConverter
instanceKlass amf/apicontract/internal/convert/SolaceOperationQueue030Converter
instanceKlass amf/apicontract/internal/convert/SolaceOperationQueue010Converter
instanceKlass amf/apicontract/internal/convert/SolaceOperationQueueConverter
instanceKlass amf/apicontract/internal/convert/SolaceOperationDestination040Converter
instanceKlass amf/apicontract/internal/convert/SolaceOperationDestination030Converter
instanceKlass amf/apicontract/internal/convert/SolaceOperationDestination020Converter
instanceKlass amf/apicontract/internal/convert/SolaceOperationDestination010Converter
instanceKlass amf/apicontract/internal/convert/SolaceOperationDestinationConverter
instanceKlass amf/apicontract/internal/convert/SolaceOperationBinding040Converter
instanceKlass amf/apicontract/internal/convert/SolaceOperationBinding030Converter
instanceKlass amf/apicontract/internal/convert/SolaceOperationBinding020Converter
instanceKlass amf/apicontract/internal/convert/SolaceOperationBinding010Converter
instanceKlass amf/apicontract/internal/convert/SolaceOperationBindingConverter
instanceKlass amf/apicontract/internal/convert/SolaceServerBinding040Converter
instanceKlass amf/apicontract/internal/convert/SolaceServerBinding010Converter
instanceKlass amf/apicontract/internal/convert/SolaceServerBindingConverter
instanceKlass amf/apicontract/internal/convert/Amqp091Queue020Converter
instanceKlass amf/apicontract/internal/convert/Amqp091Queue010Converter
instanceKlass amf/apicontract/internal/convert/Amqp091QueueConverter
instanceKlass amf/apicontract/internal/convert/Amqp091ChannelExchange020Converter
instanceKlass amf/apicontract/internal/convert/Amqp091ChannelExchange010Converter
instanceKlass amf/apicontract/internal/convert/Amqp091ChannelExchangeConverter
instanceKlass amf/apicontract/internal/convert/MqttServerLastWillConverter
instanceKlass amf/apicontract/internal/convert/WebSocketsChannelBindingConverter
instanceKlass amf/apicontract/internal/convert/MqttServerBinding020Converter
instanceKlass amf/apicontract/internal/convert/MqttServerBinding010Converter
instanceKlass amf/apicontract/internal/convert/MqttServerBindingConverter
instanceKlass amf/apicontract/internal/convert/MqttOperationBinding020Converter
instanceKlass amf/apicontract/internal/convert/MqttOperationBinding010Converter
instanceKlass amf/apicontract/internal/convert/MqttOperationBindingConverter
instanceKlass amf/apicontract/internal/convert/MqttMessageBinding020Converter
instanceKlass amf/apicontract/internal/convert/MqttMessageBinding010Converter
instanceKlass amf/apicontract/internal/convert/MqttMessageBindingConverter
instanceKlass amf/apicontract/internal/convert/KafkaTopicConfiguration050Converter
instanceKlass amf/apicontract/internal/convert/KafkaTopicConfiguration040Converter
instanceKlass amf/apicontract/internal/convert/KafkaTopicConfigurationConverter
instanceKlass amf/apicontract/internal/convert/KafkaChannelBinding050Converter
instanceKlass amf/apicontract/internal/convert/KafkaChannelBinding040Converter
instanceKlass amf/apicontract/internal/convert/KafkaChannelBinding030Converter
instanceKlass amf/apicontract/internal/convert/KafkaChannelBindingConverter
instanceKlass amf/apicontract/internal/convert/KafkaServerBindingConverter
instanceKlass amf/apicontract/internal/convert/KafkaOperationBindingConverter
instanceKlass amf/apicontract/internal/convert/KafkaMessageBinding030Converter
instanceKlass amf/apicontract/internal/convert/KafkaMessageBinding010Converter
instanceKlass amf/apicontract/internal/convert/KafkaMessageBindingConverter
instanceKlass amf/apicontract/internal/convert/HttpOperationBinding020Converter
instanceKlass amf/apicontract/internal/convert/HttpOperationBinding010Converter
instanceKlass amf/apicontract/internal/convert/HttpOperationBindingConverter
instanceKlass amf/apicontract/internal/convert/HttpMessageBinding030Converter
instanceKlass amf/apicontract/internal/convert/HttpMessageBinding020Converter
instanceKlass amf/apicontract/internal/convert/HttpMessageBindingConverter
instanceKlass amf/apicontract/internal/convert/EmptyBindingConverter
instanceKlass amf/apicontract/internal/convert/Amqp091OperationBinding030Converter
instanceKlass amf/apicontract/internal/convert/Amqp091OperationBinding010Converter
instanceKlass amf/apicontract/internal/convert/Amqp091OperationBindingConverter
instanceKlass amf/apicontract/internal/convert/Amqp091MessageBindingConverter
instanceKlass amf/apicontract/internal/convert/Amqp091ChannelBinding020Converter
instanceKlass amf/apicontract/internal/convert/Amqp091ChannelBinding010Converter
instanceKlass amf/apicontract/internal/convert/Amqp091ChannelBindingConverter
instanceKlass amf/apicontract/internal/convert/MessageBindingsConverter
instanceKlass amf/apicontract/internal/convert/ServerBindingsConverter
instanceKlass amf/apicontract/internal/convert/OperationBindingsConverter
instanceKlass amf/apicontract/internal/convert/ChannelBindingsConverter
instanceKlass amf/apicontract/internal/convert/CorrelationIdConverter
instanceKlass amf/apicontract/internal/convert/SecurityRequirementConverter
instanceKlass amf/apicontract/internal/convert/OAuth2FlowConverter
instanceKlass amf/apicontract/internal/convert/EncodingConverter
instanceKlass amf/apicontract/internal/convert/CallbackConverter
instanceKlass amf/apicontract/internal/convert/TemplatedLinkConverter
instanceKlass amf/apicontract/internal/convert/ServerConverter
instanceKlass amf/apicontract/internal/convert/ScopeConverter
instanceKlass amf/apicontract/internal/convert/SettingsConverter
instanceKlass amf/apicontract/internal/convert/SecuritySchemeConverter
instanceKlass amf/apicontract/internal/convert/ParametrizedSecuritySchemeConverter
instanceKlass amf/apicontract/internal/convert/PayloadConverter
instanceKlass amf/apicontract/internal/convert/ParameterConverter
instanceKlass amf/apicontract/internal/convert/TagConverter
instanceKlass amf/apicontract/internal/convert/OperationConverter
instanceKlass amf/apicontract/internal/convert/MessageConverter
instanceKlass amf/apicontract/internal/convert/LicenseConverter
instanceKlass amf/apicontract/internal/convert/OrganizationConverter
instanceKlass amf/apicontract/internal/convert/TraitConverter
instanceKlass amf/apicontract/internal/convert/ResourceTypeConverter
instanceKlass amf/apicontract/internal/convert/EndPointConverter
instanceKlass amf/shapes/internal/convert/ShapesBaseConverter
instanceKlass amf/shapes/internal/convert/RangeConverter
instanceKlass amf/shapes/internal/convert/ReservedConverter
instanceKlass amf/shapes/internal/convert/JsonSchemaBasedSpecConfigurationConverter
instanceKlass amf/shapes/internal/convert/JsonLDInstanceDocumentConverter
instanceKlass amf/shapes/internal/convert/JsonLDSchemaConfigurationClientConverter
instanceKlass amf/shapes/internal/convert/JsonLDInstanceResultConverter
instanceKlass amf/shapes/internal/convert/JsonLDSchemaResultConverter
instanceKlass amf/shapes/internal/convert/JsonLDSchemaConfigurationConverter
instanceKlass amf/shapes/internal/convert/JsonLDElementConverter
instanceKlass amf/shapes/internal/convert/JsonLDArrayConverter
instanceKlass amf/shapes/internal/convert/JsonLDObjectConverter
instanceKlass amf/shapes/internal/convert/ContextMappingConverter
instanceKlass amf/shapes/internal/convert/CuriePrefixConverter
instanceKlass amf/shapes/internal/convert/DefaultVocabularyConverter
instanceKlass amf/shapes/internal/convert/BaseIriConverter
instanceKlass amf/shapes/internal/convert/JsonSchemaDocumentConverter
instanceKlass amf/shapes/internal/convert/KeyConverter
instanceKlass amf/shapes/internal/convert/ExternalPropertyShapeConverter
instanceKlass amf/shapes/internal/convert/PropertyKeyMappingConverter
instanceKlass amf/shapes/internal/convert/ShapePayloadConverter
instanceKlass amf/shapes/internal/convert/ShapeParameterConverter
instanceKlass amf/shapes/internal/convert/ShapeResponseConverter
instanceKlass amf/shapes/internal/convert/ShapeRequestConverter
instanceKlass amf/shapes/internal/convert/ShapeOperationConverter
instanceKlass amf/shapes/internal/convert/AMFSemanticSchemaResultConverter
instanceKlass amf/shapes/internal/convert/SemanticSchemaConfigurationConverter
instanceKlass amf/shapes/internal/convert/ShapesConfigurationConverter
instanceKlass amf/shapes/internal/convert/DiscriminatorValueMappingConverter
instanceKlass amf/shapes/internal/convert/IriTemplateMappingConverter
instanceKlass amf/shapes/internal/convert/CreativeWorkConverter
instanceKlass amf/shapes/internal/convert/SchemaDependenciesConverter
instanceKlass amf/shapes/internal/convert/PropertyDependenciesConverter
instanceKlass amf/shapes/internal/convert/UnionShapeConverter
instanceKlass amf/shapes/internal/convert/ExampleConverter
instanceKlass amf/shapes/internal/convert/XMLSerializerConverter
instanceKlass amf/shapes/internal/convert/TupleShapeConverter
instanceKlass amf/shapes/internal/convert/ArrayShapeConverter
instanceKlass amf/shapes/internal/convert/AnyShapeConverter
instanceKlass amf/shapes/internal/convert/FileShapeConverter
instanceKlass amf/shapes/internal/convert/ScalarShapeConverter
instanceKlass amf/shapes/internal/convert/NodeShapeConverter
instanceKlass amf/shapes/internal/convert/SchemaShapeConverter
instanceKlass amf/shapes/internal/convert/NilShapeConverter
instanceKlass amf/aml/internal/convert/VocabulariesBaseConverter
instanceKlass amf/aml/internal/convert/DialectInstanceProcessingDataConverter
instanceKlass amf/aml/internal/convert/AMLVocabularyResultConverter
instanceKlass amf/aml/internal/convert/AMLDialectInstanceResultConverter
instanceKlass amf/aml/internal/convert/AMLDialectResultConverter
instanceKlass amf/aml/internal/convert/AMLConfigurationConverter
instanceKlass amf/aml/internal/convert/ClassTermMappingConverter
instanceKlass amf/aml/internal/convert/ObjectPropertyMappingConverter
instanceKlass amf/aml/internal/convert/DatatypePropertyMappingConverter
instanceKlass amf/aml/internal/convert/DialectDomainElementConverter
instanceKlass amf/aml/internal/convert/NodeMappingConverter
instanceKlass amf/aml/internal/convert/ExternalConverter
instanceKlass amf/aml/internal/convert/VocabularyReferenceConverter
instanceKlass amf/aml/internal/convert/DocumentMappingConverter
instanceKlass amf/aml/internal/convert/DocumentsModelConverter
instanceKlass amf/aml/internal/convert/VocabularyConverter
instanceKlass amf/aml/internal/convert/DialectInstanceConverter
instanceKlass amf/aml/internal/convert/DialectConverter
instanceKlass amf/aml/internal/convert/PublicNodeMappingConverter
instanceKlass amf/aml/internal/convert/SemanticExtensionConverter
instanceKlass amf/aml/internal/convert/AnnotationMappingConverter
instanceKlass amf/aml/internal/convert/PropertyMappingConverter
instanceKlass amf/core/internal/convert/CoreBaseConverter
instanceKlass amf/core/internal/convert/IdAdopterConverter
instanceKlass amf/core/internal/convert/PropertyShapePathConverter
instanceKlass amf/core/internal/convert/ShapeFederationMetadataConverter
instanceKlass amf/core/internal/convert/LocationInformationConverter
instanceKlass amf/core/internal/convert/BaseUnitSourceInformationConverter
instanceKlass amf/core/internal/convert/BaseUnitProcessingDataConverter
instanceKlass amf/core/internal/convert/AmfObjectResultConverter
instanceKlass amf/core/internal/convert/AmfObjectConverter
instanceKlass amf/core/internal/convert/ValidatePayloadRequestConverter
instanceKlass amf/core/internal/convert/ShapeValidationConfigurationConverter
instanceKlass amf/core/internal/convert/ValidationProfileConverter
instanceKlass amf/core/internal/convert/AMFEventListenerConverter
instanceKlass amf/core/internal/convert/AMFParseResultConverter
instanceKlass amf/core/internal/convert/AMFResultConverter
instanceKlass amf/core/internal/convert/TransformationPipelineBuilderConverter
instanceKlass amf/core/internal/convert/TransformationStepConverter
instanceKlass amf/core/internal/convert/AMFGraphConfigurationConverter
instanceKlass amf/core/internal/convert/BaseUnitConverter
instanceKlass amf/core/internal/convert/RenderOptionsConverter
instanceKlass amf/core/internal/convert/ParsingOptionsConverter
instanceKlass amf/core/internal/convert/UnitCacheConverter
instanceKlass amf/core/internal/convert/CachedReferenceConverter
instanceKlass amf/core/internal/convert/PayloadFragmentConverter
instanceKlass amf/core/internal/convert/ValidationShapeSetConverter
instanceKlass amf/core/internal/convert/ValidationCandidateConverter
instanceKlass amf/core/internal/convert/GraphDomainConverter
instanceKlass amf/core/internal/convert/ResourceLoaderConverter
instanceKlass amf/core/internal/convert/DomainElementConverter
instanceKlass amf/core/internal/convert/ValidationConverter
instanceKlass amf/core/internal/convert/VariableValueConverter
instanceKlass amf/core/internal/convert/DeclarationsConverter
instanceKlass amf/core/internal/convert/ModuleConverter
instanceKlass amf/core/internal/convert/DocumentConverter
instanceKlass amf/core/internal/convert/DomainExtensionConverter
instanceKlass amf/core/internal/convert/DataNodeConverter
instanceKlass amf/core/internal/convert/ShapeExtensionConverter
instanceKlass amf/core/internal/convert/PropertyShapeConverter
instanceKlass amf/core/internal/convert/ShapeConverter
instanceKlass amf/core/internal/unsafe/PlatformSecrets
instanceKlass amf/core/internal/convert/CustomDomainPropertyConverter
instanceKlass amf/core/internal/convert/FieldConverter
instanceKlass amf/core/internal/convert/CollectionConverter
instanceKlass amf/core/internal/convert/FutureConverter
instanceKlass org/mulesoft/apb/repository/internal/dependency/RepositoryDependencyFetcher
instanceKlass org/mulesoft/apb/repository/internal/resolvers/fs/FSResolver
instanceKlass scala/collection/generic/SeqForwarder
instanceKlass scala/collection/generic/IterableForwarder
instanceKlass scala/collection/generic/TraversableForwarder
instanceKlass scala/collection/mutable/ReusableBuilder
instanceKlass scala/collection/immutable/List$$anon$1
instanceKlass scala/math/Numeric
instanceKlass scala/collection/generic/GenTraversableFactory$GenericCanBuildFrom
instanceKlass scala/collection/generic/CanBuildFrom
instanceKlass amf/core/client/scala/lexer/CharStream
instanceKlass org/mulesoft/apb/repository/internal/resolvers/exchange/ExchangeResolver
instanceKlass scala/math/Ordering
instanceKlass scala/math/PartialOrdering
instanceKlass scala/math/Equiv
instanceKlass scala/collection/SeqView
instanceKlass scala/collection/SeqViewLike
instanceKlass org/mulesoft/apb/repository/internal/cache/ProvidedMemoryResourceLoader
instanceKlass org/mulesoft/apb/repository/internal/cache/MemoryResourceLoader
instanceKlass scala/collection/immutable/Map
instanceKlass scala/collection/immutable/MapLike
instanceKlass scala/collection/mutable/HashTable$
instanceKlass scala/collection/Parallel
instanceKlass scala/collection/mutable/HashEntry
instanceKlass scala/collection/mutable/Buffer
instanceKlass scala/collection/mutable/BufferLike
instanceKlass scala/collection/script/Scriptable
instanceKlass scala/collection/mutable/Seq
instanceKlass scala/collection/mutable/SeqLike
instanceKlass com/mule/api/contribution/api/runtimes/DependencyManager
instanceKlass scala/collection/Set
instanceKlass scala/collection/SetLike
instanceKlass scala/collection/IterableView
instanceKlass scala/collection/IterableViewLike
instanceKlass scala/collection/GenSet
instanceKlass scala/collection/generic/GenericSetTemplate
instanceKlass scala/collection/GenSetLike
instanceKlass scala/collection/generic/TraversableFactory
instanceKlass scala/collection/generic/GenericSeqCompanion
instanceKlass scala/collection/generic/GenericCompanion
instanceKlass scala/collection/TraversableView
instanceKlass scala/collection/TraversableViewLike
instanceKlass scala/collection/ViewMkString
instanceKlass scala/util/control/ControlThrowable
instanceKlass scala/util/control/NoStackTrace
instanceKlass scala/collection/CustomParallelizable
instanceKlass scala/collection/mutable/HashTable
instanceKlass scala/collection/mutable/HashTable$HashUtils
instanceKlass com/mule/api/contribution/jsonrpc/project/model/Category
instanceKlass amf/core/client/scala/resource/ResourceLoader
instanceKlass com/mule/api/contribution/mcp/model/MCPResponse
instanceKlass scala/runtime/Statics
instanceKlass scala/collection/mutable/Map
instanceKlass scala/util/hashing/package$
instanceKlass scala/collection/mutable/MapLike
instanceKlass scala/collection/mutable/Cloneable
instanceKlass scala/Cloneable
instanceKlass scala/collection/generic/Shrinkable
instanceKlass scala/collection/mutable/Builder
instanceKlass scala/collection/generic/Growable
instanceKlass scala/collection/generic/Clearable
instanceKlass scala/collection/Map
instanceKlass scala/collection/MapLike
instanceKlass scala/collection/generic/Subtractable
instanceKlass scala/collection/GenMap
instanceKlass scala/collection/GenMapLike
instanceKlass scala/collection/mutable/Iterable
instanceKlass scala/collection/mutable/Traversable
instanceKlass scala/Mutable
instanceKlass com/mule/api/contribution/jsonrpc/catalog/model/api/from/scratch/GetAssetPortalUrlResponse
instanceKlass org/mulesoft/apb/repository/internal/cache/MemoryAssetCache
instanceKlass org/mule/dx/platform/internal/api/embedded/lsp/TextEditsTranslator
instanceKlass com/mule/api/contribution/jsonrpc/catalog/model/DependencyMainPathResponse
instanceKlass org/mulesoft/apb/project/client/scala/environment/DependencyFetcher
instanceKlass org/mule/dx/platform/internal/api/embedded/lsp/MediatorLanguageClient
instanceKlass com/mule/api/contribution/jsonrpc/project/model/ProjectNameValidationResponse
instanceKlass org/mule/dx/platform/internal/api/embedded/lsp/LanguageClientInvocationHandler
instanceKlass org/mulesoft/apb/repository/client/scala/RepositoryBuilder
instanceKlass org/mulesoft/apb/repository/internal/resolvers/fs/FSAssetCache
instanceKlass org/mulesoft/apb/repository/internal/convert/ExchangeConverters$ExchangeClientConverter$$anon$5
instanceKlass org/mulesoft/apb/repository/client/scala/exchange/ExchangeClient
instanceKlass org/mulesoft/anypoint/server/features/genai/TopicParameters
instanceKlass org/mulesoft/apb/repository/internal/convert/ExchangeConverters$ExchangeClientConverter$
instanceKlass amf/core/internal/convert/BidirectionalMatcher
instanceKlass amf/core/internal/convert/InternalClientMatcher
instanceKlass com/mule/api/contribution/jsonrpc/project/agentforce/model/AgentforceSyntaxToSyntaxLanguageResponse
instanceKlass org/mulesoft/apb/repository/client/scala/DependencyResolver
instanceKlass org/mulesoft/apb/repository/client/scala/cache/AssetCache
instanceKlass com/mule/api/contribution/api/agentnetwork/model/RuntimeTarget
instanceKlass org/mulesoft/apb/repository/client/scala/exchange/ExchangeRepository$
instanceKlass org/mulesoft/apb/repository/client/platform/exchange/ExchangeRepository$
instanceKlass org/mule/contribution/internal/lsp/EnumSerializer
instanceKlass org/mulesoft/anypoint/server/platform/AnypointLanguageServerFactory$
instanceKlass org/mulesoft/anypoint/server/platform/client/exchange/PlatformExchangeClientSecrets
instanceKlass org/mulesoft/als/server/lsp4j/extension/SerializedDocument
instanceKlass org/mule/contribution/transform/ui/ReadTransformSampleDataResponse
instanceKlass org/mule/contribution/transform/ui/GenerateOutputSampleResponse
instanceKlass org/mulesoft/als/server/client/scala/LanguageServerFactory
instanceKlass org/mule/contribution/internal/lsp/picker/MuleConfigurationElement
instanceKlass amf/core/internal/convert/ClientInternalMatcher
instanceKlass com/mule/api/contribution/jsonrpc/project/model/SaveFileResponse
instanceKlass org/mulesoft/als/server/client/platform/AlsLanguageServerFactory
instanceKlass org/mule/contribution/api/lsp/ui/DataPreviewResponse
instanceKlass org/mule/contribution/api/lsp/ui/UIFormResponse
instanceKlass com/mule/api/contribution/jsonrpc/project/model/SaveFileRequest
instanceKlass com/mule/api/contribution/jsonrpc/project/model/ProjectAddedParam
instanceKlass com/mule/api/contribution/api/project/model/SerializationResult
instanceKlass com/mule/api/contribution/api/governance/model/RuleReportNotification
instanceKlass scala/util/Either
instanceKlass com/mule/api/contribution/api/cli/model/LoggingReport
instanceKlass com/mule/api/contribution/jsonrpc/window/model/JobEndedParams
instanceKlass com/mule/api/contribution/jsonrpc/console/model/RefreshConsoleContentResponse
instanceKlass org/apache/commons/cli/Util
instanceKlass org/apache/commons/cli/CommandLine
instanceKlass scala/collection/AbstractTraversable
instanceKlass org/apache/commons/cli/DefaultParser
instanceKlass scala/collection/LinearSeqOptimized
instanceKlass org/apache/commons/cli/OptionValidator
instanceKlass org/apache/commons/cli/Option
instanceKlass scala/collection/immutable/LinearSeq
instanceKlass org/apache/commons/cli/Options
instanceKlass scala/collection/LinearSeq
instanceKlass scala/collection/LinearSeqLike
instanceKlass scala/collection/immutable/Seq
instanceKlass scala/collection/Seq
instanceKlass scala/collection/SeqLike
instanceKlass scala/collection/GenSeq
instanceKlass scala/collection/GenSeqLike
instanceKlass scala/PartialFunction
instanceKlass scala/Function1
instanceKlass scala/collection/immutable/Iterable
instanceKlass scala/collection/Iterable
instanceKlass scala/collection/IterableLike
instanceKlass org/mule/contribution/metadata/results/DeleteCustomMetadataResponse
instanceKlass org/mule/contribution/metadata/results/DeleteCustomMetadataEnricherResponse
instanceKlass scala/collection/GenIterable
instanceKlass org/mule/contribution/metadata/results/RemoveCustomMetadataEnrichmentsResponse
instanceKlass org/mule/contribution/metadata/results/SetCustomMetadataEnrichmentsResponse
instanceKlass scala/collection/GenIterableLike
instanceKlass org/mule/contribution/metadata/results/GetCustomTypePreviewResponse
instanceKlass org/mule/contribution/metadata/results/GetAllCustomMetadataResponse
instanceKlass scala/collection/immutable/Traversable
instanceKlass scala/Immutable
instanceKlass org/mule/contribution/metadata/results/GetCsvStructureFromSampleResponse
instanceKlass scala/collection/Traversable
instanceKlass scala/collection/GenTraversable
instanceKlass scala/collection/generic/GenericTraversableTemplate
instanceKlass org/mule/contribution/metadata/results/GetAllowedEnrichmentsForNodeResponse
instanceKlass org/mule/contribution/metadata/results/GetRootElementsFromFFDResponse
instanceKlass org/mule/contribution/metadata/results/GetRootElementsFromXMLResponse
instanceKlass scala/collection/TraversableLike
instanceKlass scala/collection/GenTraversableLike
instanceKlass org/mule/contribution/metadata/results/GetCustomMetadataByTypeIdResponse
instanceKlass scala/collection/Parallelizable
instanceKlass org/mule/contribution/metadata/results/UpdateCustomMetadataResponse
instanceKlass scala/collection/generic/FilterMonadic
instanceKlass org/mule/contribution/metadata/results/CreateCustomMetadataResponse
instanceKlass org/mule/contribution/metadata/results/GetCustomMetadataEnrichmentsByTypeIdResponse
instanceKlass scala/collection/generic/HasNewBuilder
instanceKlass org/mule/contribution/connectors/ConnectorLibraryConfigurationResponse
instanceKlass org/mule/contribution/api/deploy/cloudhub2/jsonschemavalidations/dtos/JsonSchemaCH2ValidationsResults
instanceKlass org/mule/dx/platform/api/anypoint/authentication/Environment
instanceKlass org/mule/contribution/api/deploy/cloudhub2/FetchCH2RuntimeVersionsResponse
instanceKlass org/mule/contribution/api/deploy/cloudhub2/CloudHub2DeploymentTarget
instanceKlass org/mule/contribution/api/deploy/cloudhub/jsonschemavalidations/dtos/JsonSchemaValidationsResult
instanceKlass org/mule/contribution/api/deploy/cloudhub/DeployToCloudHubConfiguration
instanceKlass scala/Function0
instanceKlass org/mule/contribution/api/deploy/cloudhub2/DeployToCloudHub2Configuration
instanceKlass com/mule/api/contribution/jsonrpc/console/model/RefreshConsoleContentRequest
instanceKlass com/mule/api/contribution/jsonrpc/console/model/APIModelLoadedNotification
instanceKlass scala/collection/Iterator
instanceKlass scala/collection/TraversableOnce
instanceKlass org/mule/contribution/api/lsp/GrpcAssetProcessingResponse
instanceKlass scala/collection/GenTraversableOnce
instanceKlass org/mule/contribution/api/lsp/GrpcAssetProcessingRequest
instanceKlass org/mule/contribution/designservice/client/DesignServiceProjectResponse
instanceKlass com/mule/api/contribution/jsonrpc/project/client/APIProjectClient
instanceKlass org/mule/contribution/service/OutputMessage
instanceKlass com/mule/api/contribution/jsonrpc/window/client/WindowServiceClient
instanceKlass com/mule/api/contribution/jsonrpc/console/service/APIConsoleClient
instanceKlass scala/Option
instanceKlass org/mulesoft/anypoint/server/platform/AnypointClientConnection
instanceKlass org/mulesoft/anypoint/server/platform/client/AnypointLanguageClientAware
instanceKlass com/mule/api/contribution/common/OSTools
instanceKlass com/mule/api/contribution/api/editor/LSPLogger
instanceKlass org/mule/dx/platform/urls/PlatformUrl
instanceKlass scala/collection/concurrent/TrieMapIterator$
instanceKlass scala/collection/concurrent/TrieMapIterator
instanceKlass scala/collection/concurrent/RDCSS_Descriptor
instanceKlass org/eclipse/lsp4j/SemanticTokensServerFull
instanceKlass org/eclipse/lsp4j/FileOperationPatternOptions
instanceKlass org/eclipse/lsp4j/FileOperationPattern
instanceKlass org/eclipse/lsp4j/FileOperationFilter
instanceKlass org/eclipse/lsp4j/FileOperationOptions
instanceKlass org/eclipse/lsp4j/FileOperationsServerCapabilities
instanceKlass org/eclipse/lsp4j/DocumentFilter
instanceKlass org/eclipse/lsp4j/TextDocumentRegistrationOptions
instanceKlass org/eclipse/lsp4j/SaveOptions
instanceKlass org/eclipse/lsp4j/TextDocumentSyncOptions
instanceKlass org/eclipse/lsp4j/DocumentOnTypeFormattingOptions
instanceKlass org/eclipse/xtext/xbase/lib/util/ToStringBuilder$IndentationAwareStringBuilder
instanceKlass org/eclipse/xtext/xbase/lib/util/ToStringBuilder$Part
instanceKlass org/eclipse/xtext/xbase/lib/util/ToStringContext
instanceKlass org/eclipse/xtext/xbase/lib/util/ToStringBuilder
instanceKlass org/mule/weave/lsp/commands/Commands$
instanceKlass scala/collection/mutable/ArrayOps$ofRef$
instanceKlass scala/collection/immutable/TreeSet
instanceKlass scala/collection/immutable/SortedSet
instanceKlass scala/collection/SortedSet
instanceKlass scala/collection/SortedSetLike
instanceKlass scala/collection/generic/Sorted
instanceKlass org/mule/weave/lsp/commands/EnablePreviewModeCommand
instanceKlass org/mule/weave/lsp/commands/DeleteOutputSampleCommand
instanceKlass org/mule/weave/lsp/commands/DeleteInputSampleCommand
instanceKlass org/mule/weave/lsp/commands/SetActiveScenarioCommand
instanceKlass org/mule/weave/lsp/commands/DeleteScenarioCommand
instanceKlass org/mule/weave/lsp/commands/CreateScenarioCommand
instanceKlass org/mule/weave/lsp/commands/CreateMappingTestCommand
instanceKlass org/mule/weave/lsp/commands/CreateInputSampleCommand
instanceKlass org/mule/weave/lsp/commands/ExtractFunctionCommand
instanceKlass org/mule/weave/lsp/commands/ExtractConstantCommand
instanceKlass org/mule/weave/lsp/commands/ExtractVariableCommand
instanceKlass org/mule/weave/lsp/commands/InsertWeaveTypeCommand
instanceKlass org/mule/weave/lsp/commands/InsertDocumentationCommand
instanceKlass org/mule/weave/v2/editor/WeaveTextDocument
instanceKlass org/mule/weave/lsp/commands/QuickFixCommand
instanceKlass org/mule/weave/lsp/commands/LaunchWeaveTestCommand
instanceKlass org/mule/weave/lsp/utils/Icons
instanceKlass org/mule/weave/lsp/commands/LaunchWeaveCommand
instanceKlass org/mule/weave/v2/parser/exception/WeaveException
instanceKlass org/mule/weave/lsp/commands/RunPreviewCommand
instanceKlass org/mule/weave/lsp/commands/RunWeaveCommand
instanceKlass org/mule/weave/lsp/commands/AbstractCreateFileCommand
instanceKlass org/mule/weave/lsp/commands/CreateUnitTest
instanceKlass scala/collection/immutable/StringLike
instanceKlass scala/io/Position
instanceKlass scala/io/Source$Positioner
instanceKlass scala/runtime/java8/JFunction0$mcV$sp
instanceKlass scala/io/Source
instanceKlass scala/io/Codec
instanceKlass scala/io/Codec$
instanceKlass scala/io/LowPriorityCodecImplicits
instanceKlass scala/io/Source$
instanceKlass org/mule/weave/lsp/commands/CreateTestCommand
instanceKlass org/mule/weave/lsp/commands/BatCommand
instanceKlass org/mule/weave/lsp/commands/InternalWeaveCommand
instanceKlass org/mule/weave/lsp/commands/ReloadDependenciesCommand
instanceKlass org/mule/weave/lsp/commands/CreateProjectCommand
instanceKlass scala/collection/mutable/ArrayOps$ofRef
instanceKlass scala/collection/mutable/ArrayOps
instanceKlass org/eclipse/lsp4j/WorkspaceServerCapabilities
instanceKlass org/eclipse/lsp4j/WorkspaceFoldersOptions
instanceKlass org/eclipse/lsp4j/SemanticTokensLegend
instanceKlass org/mule/weave/lsp/semantic/DWSemanticTokensLegend$
instanceKlass org/eclipse/lsp4j/AbstractWorkDoneProgressOptions
instanceKlass org/mule/weave/lsp/services/DataWeaveDocumentServiceDispatcher$
instanceKlass scala/util/Try
instanceKlass scala/util/Try$
instanceKlass org/mule/weave/lsp/utils/URLUtils$
instanceKlass scala/Array$$anon$11
instanceKlass scala/Array$$anon$10
instanceKlass scala/Array$$anon$9
instanceKlass scala/Array$$anon$8
instanceKlass scala/Array$$anon$7
instanceKlass scala/Array$$anon$6
instanceKlass scala/Array$$anon$5
instanceKlass scala/Array$$anon$4
instanceKlass scala/Array$$anon$3
instanceKlass scala/Array$$anon$2
instanceKlass scala/FallbackArrayBuilding
instanceKlass scala/runtime/RichInt$
instanceKlass scala/runtime/ScalaRunTime$
instanceKlass scala/reflect/ClassTag$GenericClassTag
instanceKlass scala/reflect/ClassTag$
instanceKlass scala/runtime/BoxedUnit
instanceKlass com/google/gson/internal/bind/TypeAdapters$35
instanceKlass org/eclipse/lsp4j/jsonrpc/json/adapters/JsonElementTypeAdapter$Factory
instanceKlass org/eclipse/lsp4j/MarkdownCapabilities
instanceKlass org/eclipse/lsp4j/RegularExpressionsCapabilities
instanceKlass org/eclipse/lsp4j/WindowShowMessageRequestActionItemCapabilities
instanceKlass org/eclipse/lsp4j/ShowDocumentCapabilities
instanceKlass org/eclipse/lsp4j/WindowShowMessageRequestCapabilities
instanceKlass org/eclipse/lsp4j/SemanticTokensClientCapabilitiesRequestsFull
instanceKlass org/eclipse/lsp4j/SemanticTokensClientCapabilitiesRequests
instanceKlass org/eclipse/lsp4j/jsonrpc/json/adapters/EitherTypeAdapter$EitherTypeArgument
instanceKlass org/eclipse/lsp4j/DiagnosticsTagSupport
instanceKlass org/eclipse/lsp4j/CodeActionKindCapabilities
instanceKlass org/eclipse/lsp4j/CodeActionResolveSupportCapabilities
instanceKlass org/eclipse/lsp4j/CodeActionLiteralSupportCapabilities
instanceKlass org/eclipse/lsp4j/ParameterInformationCapabilities
instanceKlass org/eclipse/lsp4j/SignatureInformationCapabilities
instanceKlass org/eclipse/lsp4j/CompletionItemInsertTextModeSupportCapabilities
instanceKlass org/eclipse/lsp4j/CompletionItemResolveSupportCapabilities
instanceKlass org/eclipse/lsp4j/CompletionItemTagSupportCapabilities
instanceKlass org/eclipse/lsp4j/CompletionItemCapabilities
instanceKlass org/eclipse/lsp4j/CompletionItemKindCapabilities
instanceKlass org/eclipse/lsp4j/PublishDiagnosticsCapabilities
instanceKlass org/eclipse/lsp4j/SymbolTagSupportCapabilities
instanceKlass org/eclipse/lsp4j/SymbolKindCapabilities
instanceKlass eu/maveniverse/maven/mima/context/Context
instanceKlass org/eclipse/lsp4j/WorkspaceEditChangeAnnotationSupportCapabilities
instanceKlass org/eclipse/aether/internal/impl/LocalPathPrefixComposerFactorySupport$LocalPathPrefixComposerSupport
instanceKlass org/eclipse/lsp4j/CodeLensWorkspaceCapabilities
instanceKlass org/eclipse/aether/internal/impl/SimpleLocalRepositoryManager
instanceKlass org/eclipse/lsp4j/SemanticTokensWorkspaceCapabilities
instanceKlass org/eclipse/lsp4j/DynamicRegistrationCapabilities
instanceKlass org/eclipse/aether/internal/impl/PrioritizedComponent
instanceKlass org/eclipse/aether/util/ConfigUtils
instanceKlass org/eclipse/lsp4j/WorkspaceEditCapabilities
instanceKlass org/eclipse/lsp4j/GeneralClientCapabilities
instanceKlass org/eclipse/lsp4j/WindowClientCapabilities
instanceKlass org/eclipse/aether/internal/impl/PrioritizedComponents
instanceKlass org/eclipse/lsp4j/TextDocumentClientCapabilities
instanceKlass org/eclipse/aether/repository/LocalRepository
instanceKlass org/eclipse/lsp4j/WorkspaceClientCapabilities
instanceKlass org/eclipse/aether/util/repository/DefaultAuthenticationSelector
instanceKlass org/eclipse/aether/util/repository/DefaultProxySelector
instanceKlass org/eclipse/aether/util/repository/DefaultMirrorSelector$MirrorDef
instanceKlass org/eclipse/lsp4j/ClientCapabilities
instanceKlass org/eclipse/aether/util/repository/DefaultMirrorSelector
instanceKlass org/apache/maven/settings/crypto/DefaultSettingsDecryptionResult
instanceKlass org/apache/maven/settings/crypto/DefaultSettingsDecryptionRequest
instanceKlass org/eclipse/aether/util/repository/SimpleResolutionErrorPolicy
instanceKlass eu/maveniverse/maven/mima/context/internal/RuntimeSupport$1
instanceKlass org/eclipse/aether/DefaultRepositoryCache
instanceKlass org/eclipse/aether/util/repository/SimpleArtifactDescriptorPolicy
instanceKlass org/eclipse/lsp4j/adapters/InitializeParamsTypeAdapter$Factory
instanceKlass org/eclipse/aether/artifact/DefaultArtifactType
instanceKlass org/eclipse/aether/util/artifact/SimpleArtifactTypeRegistry
instanceKlass org/eclipse/aether/util/graph/transformer/JavaDependencyContextRefiner
instanceKlass org/eclipse/aether/util/graph/transformer/ChainedDependencyGraphTransformer
instanceKlass org/eclipse/aether/util/graph/transformer/ConflictResolver
instanceKlass org/eclipse/aether/graph/Exclusion
instanceKlass org/eclipse/aether/util/graph/selector/ExclusionDependencySelector
instanceKlass org/eclipse/aether/util/graph/selector/OptionalDependencySelector
instanceKlass org/eclipse/aether/util/graph/selector/ScopeDependencySelector
instanceKlass org/eclipse/aether/util/graph/selector/AndDependencySelector
instanceKlass org/eclipse/aether/util/graph/manager/ClassicDependencyManager
instanceKlass org/eclipse/aether/util/graph/traverser/FatArtifactTraverser
instanceKlass org/eclipse/aether/DefaultSessionData
instanceKlass org/eclipse/aether/DefaultRepositorySystemSession$NullFileTransformerManager
instanceKlass org/eclipse/aether/transform/FileTransformerManager
instanceKlass org/eclipse/aether/DefaultRepositorySystemSession$NullArtifactTypeRegistry
instanceKlass org/eclipse/aether/DefaultRepositorySystemSession$NullAuthenticationSelector
instanceKlass org/eclipse/aether/DefaultRepositorySystemSession$NullProxySelector
instanceKlass org/eclipse/aether/DefaultRepositorySystemSession$NullMirrorSelector
instanceKlass org/eclipse/aether/DefaultRepositorySystemSession
instanceKlass org/eclipse/aether/resolution/ArtifactDescriptorPolicy
instanceKlass org/eclipse/aether/artifact/ArtifactTypeRegistry
instanceKlass org/eclipse/aether/collection/DependencyGraphTransformer
instanceKlass org/eclipse/aether/util/graph/transformer/ConflictResolver$VersionSelector
instanceKlass org/eclipse/aether/util/graph/transformer/ConflictResolver$ScopeSelector
instanceKlass org/eclipse/aether/util/graph/transformer/ConflictResolver$OptionalitySelector
instanceKlass org/eclipse/aether/util/graph/transformer/ConflictResolver$ScopeDeriver
instanceKlass org/eclipse/aether/collection/DependencySelector
instanceKlass org/eclipse/aether/collection/DependencyManager
instanceKlass org/eclipse/aether/collection/DependencyTraverser
instanceKlass org/apache/maven/repository/internal/MavenRepositorySystemUtils
instanceKlass org/apache/maven/model/Activation
instanceKlass org/mule/weave/lsp/extension/services/DidFocusChangeParams
instanceKlass eu/maveniverse/maven/mima/runtime/shared/StandaloneRuntimeSupport$1
instanceKlass org/eclipse/lsp4j/SemanticTokensDelta
instanceKlass java/util/stream/DistinctOps
instanceKlass org/apache/maven/model/profile/DefaultProfileActivationContext
instanceKlass org/eclipse/lsp4j/adapters/SemanticTokensFullDeltaResponseAdapter
instanceKlass org/apache/maven/settings/building/DefaultSettingsBuildingResult
instanceKlass org/eclipse/lsp4j/CallHierarchyItem
instanceKlass org/eclipse/lsp4j/CallHierarchyOutgoingCall
instanceKlass org/eclipse/lsp4j/CallHierarchyIncomingCall
instanceKlass org/eclipse/lsp4j/SemanticTokens
instanceKlass org/codehaus/plexus/interpolation/SimpleRecursionInterceptor
instanceKlass org/apache/maven/settings/building/DefaultSettingsBuilder$1
instanceKlass org/eclipse/lsp4j/Moniker
instanceKlass org/eclipse/lsp4j/SelectionRange
instanceKlass org/codehaus/plexus/interpolation/os/OperatingSystemUtils$DefaultEnvVarSource
instanceKlass org/eclipse/lsp4j/ColorInformation
instanceKlass org/codehaus/plexus/interpolation/os/OperatingSystemUtils$EnvVarSource
instanceKlass org/codehaus/plexus/interpolation/os/OperatingSystemUtils
instanceKlass org/eclipse/lsp4j/PrepareRenameResult
instanceKlass org/eclipse/lsp4j/adapters/PrepareRenameResponseAdapter
instanceKlass org/eclipse/lsp4j/FoldingRange
instanceKlass org/eclipse/lsp4j/TypeHierarchyItem
instanceKlass org/codehaus/plexus/interpolation/AbstractValueSource
instanceKlass org/eclipse/lsp4j/ColorPresentation
instanceKlass org/codehaus/plexus/interpolation/RegexBasedInterpolator
instanceKlass org/eclipse/lsp4j/SymbolInformation
instanceKlass org/codehaus/plexus/interpolation/Interpolator
instanceKlass org/codehaus/plexus/interpolation/BasicInterpolator
instanceKlass org/eclipse/lsp4j/adapters/DocumentSymbolResponseAdapter
instanceKlass org/eclipse/lsp4j/SignatureHelp
instanceKlass org/apache/maven/settings/io/xpp3/SettingsXpp3Writer
instanceKlass org/eclipse/lsp4j/adapters/CodeActionResponseAdapter
instanceKlass org/apache/maven/settings/RepositoryBase
instanceKlass org/eclipse/lsp4j/LocationLink
instanceKlass org/eclipse/lsp4j/Location
instanceKlass com/google/gson/internal/$Gson$Types$WildcardTypeImpl
instanceKlass org/apache/maven/settings/Activation
instanceKlass org/eclipse/lsp4j/adapters/LocationLinkListAdapter
instanceKlass org/eclipse/lsp4j/ResolveTypeHierarchyItemParams
instanceKlass org/eclipse/lsp4j/DocumentLink
instanceKlass org/eclipse/lsp4j/WillSaveTextDocumentParams
instanceKlass org/apache/maven/settings/TrackableBase
instanceKlass org/eclipse/lsp4j/DocumentRangeFormattingParams
instanceKlass org/apache/maven/settings/io/xpp3/SettingsXpp3Reader$1
instanceKlass org/apache/maven/settings/io/xpp3/SettingsXpp3Reader$ContentTransformer
instanceKlass org/apache/maven/settings/io/xpp3/SettingsXpp3Reader
instanceKlass org/eclipse/lsp4j/CreateFilesParams
instanceKlass org/eclipse/lsp4j/ShowDocumentResult
instanceKlass org/eclipse/lsp4j/MessageActionItem
instanceKlass org/eclipse/lsp4j/UnregistrationParams
instanceKlass org/eclipse/lsp4j/LogTraceParams
instanceKlass org/eclipse/lsp4j/ShowDocumentParams
instanceKlass org/eclipse/lsp4j/RegistrationParams
instanceKlass org/eclipse/lsp4j/WorkDoneProgressCreateParams
instanceKlass org/eclipse/lsp4j/SetTraceParams
instanceKlass org/eclipse/lsp4j/ConfigurationParams
instanceKlass org/mule/weave/lsp/services/DataWeaveDocumentService
instanceKlass org/mule/weave/lsp/jobs/Status
instanceKlass org/eclipse/lsp4j/WorkspaceFolder
instanceKlass org/mule/weave/lsp/project/DefaultProjectMetadata
instanceKlass java/lang/invoke/SerializedLambda
instanceKlass org/mule/weave/lsp/services/ClientLogger
instanceKlass org/mule/weave/lsp/services/DataWeaveDocumentServiceDispatcher
instanceKlass sun/net/spi/DefaultProxySelector$3
instanceKlass sun/net/spi/DefaultProxySelector$NonProxyInfo
instanceKlass sun/net/spi/DefaultProxySelector$1
instanceKlass java/net/Proxy
instanceKlass java/net/SocksSocketImpl$3
instanceKlass java/net/SocksConsts
instanceKlass org/apache/maven/building/FileSource
instanceKlass org/apache/maven/settings/building/DefaultSettingsProblemCollector
instanceKlass org/apache/maven/settings/building/DefaultSettingsBuildingRequest
instanceKlass eu/maveniverse/maven/mima/runtime/standalonestatic/CompatLookup
instanceKlass org/eclipse/aether/graph/DependencyVisitor
instanceKlass org/eclipse/aether/internal/impl/DefaultRepositorySystem
instanceKlass org/eclipse/aether/internal/impl/collect/DefaultDependencyCollector
instanceKlass org/eclipse/aether/internal/impl/collect/bf/DependencyResolutionSkipper
instanceKlass org/eclipse/aether/collection/DependencyCollectionContext
instanceKlass org/eclipse/aether/collection/DependencyGraphTransformationContext
instanceKlass org/eclipse/aether/graph/DependencyNode
instanceKlass org/eclipse/aether/collection/VersionFilter$VersionFilterContext
instanceKlass org/eclipse/aether/internal/impl/collect/DependencyCollectorDelegate
instanceKlass org/eclipse/aether/artifact/ArtifactType
instanceKlass org/apache/maven/repository/internal/ArtifactDescriptorReaderDelegate
instanceKlass org/eclipse/aether/artifact/Artifact
instanceKlass org/apache/maven/model/resolution/ModelResolver
instanceKlass org/apache/maven/repository/internal/DefaultArtifactDescriptorReader
instanceKlass org/apache/maven/repository/internal/DefaultModelCacheFactory
instanceKlass org/apache/maven/model/InputLocation
instanceKlass org/apache/maven/model/InputSource
instanceKlass org/apache/maven/model/plugin/DefaultReportingConverter
instanceKlass org/apache/maven/model/plugin/DefaultReportConfigurationExpander
instanceKlass org/apache/maven/model/plugin/DefaultPluginConfigurationExpander
instanceKlass org/apache/maven/model/management/DefaultPluginManagementInjector
instanceKlass org/apache/maven/model/building/DefaultModelBuilderFactory$StubLifecycleBindingsInjector
instanceKlass org/apache/maven/model/management/DefaultDependencyManagementInjector
instanceKlass org/apache/maven/model/composition/DefaultDependencyManagementImporter
instanceKlass org/apache/maven/model/superpom/DefaultSuperPomProvider
instanceKlass org/apache/maven/model/profile/DefaultProfileInjector
instanceKlass org/apache/maven/model/inheritance/DefaultInheritanceAssembler
instanceKlass org/apache/maven/model/interpolation/StringVisitorModelInterpolator$InnerInterpolator
instanceKlass org/codehaus/plexus/interpolation/RecursionInterceptor
instanceKlass org/apache/maven/model/interpolation/AbstractStringBasedModelInterpolator
instanceKlass org/apache/maven/model/path/DefaultUrlNormalizer
instanceKlass org/apache/maven/model/path/DefaultModelUrlNormalizer
instanceKlass org/apache/maven/model/path/DefaultModelPathTranslator
instanceKlass org/apache/maven/model/merge/ModelMerger$KeyComputer
instanceKlass org/apache/maven/model/Contributor
instanceKlass org/apache/maven/model/PatternSet
instanceKlass org/apache/maven/model/PluginContainer
instanceKlass org/apache/maven/model/merge/ModelMerger$Remapping
instanceKlass org/apache/maven/model/merge/ModelMerger
instanceKlass org/apache/maven/model/normalization/DefaultModelNormalizer
instanceKlass org/apache/maven/model/interpolation/DefaultModelVersionProcessor
instanceKlass org/apache/maven/model/RepositoryBase
instanceKlass org/apache/maven/model/validation/DefaultModelValidator
instanceKlass org/apache/maven/model/io/DefaultModelReader
instanceKlass org/apache/maven/model/locator/DefaultModelLocator
instanceKlass org/apache/maven/model/building/DefaultModelProcessor
instanceKlass org/apache/maven/model/building/ModelBuildingEvent
instanceKlass org/apache/maven/model/building/ModelBuildingRequest
instanceKlass org/apache/maven/artifact/versioning/ArtifactVersion
instanceKlass org/apache/maven/model/building/ModelSource
instanceKlass org/apache/maven/model/building/ModelProblemCollectorExt
instanceKlass org/apache/maven/model/building/ModelBuildingResult
instanceKlass org/apache/maven/model/building/DefaultModelBuilder
instanceKlass org/apache/maven/model/profile/ProfileInjector
instanceKlass org/apache/maven/model/normalization/ModelNormalizer
instanceKlass org/apache/maven/model/path/UrlNormalizer
instanceKlass org/apache/maven/model/building/ModelProcessor
instanceKlass org/apache/maven/model/validation/ModelValidator
instanceKlass org/apache/maven/model/locator/ModelLocator
instanceKlass org/apache/maven/model/io/ModelReader
instanceKlass org/apache/maven/model/plugin/ReportConfigurationExpander
instanceKlass org/apache/maven/model/plugin/LifecycleBindingsInjector
instanceKlass org/apache/maven/model/plugin/ReportingConverter
instanceKlass org/apache/maven/model/plugin/PluginConfigurationExpander
instanceKlass org/apache/maven/model/composition/DependencyManagementImporter
instanceKlass org/apache/maven/model/superpom/SuperPomProvider
instanceKlass org/apache/maven/model/management/PluginManagementInjector
instanceKlass org/apache/maven/model/management/DependencyManagementInjector
instanceKlass org/apache/maven/model/interpolation/ModelInterpolator
instanceKlass org/apache/maven/model/path/ModelUrlNormalizer
instanceKlass org/apache/maven/model/interpolation/ModelVersionProcessor
instanceKlass org/apache/maven/model/inheritance/InheritanceAssembler
instanceKlass org/apache/maven/model/path/ModelPathTranslator
instanceKlass org/apache/maven/model/building/DefaultModelBuilderFactory
instanceKlass org/eclipse/aether/internal/impl/DefaultArtifactResolver
instanceKlass org/eclipse/aether/internal/impl/resolution/ArtifactResolverPostProcessorSupport
instanceKlass org/eclipse/aether/version/VersionScheme
instanceKlass org/apache/maven/repository/internal/DefaultVersionRangeResolver
instanceKlass org/eclipse/aether/metadata/Metadata
instanceKlass org/apache/maven/repository/internal/DefaultVersionResolver
instanceKlass org/eclipse/aether/internal/impl/DefaultMetadataResolver
instanceKlass org/eclipse/aether/transfer/TransferListener
instanceKlass org/mule/weave/lsp/extension/protocol/ToolDescription
instanceKlass org/eclipse/aether/internal/impl/DefaultDeployer
instanceKlass java/util/AbstractList$RandomAccessSpliterator
instanceKlass org/mule/weave/extension/plugin/llm/tools/impl/CreateInputSampleTool
instanceKlass org/eclipse/aether/internal/impl/DefaultInstaller
instanceKlass org/apache/maven/repository/internal/SnapshotMetadataGeneratorFactory
instanceKlass org/mule/weave/extension/plugin/llm/tools/impl/RunPreviewTool
instanceKlass org/apache/maven/repository/internal/VersionsMetadataGeneratorFactory
instanceKlass org/mule/weave/extension/plugin/llm/tools/impl/CreateDocumentationTool
instanceKlass org/eclipse/aether/impl/MetadataGenerator
instanceKlass org/mule/weave/extension/plugin/llm/tools/impl/CreateProjectTool
instanceKlass org/apache/maven/repository/internal/PluginsMetadataGeneratorFactory
instanceKlass org/mule/weave/extension/plugin/llm/tools/impl/OpenProjectTool
instanceKlass org/eclipse/aether/impl/MetadataGeneratorFactory
instanceKlass org/eclipse/aether/internal/impl/DefaultRepositoryConnectorProvider
instanceKlass org/eclipse/aether/spi/connector/RepositoryConnector
instanceKlass org/eclipse/aether/connector/basic/BasicRepositoryConnectorFactory
instanceKlass org/eclipse/aether/spi/connector/RepositoryConnectorFactory
instanceKlass org/mule/weave/extension/plugin/llm/tools/impl/ProjectAwareTool
instanceKlass org/eclipse/aether/internal/impl/DefaultTransporterProvider
instanceKlass org/eclipse/aether/transport/http/HttpTransporterFactory
instanceKlass org/eclipse/aether/spi/connector/transport/Transporter
instanceKlass org/eclipse/aether/transport/file/FileTransporterFactory
instanceKlass org/eclipse/aether/spi/connector/transport/TransporterFactory
instanceKlass org/eclipse/aether/transport/http/ChecksumExtractor
instanceKlass org/eclipse/aether/internal/impl/checksum/TrustedToProvidedChecksumsSourceAdapter
instanceKlass org/eclipse/aether/spi/checksums/ProvidedChecksumsSource
instanceKlass org/eclipse/aether/spi/checksums/TrustedChecksumsSource$Writer
instanceKlass org/eclipse/aether/internal/impl/checksum/FileTrustedChecksumsSourceSupport
instanceKlass org/eclipse/aether/spi/checksums/TrustedChecksumsSource
instanceKlass org/eclipse/aether/internal/impl/DefaultRepositoryEventDispatcher
instanceKlass org/eclipse/aether/RepositoryListener
instanceKlass org/eclipse/aether/internal/impl/filter/DefaultRemoteRepositoryFilterManager
instanceKlass org/eclipse/aether/internal/impl/filter/PrefixesRemoteRepositoryFilterSource$Node
instanceKlass org/eclipse/aether/internal/impl/filter/RemoteRepositoryFilterSourceSupport$SimpleResult
instanceKlass org/eclipse/aether/spi/connector/filter/RemoteRepositoryFilter
instanceKlass org/eclipse/aether/spi/connector/filter/RemoteRepositoryFilter$Result
instanceKlass org/eclipse/aether/internal/impl/filter/RemoteRepositoryFilterSourceSupport
instanceKlass org/eclipse/aether/spi/resolution/ArtifactResolverPostProcessor
instanceKlass org/eclipse/aether/spi/connector/filter/RemoteRepositoryFilterSource
instanceKlass org/eclipse/aether/internal/impl/DefaultRemoteRepositoryManager
instanceKlass org/eclipse/aether/internal/impl/DefaultLocalRepositoryProvider
instanceKlass org/eclipse/aether/internal/impl/EnhancedLocalRepositoryManagerFactory
instanceKlass org/eclipse/aether/internal/impl/SimpleLocalRepositoryManagerFactory
instanceKlass org/eclipse/aether/spi/localrepo/LocalRepositoryManagerFactory
instanceKlass org/eclipse/aether/internal/impl/DefaultRepositoryLayoutProvider
instanceKlass org/eclipse/aether/spi/connector/layout/RepositoryLayout
instanceKlass org/mule/weave/lsp/extension/protocol/WeaveInputBoxResult
instanceKlass org/mule/weave/lsp/extension/protocol/WeaveQuickPickResult
instanceKlass org/eclipse/aether/internal/impl/Maven2RepositoryLayoutFactory
instanceKlass org/eclipse/aether/spi/connector/layout/RepositoryLayoutFactory
instanceKlass org/eclipse/aether/internal/impl/checksum/DefaultChecksumAlgorithmFactorySelector
instanceKlass org/mule/weave/lsp/extension/protocol/ShowScenariosParams
instanceKlass org/mule/weave/lsp/extension/protocol/PreviewResult
instanceKlass org/mule/weave/lsp/extension/protocol/PublishTestResultsParams
instanceKlass org/mule/weave/lsp/extension/protocol/PublishTestItemsParams
instanceKlass org/mule/weave/lsp/extension/protocol/MetricEvent
instanceKlass org/mule/weave/lsp/extension/protocol/OpenWindowsParams
instanceKlass org/eclipse/aether/spi/connector/checksum/ChecksumAlgorithm
instanceKlass org/mule/weave/lsp/extension/protocol/LaunchConfiguration
instanceKlass org/mule/weave/lsp/extension/protocol/WeaveOpenDialogParams
instanceKlass org/mule/weave/lsp/extension/protocol/WeaveInputBoxParams
instanceKlass org/eclipse/aether/spi/connector/checksum/ChecksumAlgorithmFactorySupport
instanceKlass org/mule/weave/lsp/extension/protocol/WeaveQuickPickParams
instanceKlass org/eclipse/aether/spi/connector/checksum/ChecksumAlgorithmFactory
instanceKlass org/mule/weave/lsp/extension/protocol/OpenTextDocumentParams
instanceKlass org/mule/weave/lsp/extension/protocol/DependenciesParams
instanceKlass org/eclipse/aether/internal/impl/synccontext/DefaultSyncContextFactory
instanceKlass org/mule/weave/lsp/extension/protocol/EditorDecorationsParams
instanceKlass org/eclipse/aether/internal/impl/synccontext/named/NamedLockFactoryAdapterFactoryImpl
instanceKlass org/eclipse/aether/internal/impl/synccontext/named/HashingNameMapper
instanceKlass org/mule/weave/lsp/extension/protocol/SetContextParams
instanceKlass org/mule/weave/lsp/extension/protocol/JobEndedParams
instanceKlass org/eclipse/aether/internal/impl/synccontext/named/BasedirNameMapper
instanceKlass org/mule/weave/lsp/extension/protocol/JobStartedParams
instanceKlass org/eclipse/aether/internal/impl/synccontext/named/DiscriminatingNameMapper
instanceKlass org/eclipse/aether/internal/impl/synccontext/named/GAVNameMapper
instanceKlass org/eclipse/aether/internal/impl/synccontext/named/StaticNameMapper
instanceKlass org/eclipse/aether/internal/impl/synccontext/named/NameMappers
instanceKlass org/eclipse/aether/internal/impl/synccontext/named/NameMapper
instanceKlass org/eclipse/aether/named/support/AdaptedSemaphoreNamedLock$AdaptedSemaphore
instanceKlass org/eclipse/aether/named/support/NamedLockSupport
instanceKlass org/eclipse/aether/named/NamedLock
instanceKlass org/eclipse/aether/named/support/NamedLockFactorySupport
instanceKlass org/eclipse/aether/named/NamedLockFactory
instanceKlass org/eclipse/aether/internal/impl/DefaultUpdateCheckManager$1
instanceKlass org/eclipse/aether/internal/impl/DefaultUpdateCheckManager
instanceKlass org/eclipse/aether/spi/locator/Service
instanceKlass org/eclipse/aether/spi/connector/checksum/ChecksumPolicy
instanceKlass org/eclipse/aether/internal/impl/DefaultChecksumPolicyProvider
instanceKlass org/eclipse/aether/internal/impl/DefaultUpdatePolicyAnalyzer
instanceKlass org/eclipse/aether/internal/impl/DefaultOfflineController
instanceKlass org/eclipse/aether/internal/impl/DefaultRepositorySystemLifecycle
instanceKlass org/eclipse/aether/internal/impl/LocalPathPrefixComposer
instanceKlass org/eclipse/aether/internal/impl/LocalPathPrefixComposerFactorySupport
instanceKlass org/eclipse/aether/internal/impl/DefaultLocalPathComposer
instanceKlass org/eclipse/aether/internal/impl/DefaultTrackingFileManager
instanceKlass org/eclipse/aether/internal/impl/DefaultFileProcessor
instanceKlass org/eclipse/aether/impl/RemoteRepositoryFilterManager
instanceKlass org/eclipse/aether/internal/impl/TrackingFileManager
instanceKlass org/eclipse/aether/impl/RepositoryEventDispatcher
instanceKlass org/eclipse/aether/impl/RepositorySystemLifecycle
instanceKlass org/eclipse/aether/internal/impl/synccontext/named/NamedLockFactoryAdapterFactory
instanceKlass org/eclipse/aether/spi/connector/checksum/ChecksumPolicyProvider
instanceKlass org/eclipse/aether/impl/RemoteRepositoryManager
instanceKlass org/eclipse/aether/impl/UpdatePolicyAnalyzer
instanceKlass java/net/Inet4AddressImpl
instanceKlass org/eclipse/aether/impl/RepositoryConnectorProvider
instanceKlass org/eclipse/aether/spi/connector/transport/TransporterProvider
instanceKlass org/eclipse/aether/internal/impl/LocalPathPrefixComposerFactory
instanceKlass org/eclipse/aether/spi/connector/layout/RepositoryLayoutProvider
instanceKlass org/eclipse/aether/impl/OfflineController
instanceKlass org/eclipse/aether/impl/ArtifactResolver
instanceKlass org/eclipse/aether/internal/impl/LocalPathComposer
instanceKlass org/eclipse/aether/impl/MetadataResolver
instanceKlass org/eclipse/aether/impl/UpdateCheckManager
instanceKlass org/eclipse/aether/impl/DependencyCollector
instanceKlass org/eclipse/aether/impl/LocalRepositoryProvider
instanceKlass org/eclipse/aether/spi/synccontext/SyncContextFactory
instanceKlass org/mule/dx/platform/api/SafeRunner
instanceKlass org/mule/dx/platform/internal/DefaultProtocolService$1
instanceKlass org/apache/maven/repository/internal/ModelCacheFactory
instanceKlass org/eclipse/aether/impl/VersionRangeResolver
instanceKlass org/eclipse/aether/impl/ArtifactDescriptorReader
instanceKlass org/apache/maven/model/building/ModelBuilder
instanceKlass org/mule/dx/platform/api/utils/SafeRunner
instanceKlass org/eclipse/aether/impl/VersionResolver
instanceKlass org/mule/dx/platform/api/utils/SafeRunnable
instanceKlass org/eclipse/aether/impl/Deployer
instanceKlass org/eclipse/aether/impl/Installer
instanceKlass org/eclipse/aether/spi/io/FileProcessor
instanceKlass org/eclipse/aether/spi/connector/checksum/ChecksumAlgorithmFactorySelector
instanceKlass org/eclipse/aether/RepositorySystem
instanceKlass org/mule/dx/platform/internal/events/RegionChangeEvent
instanceKlass org/eclipse/aether/supplier/RepositorySystemSupplier
instanceKlass org/apache/maven/settings/crypto/SettingsDecryptionResult
instanceKlass org/apache/maven/settings/crypto/DefaultSettingsDecrypter
instanceKlass com/google/gson/internal/UnsafeAllocator
instanceKlass com/google/gson/internal/ConstructorConstructor$19
instanceKlass org/sonatype/plexus/components/sec/dispatcher/DefaultSecDispatcher
instanceKlass java/security/Key
instanceKlass java/security/spec/AlgorithmParameterSpec
instanceKlass org/sonatype/plexus/components/cipher/PBECipher
instanceKlass org/sonatype/plexus/components/cipher/DefaultPlexusCipher
instanceKlass org/apache/maven/settings/crypto/SettingsDecrypter
instanceKlass org/sonatype/plexus/components/sec/dispatcher/SecDispatcher
instanceKlass org/sonatype/plexus/components/cipher/PlexusCipher
instanceKlass eu/maveniverse/maven/mima/runtime/standalonestatic/SettingsDecrypterSupplier
instanceKlass org/apache/maven/settings/merge/MavenSettingsMerger
instanceKlass org/apache/maven/settings/validation/DefaultSettingsValidator
instanceKlass org/apache/maven/settings/io/DefaultSettingsWriter
instanceKlass org/apache/maven/settings/io/DefaultSettingsReader
instanceKlass org/codehaus/plexus/interpolation/InterpolationPostProcessor
instanceKlass org/apache/maven/settings/building/SettingsBuildingResult
instanceKlass org/apache/maven/settings/building/SettingsProblemCollector
instanceKlass org/apache/maven/building/Source
instanceKlass org/apache/maven/settings/building/DefaultSettingsBuilder
instanceKlass org/apache/maven/settings/building/SettingsBuilder
instanceKlass org/apache/maven/settings/io/SettingsReader
instanceKlass org/apache/maven/settings/io/SettingsWriter
instanceKlass org/apache/maven/settings/validation/SettingsValidator
instanceKlass eu/maveniverse/maven/mima/runtime/standalonestatic/SettingsBuilderSupplier
instanceKlass org/apache/maven/model/path/DefaultPathTranslator
instanceKlass org/codehaus/plexus/interpolation/ValueSource
instanceKlass org/apache/maven/model/path/ProfileActivationFilePathInterpolator
instanceKlass org/apache/maven/model/profile/activation/FileProfileActivator
instanceKlass org/apache/maven/model/profile/activation/OperatingSystemProfileActivator
instanceKlass org/apache/maven/model/profile/activation/PropertyProfileActivator
instanceKlass org/apache/maven/model/profile/activation/JdkVersionProfileActivator
instanceKlass org/apache/maven/model/profile/DefaultProfileSelector
instanceKlass org/apache/maven/model/profile/ProfileSelector
instanceKlass org/apache/maven/model/path/PathTranslator
instanceKlass org/apache/maven/model/profile/activation/ProfileActivator
instanceKlass eu/maveniverse/maven/mima/runtime/standalonestatic/ProfileSelectorSupplier
instanceKlass eu/maveniverse/maven/mima/runtime/standalonestatic/StaticLookup
instanceKlass eu/maveniverse/maven/mima/context/internal/IteratingLookup
instanceKlass eu/maveniverse/maven/mima/runtime/shared/PreBoot
instanceKlass eu/maveniverse/maven/mima/context/internal/MavenSystemHomeImpl
instanceKlass eu/maveniverse/maven/mima/context/internal/MavenUserHomeImpl
instanceKlass java/util/AbstractMap$SimpleEntry
instanceKlass java/util/TreeMap$TreeMapSpliterator
instanceKlass eu/maveniverse/maven/mima/context/Lookup
instanceKlass org/apache/maven/model/profile/ProfileActivationContext
instanceKlass org/apache/maven/model/building/ModelProblemCollector
instanceKlass org/eclipse/aether/repository/AuthenticationSelector
instanceKlass org/eclipse/aether/repository/ProxySelector
instanceKlass org/eclipse/aether/repository/MirrorSelector
instanceKlass org/apache/maven/settings/crypto/SettingsDecryptionRequest
instanceKlass org/eclipse/aether/resolution/ResolutionErrorPolicy
instanceKlass org/apache/maven/settings/building/SettingsBuildingRequest
instanceKlass org/eclipse/aether/repository/LocalRepositoryManager
instanceKlass eu/maveniverse/maven/mima/context/MavenUserHome
instanceKlass eu/maveniverse/maven/mima/context/MavenSystemHome
instanceKlass org/eclipse/aether/RepositorySystemSession
instanceKlass org/eclipse/aether/SessionData
instanceKlass org/eclipse/aether/RepositoryCache
instanceKlass eu/maveniverse/maven/mima/context/internal/RuntimeSupport
instanceKlass sun/nio/fs/WindowsUriSupport
instanceKlass com/mule/api/contribution/api/utils/io/IOUtils
instanceKlass eu/maveniverse/maven/mima/context/Runtime
instanceKlass eu/maveniverse/maven/mima/context/Runtimes
instanceKlass org/mule/weave/extension/plugin/maven/resolver/strategy/ResolverStrategy
instanceKlass com/mule/api/contribution/api/utils/io/ProjectUtils$1
instanceKlass com/google/common/collect/Lists
instanceKlass org/eclipse/aether/repository/RepositoryPolicy
instanceKlass org/eclipse/aether/repository/RemoteRepository$Builder
instanceKlass com/google/gson/internal/ConstructorConstructor$3
instanceKlass eu/maveniverse/maven/mima/context/ContextOverrides
instanceKlass org/mule/contribution/util/FileSystemUtils
instanceKlass com/google/gson/internal/Streams
instanceKlass com/mule/api/contribution/api/project/service/APIProjectChangeListener
instanceKlass java/util/LinkedList$LLSpliterator
instanceKlass org/mule/maven/client/api/model/ImmutableMavenConfiguration
instanceKlass java/util/concurrent/ForkJoinPool$DefaultCommonPoolForkJoinWorkerThreadFactory$1
instanceKlass org/mule/dx/platform/api/Constants
instanceKlass org/mule/dx/platform/internal/ContextImpl
instanceKlass org/eclipse/lsp4j/util/Preconditions
instanceKlass org/apache/commons/lang3/ArrayUtils
instanceKlass org/eclipse/lsp4j/ServerInfo
instanceKlass org/eclipse/lsp4j/jsonrpc/json/adapters/TypeUtils$ParameterizedTypeImpl
instanceKlass org/eclipse/lsp4j/jsonrpc/validation/NonNull
instanceKlass org/eclipse/lsp4j/ClientInfo
instanceKlass org/eclipse/lsp4j/jsonrpc/messages/Tuple$Two
instanceKlass org/eclipse/lsp4j/jsonrpc/messages/Tuple
instanceKlass org/eclipse/lsp4j/jsonrpc/json/adapters/TypeUtils
instanceKlass org/eclipse/lsp4j/jsonrpc/json/StreamMessageProducer$Headers
instanceKlass org/eclipse/lsp4j/jsonrpc/json/ConcurrentMessageProcessor$1
instanceKlass org/eclipse/lsp4j/jsonrpc/StandardLauncher
instanceKlass org/eclipse/lsp4j/jsonrpc/json/ConcurrentMessageProcessor
instanceKlass org/eclipse/lsp4j/jsonrpc/json/StreamMessageProducer
instanceKlass org/eclipse/lsp4j/jsonrpc/services/AnnotationUtil$DelegateInfo
instanceKlass org/eclipse/lsp4j/jsonrpc/services/EndpointProxy
instanceKlass org/eclipse/lsp4j/jsonrpc/messages/ResponseError
instanceKlass org/eclipse/lsp4j/jsonrpc/messages/Message
instanceKlass org/eclipse/lsp4j/jsonrpc/RemoteEndpoint
instanceKlass org/eclipse/lsp4j/jsonrpc/services/GenericEndpoint
instanceKlass org/eclipse/lsp4j/jsonrpc/json/StreamMessageConsumer
instanceKlass org/eclipse/lsp4j/jsonrpc/json/MessageConstants
instanceKlass org/eclipse/lsp4j/jsonrpc/json/adapters/MessageTypeAdapter$Factory
instanceKlass org/eclipse/lsp4j/jsonrpc/json/adapters/EnumTypeAdapter$Factory
instanceKlass org/eclipse/lsp4j/jsonrpc/json/adapters/TupleTypeAdapters$TwoTypeAdapterFactory
instanceKlass org/eclipse/lsp4j/jsonrpc/json/adapters/EitherTypeAdapter$Factory
instanceKlass org/eclipse/lsp4j/jsonrpc/json/adapters/ThrowableTypeAdapter$Factory
instanceKlass org/eclipse/lsp4j/jsonrpc/json/adapters/CollectionTypeAdapter$Factory
instanceKlass org/eclipse/lsp4j/jsonrpc/messages/CancelParams
instanceKlass org/eclipse/lsp4j/jsonrpc/json/MessageJsonHandler
instanceKlass java/lang/FunctionalInterface
instanceKlass org/mule/dx/platform/protocol/InitializeResult
instanceKlass org/eclipse/lsp4j/jsonrpc/json/JsonRpcMethodProvider
instanceKlass org/eclipse/lsp4j/jsonrpc/json/ResponseJsonAdapter
instanceKlass org/eclipse/lsp4j/jsonrpc/services/JsonDelegate
instanceKlass org/eclipse/lsp4j/jsonrpc/json/JsonRpcMethod
instanceKlass org/eclipse/lsp4j/jsonrpc/services/JsonNotification
instanceKlass org/mule/dx/platform/metrics/Metric
instanceKlass org/eclipse/lsp4j/ProgressParams
instanceKlass org/mule/dx/platform/api/AuthenticationClient
instanceKlass org/mule/dx/platform/api/ProjectsChangedParams
instanceKlass org/eclipse/lsp4j/jsonrpc/services/AnnotationUtil
instanceKlass org/eclipse/lsp4j/jsonrpc/services/AnnotationUtil$MethodInfo
instanceKlass org/eclipse/lsp4j/jsonrpc/services/ServiceEndpoints
instanceKlass org/eclipse/lsp4j/jsonrpc/json/MethodProvider
instanceKlass org/eclipse/lsp4j/jsonrpc/Endpoint
instanceKlass org/eclipse/lsp4j/jsonrpc/MessageProducer
instanceKlass org/eclipse/lsp4j/jsonrpc/MessageConsumer
instanceKlass org/eclipse/lsp4j/jsonrpc/MessageIssueHandler
instanceKlass org/eclipse/lsp4j/jsonrpc/Launcher$Builder
instanceKlass sun/net/NetHooks
instanceKlass jdk/net/ExtendedSocketOptions$PlatformSocketOptions$1
instanceKlass jdk/net/ExtendedSocketOptions$PlatformSocketOptions
instanceKlass jdk/net/ExtendedSocketOptions$ExtSocketOption
instanceKlass java/net/SocketOption
instanceKlass jdk/net/ExtendedSocketOptions
instanceKlass sun/net/ext/ExtendedSocketOptions
instanceKlass sun/nio/ch/Net$1
instanceKlass java/net/ProtocolFamily
instanceKlass sun/nio/ch/Net
instanceKlass java/net/InetSocketAddress$InetSocketAddressHolder
instanceKlass sun/net/PlatformSocketImpl
instanceKlass sun/net/NetProperties$1
instanceKlass sun/net/NetProperties
instanceKlass java/net/SocketImpl
instanceKlass java/net/SocketOptions
instanceKlass java/net/ServerSocket
instanceKlass org/mule/dx/contributions/munit/internal/jsonrpc/MuleDxMUnitServiceProtocolHandler$$FastClassByGuice$$415674654
instanceKlass org/mule/dx/contributions/munit/internal/jsonrpc/MuleDxMUnitServiceProtocolHandler
instanceKlass org/mule/dx/contributions/munit/dap/MUnitDebugComponent$$FastClassByGuice$$414667339
instanceKlass org/mule/dx/contributions/munit/dap/MUnitDebugProxy$$FastClassByGuice$$413509373
instanceKlass org/eclipse/lsp4j/debug/SetExpressionArguments
instanceKlass org/eclipse/lsp4j/debug/StepInArguments
instanceKlass org/eclipse/lsp4j/debug/ContinueArguments
instanceKlass org/eclipse/lsp4j/debug/SetBreakpointsArguments
instanceKlass org/eclipse/lsp4j/debug/RestartArguments
instanceKlass org/eclipse/lsp4j/debug/StepOutArguments
instanceKlass org/eclipse/lsp4j/debug/VariablesArguments
instanceKlass com/evanlennick/retry4j/AttemptStatus
instanceKlass org/mule/dx/contributions/munit/dap/MUnitLock
instanceKlass org/eclipse/lsp4j/debug/SetExceptionBreakpointsArguments
instanceKlass org/eclipse/lsp4j/debug/ScopesArguments
instanceKlass org/eclipse/lsp4j/debug/TerminateArguments
instanceKlass org/eclipse/lsp4j/debug/EvaluateArguments
instanceKlass org/eclipse/lsp4j/debug/StackTraceArguments
instanceKlass org/eclipse/lsp4j/debug/NextArguments
instanceKlass org/eclipse/lsp4j/debug/DisconnectArguments
instanceKlass org/mule/dx/contributions/munit/dap/MUnitDebugProxy
instanceKlass org/mule/dx/contributions/munit/dap/MUnitDebugComponent
instanceKlass org/mule/weave/extension/plugin/protocol/DataWeaveProtocolHandler$$FastClassByGuice$$412962912
instanceKlass org/mule/weave/extension/plugin/protocol/DataWeaveProtocolHandler
instanceKlass org/mule/weave/extension/plugin/DataWeaveLSPComponent$$FastClassByGuice$$411233412
instanceKlass org/mule/weave/extension/plugin/DataWeaveLSPComponent
instanceKlass com/mule/api/contribution/jsonrpc/APIProtocolHandler$$FastClassByGuice$$410777517
instanceKlass com/mule/api/contribution/jsonrpc/APIProtocolHandler
instanceKlass com/mule/api/contribution/api/editor/ALSComponent$$FastClassByGuice$$409509931
instanceKlass com/mule/api/contribution/api/editor/ExtendedLanguageServerWrapper
instanceKlass org/mulesoft/als/server/client/platform/AbstractClientConnection
instanceKlass org/mulesoft/als/server/protocol/client/AlsLanguageClientAware
instanceKlass org/mulesoft/lsp/client/LspLanguageClientAware
instanceKlass org/mulesoft/als/logger/Logger
instanceKlass org/mulesoft/anypoint/server/platform/AnypointClientNotifier
instanceKlass org/mulesoft/als/server/SerializationProps
instanceKlass org/mulesoft/als/server/client/platform/AlsClientNotifier
instanceKlass org/mulesoft/als/server/client/platform/ClientNotifier
instanceKlass com/mule/api/contribution/api/editor/ALSComponent
instanceKlass org/mule/contribution/MuleLSPProtocolHandler$$FastClassByGuice$$408086181
instanceKlass org/mule/contribution/MuleLSPProtocolHandler
instanceKlass org/mule/contribution/internal/utils/GrpcProtocolServiceImpl
instanceKlass org/mule/contribution/runtime/instance/util/WindowsWrapperAndPIDFileResolver
instanceKlass org/mule/contribution/service/MuleProtocolHandler$$FastClassByGuice$$407590016
instanceKlass org/mule/contribution/service/MuleProtocolHandler
instanceKlass org/mule/contribution/dap/MuleDebugComponent$$FastClassByGuice$$406655499
instanceKlass org/eclipse/lsp4j/debug/services/IDebugProtocolServer
instanceKlass org/mule/contribution/dap/MuleDebugComponent
instanceKlass org/mule/dx/platform/api/protocol/DAPProtocolHandler
instanceKlass amf/core/client/platform/resource/ResourceLoader
instanceKlass org/yaml/builder/DocBuilder
instanceKlass com/google/common/collect/Hashing
instanceKlass com/google/common/math/IntMath$1
instanceKlass com/google/common/math/MathPreconditions
instanceKlass com/google/common/math/IntMath
instanceKlass com/google/common/base/Preconditions
instanceKlass com/google/common/collect/ImmutableSet$SetBuilderImpl
instanceKlass org/mule/dx/contributions/jsonrpc/ApikitProtocolHandler$$FastClassByGuice$$405096150
instanceKlass org/mule/dx/contributions/jsonrpc/ApikitProtocolHandler
instanceKlass java/util/stream/SliceOps
instanceKlass org/apache/logging/log4j/core/config/Configurator
instanceKlass org/mule/dx/contributions/munit/internal/maven/model/DefaultMavenDependencyModel
instanceKlass org/mule/dx/contributions/munit/internal/maven/model/DefaultMavenDependencyModel$Builder
instanceKlass org/mule/weave/extension/plugin/services/sample/SampleDataResourcesBasedOnWeaveScenariosServiceFactory$$FastClassByGuice$$404066550
instanceKlass org/mule/weave/extension/api/services/sample/WeaveSampleDataResourcesService
instanceKlass org/mule/weave/extension/plugin/services/sample/SampleDataResourcesBasedOnWeaveScenariosServiceFactory
instanceKlass org/mule/weave/extension/plugin/spell/structure/SpellProjectStructureComponentFactory$$FastClassByGuice$$403539419
instanceKlass org/mule/weave/extension/plugin/spell/structure/SpellProjectStructureComponentFactory
instanceKlass org/mule/weave/extension/plugin/spell/components/SpellDependencyModelManagerFactory$$FastClassByGuice$$402083336
instanceKlass org/mule/weave/extension/plugin/spell/components/SpellDependencyModelManagerFactory
instanceKlass org/mule/weave/extension/plugin/spell/features/SpellFeatureDescriptorComponentFactory$$FastClassByGuice$$400882335
instanceKlass org/mule/weave/extension/plugin/spell/features/SpellFeatureDescriptorComponentFactory
instanceKlass org/mule/weave/extension/plugin/spell/dependencies/SpellDependenciesComponentFactory$$FastClassByGuice$$400099308
instanceKlass org/mule/weave/extension/plugin/spell/dependencies/SpellDependenciesComponentFactory
instanceKlass org/mule/weave/extension/plugin/sfdc/structure/SFDXProjectStructureComponentFactory$$FastClassByGuice$$399163743
instanceKlass org/mule/weave/extension/plugin/sfdc/structure/SFDXProjectStructureComponentFactory
instanceKlass org/mule/weave/extension/plugin/sfdc/features/SFDXFeatureDescriptorComponentFactory$$FastClassByGuice$$398402067
instanceKlass org/mule/weave/extension/plugin/sfdc/features/SFDXFeatureDescriptorComponentFactory
instanceKlass org/mule/weave/extension/plugin/sfdc/dependencies/SFDXDependencyModelManagerFactory$$FastClassByGuice$$396991143
instanceKlass org/mule/weave/extension/plugin/sfdc/dependencies/SFDXDependencyModelManagerFactory
instanceKlass org/mule/weave/extension/plugin/sfdc/dependencies/SFDXDependenciesComponentFactory$$FastClassByGuice$$395583062
instanceKlass org/mule/weave/extension/plugin/sfdc/dependencies/SFDXDependenciesComponentFactory
instanceKlass org/mule/weave/extension/plugin/services/filesystem/DefaultProjectVirtualFileSystemServiceFactory$$FastClassByGuice$$394723893
instanceKlass org/mule/weave/extension/api/services/filesystem/ProjectVirtualFileSystemService
instanceKlass org/mule/weave/extension/plugin/services/filesystem/DefaultProjectVirtualFileSystemServiceFactory
instanceKlass org/mule/weave/extension/plugin/maven/structure/MavenProjectStructureProviderFactory$$FastClassByGuice$$393716251
instanceKlass org/mule/weave/extension/plugin/maven/structure/MavenProjectStructureProviderFactory
instanceKlass org/mule/weave/extension/plugin/maven/sample/MavenSampleDataComponentFactory$$FastClassByGuice$$392428792
instanceKlass org/mule/weave/extension/plugin/maven/sample/MavenSampleDataComponentFactory
instanceKlass org/mule/weave/extension/plugin/maven/features/MavenFeatureDescriptorComponentFactory$$FastClassByGuice$$391136495
instanceKlass org/mule/weave/extension/plugin/maven/features/MavenFeatureDescriptorComponentFactory
instanceKlass org/mule/weave/extension/plugin/maven/dependencies/MavenDependencyComponentFactory$$FastClassByGuice$$390978179
instanceKlass org/mule/weave/extension/plugin/maven/dependencies/MavenDependencyComponentFactory
instanceKlass org/mule/weave/extension/plugin/maven/builder/MavenBuildManagerFactory$$FastClassByGuice$$389644011
instanceKlass org/mule/weave/extension/plugin/maven/builder/MavenBuildManagerFactory
instanceKlass org/mule/weave/extension/api/component/builder/BaseBuildManagerComponentFactory
instanceKlass org/mule/weave/extension/plugin/services/mapping/DefaultMappingServiceFactory$$FastClassByGuice$$388340852
instanceKlass org/mule/weave/extension/api/services/mapping/MappingService
instanceKlass org/mule/weave/extension/plugin/services/mapping/DefaultMappingServiceFactory
instanceKlass org/mule/weave/extension/plugin/services/indexer/DefaultIndexServiceFactory$$FastClassByGuice$$387178764
instanceKlass org/mule/weave/extension/api/services/indexer/IndexService
instanceKlass org/mule/weave/extension/plugin/services/indexer/DefaultIndexServiceFactory
instanceKlass org/mule/weave/extension/plugin/services/event/EventBroadcastServiceFactory$$FastClassByGuice$$386810176
instanceKlass org/mule/weave/extension/plugin/services/event/EventBroadcastService
instanceKlass org/mule/weave/extension/plugin/services/event/EventBroadcastServiceFactory
instanceKlass org/mule/weave/extension/plugin/services/DefaultDiagnosticServiceFactory$$FastClassByGuice$$385167787
instanceKlass org/mule/weave/extension/plugin/services/DefaultDiagnosticServiceFactory
instanceKlass org/mule/weave/extension/plugin/maven/components/DataWeaveMavenDependencyModelManagerFactory$$FastClassByGuice$$384036917
instanceKlass org/mule/weave/extension/plugin/maven/components/DataWeaveMavenDependencyModelManagerFactory
instanceKlass org/mule/weave/extension/plugin/common/DefaultSampleDataComponentFactory$$FastClassByGuice$$383446096
instanceKlass org/mule/weave/extension/plugin/common/DefaultSampleDataComponent
instanceKlass org/mule/weave/lsp/project/components/SampleDataComponent
instanceKlass org/mule/weave/extension/plugin/common/DefaultSampleDataComponentFactory
instanceKlass org/mule/weave/extension/plugin/common/DefaultProjectStructureComponentFactory$$FastClassByGuice$$381692724
instanceKlass org/mule/weave/extension/plugin/common/DefaultProjectStructureComponent
instanceKlass org/mule/weave/extension/plugin/common/DefaultProjectStructureComponentFactory
instanceKlass org/mule/weave/extension/plugin/common/DefaultMetadataProviderComponentFactory$$FastClassByGuice$$380923218
instanceKlass org/mule/weave/extension/plugin/common/DefaultMetadataProviderComponent
instanceKlass org/mule/weave/extension/plugin/common/DefaultMetadataProviderComponentFactory
instanceKlass org/mule/weave/extension/plugin/common/DefaultDependencyComponentFactory$$FastClassByGuice$$380366578
instanceKlass org/mule/weave/extension/plugin/common/DefaultDependencyComponent
instanceKlass org/mule/weave/extension/plugin/project/ProjectKindContextAware
instanceKlass org/mule/weave/extension/plugin/common/DefaultDependencyComponentFactory
instanceKlass org/mule/weave/extension/plugin/common/DefaultBuilderComponentFactory$$FastClassByGuice$$378675218
instanceKlass org/mule/weave/extension/plugin/common/DefaultBuilderComponent
instanceKlass org/mule/weave/extension/api/component/builder/WeaveBuildComponent
instanceKlass org/mule/weave/extension/plugin/common/DefaultBuilderComponentFactory
instanceKlass org/mule/weave/extension/plugin/bat/features/BatFeatureDescriptorComponentFactory$$FastClassByGuice$$377732636
instanceKlass org/mule/weave/extension/plugin/bat/features/BatFeatureDescriptorComponentFactory
instanceKlass org/mule/weave/extension/plugin/services/metadata/SampleBasedMetadataProviderServiceFactory$$FastClassByGuice$$377300469
instanceKlass org/mule/weave/extension/api/services/metadata/WeaveSampleBasedMetadataProviderService
instanceKlass org/mule/weave/extension/plugin/services/metadata/SampleBasedMetadataProviderServiceFactory
instanceKlass org/mule/weave/extension/plugin/bat/structure/BatProjectStructureComponentFactory$$FastClassByGuice$$376005429
instanceKlass org/mule/weave/extension/plugin/bat/structure/BatProjectStructureComponentFactory
instanceKlass org/mule/weave/extension/api/component/structure/BaseProjectStructureComponentFactory
instanceKlass org/mule/weave/lsp/bat/BatConstants$
instanceKlass org/mule/weave/lsp/bat/BatConstants
instanceKlass org/mule/weave/extension/plugin/bat/metadata/BatMetadataProviderComponentFactory$$FastClassByGuice$$374716013
instanceKlass org/mule/weave/extension/plugin/bat/dependencies/BatDependencyModelManagerFactory$$FastClassByGuice$$373521987
instanceKlass org/mule/weave/extension/plugin/bat/dependencies/BatDependencyModelManagerFactory
instanceKlass org/mule/weave/extension/plugin/bat/dependencies/BatDependenciesComponentFactory$$FastClassByGuice$$372564677
instanceKlass org/mule/weave/extension/api/component/dependency/WeaveDependencyComponent
instanceKlass org/mule/weave/extension/plugin/bat/dependencies/BatDependenciesComponentFactory
instanceKlass org/mule/weave/extension/api/component/dependency/BaseDependencyComponentFactory
instanceKlass org/mule/weave/extension/plugin/services/ast/DefaultAstNodeServiceFactory$$FastClassByGuice$$372150763
instanceKlass org/mule/weave/extension/plugin/services/ast/DefaultAstNodeServiceFactory
instanceKlass org/mule/weave/extension/api/services/WeaveServiceFactory
instanceKlass com/mule/api/contribution/api/project/dependency/DefaultAPIDependencyModelManagerFactory$$FastClassByGuice$$370647123
instanceKlass com/mule/api/contribution/api/project/dependency/APIDependencyModelManager
instanceKlass com/mule/api/contribution/api/project/dependency/DefaultAPIDependencyModelManagerFactory
instanceKlass com/mule/api/contribution/api/project/dependency/APIDependencyModelManagerFactory
instanceKlass org/mule/contribution/dataweave/structure/MuleProjectStructureProviderFactory$$FastClassByGuice$$369912514
instanceKlass org/mule/weave/extension/api/component/structure/WeaveProjectStructureComponent
instanceKlass org/mule/contribution/dataweave/structure/MuleProjectStructureProviderFactory
instanceKlass org/mule/contribution/dataweave/metadata/MuleMetadataProviderComponentFactory$$FastClassByGuice$$368720665
instanceKlass org/mule/weave/extension/api/component/NatureBasedComponentFactory
instanceKlass org/mule/contribution/dataweave/feature/MuleFeatureDescriptorComponentFactory$$FastClassByGuice$$367198707
instanceKlass org/mule/weave/extension/api/component/features/FeatureDescriptorComponent
instanceKlass org/mule/contribution/dataweave/feature/MuleFeatureDescriptorComponentFactory
instanceKlass org/mule/weave/extension/api/component/features/FeatureDescriptorComponentFactory
instanceKlass org/mule/contribution/internal/MulePluginManagerComponentFactory$$FastClassByGuice$$366291041
instanceKlass org/mule/contribution/internal/MulePluginManagerComponentFactory
instanceKlass org/mule/contribution/datasense/metadata/cache/MetadataTypesManagerFactory$$FastClassByGuice$$365938599
instanceKlass org/mule/contribution/datasense/metadata/cache/MetadataTypesManagerFactory
instanceKlass org/mule/dx/platform/internal/api/maven/DefaultMavenDependencyModelManagerFactory$$FastClassByGuice$$364627247
instanceKlass org/mule/dx/platform/internal/api/maven/DefaultMavenDependencyModelManagerFactory
instanceKlass org/mule/contribution/MuleProjectDependencyManagerFactory$$FastClassByGuice$$363310443
instanceKlass org/mule/dx/platform/api/dependency/NatureBasedDependencyModelManagerFactory
instanceKlass org/apache/maven/settings/Activation
instanceKlass java/util/stream/MatchOps$BooleanTerminalSink
instanceKlass java/util/stream/MatchOps$MatchOp
instanceKlass java/util/stream/MatchOps
instanceKlass sun/nio/fs/WindowsWatchService$FileKey
instanceKlass org/mule/dx/platform/internal/events/MavenUserSettingsChangeListener
instanceKlass sun/nio/fs/AbstractPoller$2
instanceKlass sun/nio/fs/AbstractPoller$Request
instanceKlass java/nio/file/WatchEvent$Modifier
instanceKlass sun/nio/fs/AbstractPoller$1
instanceKlass sun/nio/fs/AbstractPoller
instanceKlass java/nio/file/StandardWatchEventKinds$StdWatchEventKind
instanceKlass java/nio/file/WatchEvent$Kind
instanceKlass java/nio/file/StandardWatchEventKinds
instanceKlass sun/nio/fs/AbstractWatchKey$Event
instanceKlass java/nio/file/WatchEvent
instanceKlass sun/nio/fs/AbstractWatchKey
instanceKlass sun/nio/fs/AbstractWatchService
instanceKlass java/nio/file/WatchService
instanceKlass org/mule/dx/platform/internal/files/FileWatcher
instanceKlass org/mule/dx/platform/internal/events/EventTypes
instanceKlass org/mule/dx/platform/internal/events/MavenUserSettingsChangeEvent
instanceKlass com/sun/org/apache/xml/internal/serializer/WriterChain
instanceKlass com/sun/org/apache/xalan/internal/xsltc/trax/DOM2TO
instanceKlass org/xml/sax/ext/Locator2
instanceKlass org/xml/sax/Locator
instanceKlass org/xml/sax/XMLReader
instanceKlass javax/xml/transform/stax/StAXSource
instanceKlass javax/xml/transform/sax/SAXSource
instanceKlass javax/xml/transform/stream/StreamSource
instanceKlass com/sun/org/apache/xml/internal/serializer/NamespaceMappings$MappingRecord
instanceKlass com/sun/org/apache/xml/internal/serializer/NamespaceMappings
instanceKlass sun/nio/cs/DelegatableDecoder
instanceKlass java/nio/charset/Charset$1
instanceKlass java/nio/charset/Charset$2
instanceKlass java/nio/charset/Charset$ExtendedProviderHolder$1
instanceKlass java/nio/charset/Charset$ExtendedProviderHolder
instanceKlass com/sun/org/apache/xml/internal/serializer/Encodings$EncodingInfos
instanceKlass com/sun/org/apache/xml/internal/serializer/Encodings
instanceKlass com/sun/org/apache/xml/internal/serializer/ToStream$CharacterBuffer
instanceKlass com/sun/org/apache/xml/internal/serializer/EncodingInfo
instanceKlass com/sun/org/apache/xml/internal/serializer/ToStream$BoolStack
instanceKlass com/sun/org/apache/xml/internal/serializer/CharInfo$CharKey
instanceKlass sun/util/ResourceBundleEnumeration
instanceKlass java/util/ResourceBundle$3
instanceKlass com/sun/org/apache/xml/internal/serializer/CharInfo
instanceKlass com/sun/org/apache/xml/internal/serializer/ElemContext
instanceKlass org/xml/sax/helpers/AttributesImpl
instanceKlass org/xml/sax/Attributes
instanceKlass com/sun/org/apache/xml/internal/serializer/SerializerBase
instanceKlass com/sun/org/apache/xml/internal/serializer/SerializerConstants
instanceKlass com/sun/org/apache/xml/internal/serializer/SerializationHandler
instanceKlass com/sun/org/apache/xml/internal/serializer/Serializer
instanceKlass com/sun/org/apache/xml/internal/serializer/DOMSerializer
instanceKlass org/xml/sax/DTDHandler
instanceKlass org/xml/sax/ext/DeclHandler
instanceKlass com/sun/org/apache/xml/internal/serializer/XSLOutputAttributes
instanceKlass com/sun/org/apache/xml/internal/serializer/ExtendedLexicalHandler
instanceKlass org/xml/sax/ext/LexicalHandler
instanceKlass com/sun/org/apache/xml/internal/serializer/ExtendedContentHandler
instanceKlass org/xml/sax/ContentHandler
instanceKlass javax/xml/transform/dom/DOMResult
instanceKlass javax/xml/transform/stax/StAXResult
instanceKlass javax/xml/transform/sax/SAXResult
instanceKlass com/sun/org/apache/xalan/internal/xsltc/runtime/output/TransletOutputHandlerFactory
instanceKlass javax/xml/transform/stream/StreamResult
instanceKlass javax/xml/transform/dom/DOMSource
instanceKlass com/sun/org/apache/xml/internal/utils/XMLReaderManager
instanceKlass com/sun/org/apache/xml/internal/serializer/OutputPropertiesFactory
instanceKlass javax/xml/transform/Transformer
instanceKlass com/sun/org/apache/xalan/internal/xsltc/DOMCache
instanceKlass javax/xml/catalog/CatalogMessages
instanceKlass javax/xml/catalog/Util
instanceKlass jdk/xml/internal/JdkProperty
instanceKlass jdk/xml/internal/XMLSecurityManager
instanceKlass com/sun/org/apache/xalan/internal/utils/FeaturePropertyBase
instanceKlass jdk/xml/internal/JdkXmlFeatures
instanceKlass javax/xml/catalog/CatalogFeatures$Builder
instanceKlass javax/xml/catalog/CatalogFeatures
instanceKlass jdk/xml/internal/TransformErrorListener
instanceKlass javax/xml/transform/ErrorListener
instanceKlass com/sun/org/apache/xalan/internal/xsltc/compiler/SourceLoader
instanceKlass javax/xml/transform/FactoryFinder$1
instanceKlass javax/xml/transform/FactoryFinder
instanceKlass javax/xml/transform/TransformerFactory
instanceKlass java/nio/file/FileStore
instanceKlass sun/nio/fs/WindowsSecurity
instanceKlass sun/nio/fs/AbstractAclFileAttributeView
instanceKlass java/nio/file/attribute/AclFileAttributeView
instanceKlass java/nio/file/attribute/FileOwnerAttributeView
instanceKlass sun/nio/fs/WindowsLinkSupport
instanceKlass sun/nio/fs/WindowsFileSystemProvider$1
instanceKlass org/apache/maven/settings/building/DefaultSettingsBuildingResult
instanceKlass org/codehaus/plexus/interpolation/SimpleRecursionInterceptor
instanceKlass org/apache/maven/settings/building/DefaultSettingsBuilder$1
instanceKlass org/codehaus/plexus/interpolation/os/OperatingSystemUtils$DefaultEnvVarSource
instanceKlass org/codehaus/plexus/interpolation/os/OperatingSystemUtils$EnvVarSource
instanceKlass org/codehaus/plexus/interpolation/os/OperatingSystemUtils
instanceKlass org/codehaus/plexus/interpolation/AbstractValueSource
instanceKlass org/codehaus/plexus/interpolation/RecursionInterceptor
instanceKlass org/codehaus/plexus/interpolation/RegexBasedInterpolator
instanceKlass org/codehaus/plexus/interpolation/Interpolator
instanceKlass org/codehaus/plexus/interpolation/BasicInterpolator
instanceKlass org/codehaus/plexus/util/xml/pull/MXSerializer
instanceKlass org/codehaus/plexus/util/xml/pull/XmlSerializer
instanceKlass org/apache/maven/settings/io/xpp3/SettingsXpp3Writer
instanceKlass org/codehaus/plexus/util/StringUtils
instanceKlass org/codehaus/plexus/util/xml/pull/EntityReplacementMap
instanceKlass org/codehaus/plexus/util/xml/pull/MXParser
instanceKlass org/apache/maven/settings/io/xpp3/SettingsXpp3Reader$1
instanceKlass org/codehaus/plexus/util/xml/pull/XmlPullParser
instanceKlass org/apache/maven/settings/io/xpp3/SettingsXpp3Reader$ContentTransformer
instanceKlass org/apache/maven/settings/io/xpp3/SettingsXpp3Reader
instanceKlass org/apache/maven/building/FileSource
instanceKlass org/apache/maven/settings/building/DefaultSettingsProblemCollector
instanceKlass org/apache/maven/settings/merge/MavenSettingsMerger
instanceKlass org/apache/maven/settings/validation/DefaultSettingsValidator
instanceKlass org/apache/maven/settings/io/DefaultSettingsWriter
instanceKlass org/apache/maven/settings/io/DefaultSettingsReader
instanceKlass org/codehaus/plexus/interpolation/InterpolationPostProcessor
instanceKlass org/codehaus/plexus/interpolation/ValueSource
instanceKlass org/apache/maven/settings/building/SettingsProblemCollector
instanceKlass org/apache/maven/building/Source
instanceKlass org/apache/maven/settings/building/DefaultSettingsBuilder
instanceKlass org/apache/maven/settings/building/SettingsBuilder
instanceKlass org/apache/maven/settings/building/DefaultSettingsBuildingRequest
instanceKlass org/apache/maven/settings/io/SettingsReader
instanceKlass org/apache/maven/settings/io/SettingsWriter
instanceKlass org/apache/maven/settings/validation/SettingsValidator
instanceKlass com/mule/api/contribution/api/editor/DescriptorSavedListener
instanceKlass org/mule/dx/platform/api/event/UserChangeListener
instanceKlass com/mule/api/contribution/api/console/service/APIModelChangeListener
instanceKlass org/apache/logging/log4j/message/ReusableSimpleMessage
instanceKlass org/slf4j/MDC
instanceKlass org/aspectj/runtime/reflect/JoinPointImpl
instanceKlass com/mule/api/contribution/jsonrpc/catalog/model/api/from/scratch/ProjectMetadataConfiguration$ProjectMetadataConfigurationBuilder
instanceKlass com/mule/api/contribution/jsonrpc/project/agentforce/model/AgentforceApiProjectMetadata
instanceKlass com/mule/api/contribution/common/ClassLoaderUtils
instanceKlass com/mule/api/contribution/jsonrpc/window/util/JobIdGeneratorUtil
instanceKlass com/fasterxml/jackson/databind/ser/BeanSerializerModifier
instanceKlass com/fasterxml/jackson/databind/ser/Serializers
instanceKlass com/fasterxml/jackson/databind/cfg/SerializerFactoryConfig
instanceKlass com/fasterxml/jackson/databind/ser/std/StdJdkSerializers
instanceKlass com/fasterxml/jackson/databind/ser/std/NumberSerializers
instanceKlass com/fasterxml/jackson/databind/deser/DeserializerCache
instanceKlass com/fasterxml/jackson/databind/KeyDeserializer
instanceKlass com/fasterxml/jackson/databind/deser/std/StdKeyDeserializers
instanceKlass com/fasterxml/jackson/databind/deser/KeyDeserializers
instanceKlass com/fasterxml/jackson/databind/deser/ValueInstantiators
instanceKlass com/fasterxml/jackson/databind/AbstractTypeResolver
instanceKlass com/fasterxml/jackson/databind/deser/BeanDeserializerModifier
instanceKlass com/fasterxml/jackson/databind/cfg/DeserializerFactoryConfig
instanceKlass com/fasterxml/jackson/databind/PropertyName
instanceKlass com/fasterxml/jackson/databind/deser/Deserializers
instanceKlass com/fasterxml/jackson/annotation/ObjectIdGenerator
instanceKlass com/fasterxml/jackson/databind/deser/ValueInstantiator$Gettable
instanceKlass com/fasterxml/jackson/databind/deser/ContextualDeserializer
instanceKlass com/fasterxml/jackson/databind/deser/ResolvableDeserializer
instanceKlass com/fasterxml/jackson/databind/JsonDeserializer
instanceKlass com/fasterxml/jackson/databind/deser/NullValueProvider
instanceKlass com/fasterxml/jackson/databind/ser/SerializerCache
instanceKlass com/fasterxml/jackson/databind/ser/ResolvableSerializer
instanceKlass com/fasterxml/jackson/databind/ser/ContextualSerializer
instanceKlass com/fasterxml/jackson/databind/jsonschema/SchemaAware
instanceKlass com/fasterxml/jackson/databind/JsonSerializer
instanceKlass com/fasterxml/jackson/databind/jsonFormatVisitors/JsonFormatVisitable
instanceKlass com/fasterxml/jackson/databind/node/JsonNodeFactory
instanceKlass com/fasterxml/jackson/databind/node/JsonNodeCreator
instanceKlass com/fasterxml/jackson/databind/cfg/ContextAttributes
instanceKlass com/fasterxml/jackson/core/util/Separators
instanceKlass com/fasterxml/jackson/core/util/DefaultPrettyPrinter$NopIndenter
instanceKlass com/fasterxml/jackson/databind/cfg/ConfigFeature
instanceKlass com/fasterxml/jackson/databind/cfg/ConfigOverride
instanceKlass com/fasterxml/jackson/annotation/JsonFormat$Features
instanceKlass com/fasterxml/jackson/annotation/JsonFormat$Value
instanceKlass com/fasterxml/jackson/databind/cfg/CoercionConfig
instanceKlass com/fasterxml/jackson/databind/cfg/CoercionConfigs
instanceKlass com/fasterxml/jackson/databind/introspect/VisibilityChecker$Std
instanceKlass com/fasterxml/jackson/annotation/JsonSetter$Value
instanceKlass com/fasterxml/jackson/annotation/JsonInclude$Value
instanceKlass com/fasterxml/jackson/annotation/JacksonAnnotationValue
instanceKlass com/fasterxml/jackson/databind/cfg/ConfigOverrides
instanceKlass com/fasterxml/jackson/databind/introspect/AnnotatedClass$Creators
instanceKlass com/fasterxml/jackson/databind/introspect/AnnotationCollector$NoAnnotations
instanceKlass com/fasterxml/jackson/databind/util/Annotations
instanceKlass com/fasterxml/jackson/databind/introspect/AnnotationCollector
instanceKlass com/fasterxml/jackson/databind/introspect/AnnotatedClassResolver
instanceKlass com/fasterxml/jackson/databind/BeanDescription
instanceKlass com/fasterxml/jackson/databind/cfg/MapperConfig
instanceKlass com/fasterxml/jackson/databind/introspect/SimpleMixInResolver
instanceKlass com/fasterxml/jackson/databind/introspect/ClassIntrospector$MixInResolver
instanceKlass com/fasterxml/jackson/databind/util/RootNameLookup
instanceKlass com/fasterxml/jackson/core/sym/ByteQuadsCanonicalizer$TableInfo
instanceKlass com/fasterxml/jackson/core/sym/ByteQuadsCanonicalizer
instanceKlass com/fasterxml/jackson/core/sym/CharsToNameCanonicalizer$Bucket
instanceKlass com/fasterxml/jackson/core/sym/CharsToNameCanonicalizer$TableInfo
instanceKlass com/fasterxml/jackson/core/sym/CharsToNameCanonicalizer
instanceKlass com/fasterxml/jackson/core/io/CharTypes
instanceKlass com/fasterxml/jackson/core/io/JsonStringEncoder
instanceKlass com/fasterxml/jackson/core/io/SerializedString
instanceKlass com/fasterxml/jackson/core/util/DefaultPrettyPrinter$Indenter
instanceKlass com/fasterxml/jackson/core/util/DefaultPrettyPrinter
instanceKlass com/fasterxml/jackson/core/util/Instantiatable
instanceKlass com/fasterxml/jackson/core/PrettyPrinter
instanceKlass com/fasterxml/jackson/core/util/JacksonFeature
instanceKlass com/fasterxml/jackson/core/async/ByteArrayFeeder
instanceKlass com/fasterxml/jackson/core/async/NonBlockingInputFeeder
instanceKlass com/fasterxml/jackson/core/TSFBuilder
instanceKlass com/fasterxml/jackson/core/SerializableString
instanceKlass com/fasterxml/jackson/databind/introspect/AccessorNamingStrategy
instanceKlass com/fasterxml/jackson/core/Base64Variant
instanceKlass com/fasterxml/jackson/core/Base64Variants
instanceKlass java/text/DigitList
instanceKlass java/text/AttributedCharacterIterator$Attribute
instanceKlass com/fasterxml/jackson/databind/type/TypeBindings
instanceKlass com/fasterxml/jackson/databind/type/TypeParser
instanceKlass com/fasterxml/jackson/databind/type/TypeFactory
instanceKlass com/fasterxml/jackson/databind/cfg/BaseSettings
instanceKlass com/fasterxml/jackson/databind/util/LRUMap
instanceKlass com/fasterxml/jackson/databind/util/LookupCache
instanceKlass java/beans/ConstructorProperties
instanceKlass java/beans/Transient
instanceKlass com/fasterxml/jackson/databind/util/ClassUtil$Ctor
instanceKlass com/fasterxml/jackson/databind/util/ClassUtil
instanceKlass com/fasterxml/jackson/databind/ext/Java7Support
instanceKlass com/fasterxml/jackson/annotation/JsonMerge
instanceKlass com/fasterxml/jackson/databind/annotation/JsonDeserialize
instanceKlass com/fasterxml/jackson/annotation/JsonManagedReference
instanceKlass com/fasterxml/jackson/annotation/JsonBackReference
instanceKlass com/fasterxml/jackson/annotation/JsonUnwrapped
instanceKlass com/fasterxml/jackson/annotation/JsonRawValue
instanceKlass com/fasterxml/jackson/annotation/JsonTypeInfo
instanceKlass com/fasterxml/jackson/annotation/JsonFormat
instanceKlass com/fasterxml/jackson/annotation/JsonView
instanceKlass com/fasterxml/jackson/databind/annotation/JsonSerialize
instanceKlass com/fasterxml/jackson/databind/introspect/ConcreteBeanPropertyBase
instanceKlass com/fasterxml/jackson/databind/BeanProperty
instanceKlass com/fasterxml/jackson/databind/introspect/BeanPropertyDefinition
instanceKlass com/fasterxml/jackson/databind/util/Named
instanceKlass com/fasterxml/jackson/databind/introspect/TypeResolutionContext
instanceKlass com/fasterxml/jackson/databind/introspect/Annotated
instanceKlass com/fasterxml/jackson/databind/introspect/VisibilityChecker
instanceKlass com/fasterxml/jackson/databind/introspect/ClassIntrospector
instanceKlass com/fasterxml/jackson/core/type/ResolvedType
instanceKlass com/fasterxml/jackson/core/JsonGenerator
instanceKlass com/fasterxml/jackson/core/JsonParser
instanceKlass com/fasterxml/jackson/databind/Module$SetupContext
instanceKlass com/fasterxml/jackson/databind/jsontype/TypeResolverBuilder
instanceKlass com/fasterxml/jackson/databind/jsontype/PolymorphicTypeValidator
instanceKlass com/fasterxml/jackson/databind/introspect/AccessorNamingStrategy$Provider
instanceKlass com/fasterxml/jackson/databind/AnnotationIntrospector
instanceKlass com/fasterxml/jackson/databind/ser/SerializerFactory
instanceKlass com/fasterxml/jackson/databind/deser/DeserializerFactory
instanceKlass com/fasterxml/jackson/databind/DatabindContext
instanceKlass com/fasterxml/jackson/databind/jsontype/SubtypeResolver
instanceKlass com/fasterxml/jackson/core/TokenStreamFactory
instanceKlass org/mule/contribution/internal/lsp/ReferencesLemminxWrapper
instanceKlass org/mule/contribution/internal/lsp/DefinitionLemminxWrapper
instanceKlass org/eclipse/lemminx/dom/DOMNode$1
instanceKlass org/w3c/dom/ProcessingInstruction
instanceKlass com/google/common/collect/Sets
instanceKlass org/mule/tooling/client/internal/util/Preconditions
instanceKlass org/mule/dx/platform/api/event/RegionChangeListener
instanceKlass org/mule/dx/flow/design/service/api/serialization/GsonConfig$1
instanceKlass org/mule/dx/flow/design/service/api/serialization/EnumTypeAdapter$Factory
instanceKlass com/google/gson/internal/bind/TypeAdapters$30
instanceKlass org/mule/tooling/client/internal/persistence/NestableElementModelTypeAdapterFactory
instanceKlass org/mule/dx/flow/design/service/api/serialization/OptionalTypeAdapter$1
instanceKlass org/mule/dx/flow/design/service/api/serialization/MetadataTypeAdapterFactory
instanceKlass org/mule/metadata/persistence/DefaultObjectTypeReferenceHandler
instanceKlass org/mule/tooling/client/internal/persistence/RestrictedTypesObjectTypeReferenceHandler
instanceKlass org/mule/metadata/persistence/SerializationContext
instanceKlass org/mule/metadata/persistence/ObjectTypeReferenceHandler
instanceKlass org/mule/dx/flow/design/service/api/serialization/GsonConfig
instanceKlass org/apache/commons/lang3/StringUtils
instanceKlass org/mule/tooling/integration/cache/api/AbstractDesignServiceCacheManager
instanceKlass org/mule/tooling/integration/cache/impl/DefaultDesignServiceCache
instanceKlass java/util/concurrent/Executors$RunnableAdapter
instanceKlass java/util/concurrent/FutureTask$WaitNode
instanceKlass java/util/concurrent/FutureTask
instanceKlass java/util/concurrent/CompletableFuture$Delayer$DaemonThreadFactory
instanceKlass java/util/concurrent/CompletableFuture$Delayer
instanceKlass java/util/concurrent/CompletableFuture$Timeout
instanceKlass java/util/concurrent/CompletableFuture$Canceller
instanceKlass java/util/Collections$UnmodifiableMap$UnmodifiableEntrySet$UnmodifiableEntrySetSpliterator
instanceKlass org/apache/commons/text/translate/EntityArrays
instanceKlass org/mule/contribution/runtime/instance/util/OsDetect
instanceKlass org/eclipse/lemminx/extensions/contentmodel/settings/XMLSchemaSettings
instanceKlass org/eclipse/lemminx/extensions/contentmodel/settings/XMLNamespacesSettings
instanceKlass org/mule/contribution/internal/lsp/ui/form/state/FieldHandlerKey$Builder
instanceKlass org/mule/dx/platform/internal/api/embedded/lsp/TransformDelegate
instanceKlass org/mule/dx/platform/internal/api/embedded/lsp/ValidationDelegate
instanceKlass org/mule/dx/platform/internal/api/embedded/lsp/DataPreviewDelegate
instanceKlass org/mule/dx/platform/internal/api/embedded/lsp/SampleDataDelegate
instanceKlass org/mule/dx/platform/internal/api/embedded/lsp/RenameDelegate
instanceKlass org/mule/dx/platform/internal/api/embedded/lsp/DocumentSymbolDelegate
instanceKlass org/mule/dx/platform/internal/api/embedded/lsp/ReferencesDelegate
instanceKlass org/mule/dx/platform/internal/api/embedded/lsp/DefinitionDelegate
instanceKlass org/mule/dx/platform/internal/api/embedded/lsp/CodeActionDelegate
instanceKlass org/mule/dx/platform/internal/api/embedded/lsp/CodeLensDelegate
instanceKlass org/mule/dx/platform/internal/api/embedded/lsp/HoverDelegate
instanceKlass org/mule/dx/platform/internal/api/embedded/lsp/CompletionDelegate
instanceKlass org/mule/dx/platform/internal/api/embedded/lsp/DefaultTextDocumentMediator
instanceKlass sun/nio/fs/WindowsFileSystem$2
instanceKlass sun/nio/fs/Globs
instanceKlass java/nio/file/PathMatcher
instanceKlass org/mule/weave/extension/api/services/DiagnosticService
instanceKlass org/mule/weave/extension/api/services/ast/AstNodeService
instanceKlass org/mule/contribution/dataweave/indexer/ModuleSymbolValue
instanceKlass org/mule/weave/extension/api/services/mapping/MappingEditor
instanceKlass org/mule/dx/platform/api/transform/DataweaveMappingInfo
instanceKlass org/mule/contribution/dataweave/indexer/ModuleIndex
instanceKlass org/mule/weave/extension/api/extension/indexer/IndexPartition
instanceKlass org/mule/contribution/dataweave/metadata/MuleDxWeaveMetadataProviderComponent
instanceKlass org/mule/weave/extension/api/component/metadata/WeaveMetadataProviderComponent
instanceKlass org/mule/weave/extension/api/component/WeaveComponent
instanceKlass org/mule/contribution/ui/Events
instanceKlass org/mule/weave/extension/api/events/ProjectStartedEventHandler
instanceKlass org/mule/weave/extension/api/events/IndexingFinishedEventHandler
instanceKlass org/mule/weave/extension/api/events/EventTypes
instanceKlass com/google/common/collect/UnmodifiableIterator
instanceKlass com/google/common/collect/Maps$EntryTransformer
instanceKlass com/google/common/base/Converter
instanceKlass com/google/common/collect/BiMap
instanceKlass com/google/common/collect/ImmutableMap
instanceKlass com/google/common/collect/SortedMapDifference
instanceKlass com/google/common/collect/MapDifference
instanceKlass com/google/common/collect/Maps
instanceKlass org/mule/contribution/dataweave/lsp/LanguageServerDelegate
instanceKlass org/mule/contribution/ui/TransformContentChangedEventHandler
instanceKlass org/mule/dx/platform/api/custom/CustomServerCapabilitiesProvider
instanceKlass org/mule/dx/platform/api/modules/EmbeddedModuleProvider
instanceKlass org/mule/weave/lsp/services/DiagnosticsPublisher
instanceKlass org/mule/weave/lsp/services/WorkspaceEditApplier
instanceKlass scala/collection/generic/SeqForwarder
instanceKlass scala/collection/generic/IterableForwarder
instanceKlass scala/collection/generic/TraversableForwarder
instanceKlass scala/Predef$$anon$1
instanceKlass scala/reflect/NoManifest$
instanceKlass scala/reflect/ManifestFactory$ClassTypeManifest
instanceKlass scala/runtime/Null$
instanceKlass scala/collection/mutable/ArrayBuilder
instanceKlass scala/collection/mutable/ReusableBuilder
instanceKlass scala/reflect/AnyValManifest
instanceKlass scala/reflect/Manifest
instanceKlass scala/reflect/ManifestFactory$
instanceKlass scala/reflect/ClassTag
instanceKlass scala/reflect/ClassManifestDeprecatedApis
instanceKlass scala/reflect/OptManifest
instanceKlass scala/reflect/ClassManifestFactory$
instanceKlass scala/reflect/package$
instanceKlass scala/collection/generic/GenSetFactory$$anon$1
instanceKlass scala/collection/immutable/Set
instanceKlass scala/collection/immutable/Map
instanceKlass scala/collection/immutable/MapLike
instanceKlass scala/Predef$$eq$colon$eq
instanceKlass scala/Predef$$less$colon$less
instanceKlass scala/collection/mutable/ArrayLike
instanceKlass scala/LowPriorityImplicits
instanceKlass scala/DeprecatedPredef
instanceKlass org/mule/weave/lsp/project/DefaultOptionalStringSetting
instanceKlass org/mule/weave/lsp/project/Settings$
instanceKlass org/mule/weave/lsp/project/DefaultStringSetting
instanceKlass org/mule/weave/lsp/project/SettingValue
instanceKlass scala/runtime/AbstractFunction12
instanceKlass scala/Function12
instanceKlass org/mule/weave/extension/api/project/WeaveProjectSettings$OptionalStringSetting
instanceKlass org/mule/weave/extension/api/project/WeaveProjectSettings$StringSetting
instanceKlass org/mule/weave/lsp/project/ProjectSettings
instanceKlass org/mule/weave/extension/api/project/WeaveProjectSettings
instanceKlass org/mule/weave/lsp/extension/client/NoopWeaveLanguageClient$
instanceKlass org/mule/weave/lsp/extension/client/LanguageClientDelegate
instanceKlass org/mule/weave/lsp/services/delegate/TextDocumentServiceDelegate
instanceKlass org/mule/weave/lsp/EmbeddedLanguageServerConfiguration
instanceKlass org/mule/weave/lsp/extension/services/WeaveTextDocumentService
instanceKlass org/mule/weave/lsp/extension/services/FocusAwareDocumentService
instanceKlass org/mule/weave/lsp/BaseWeaveLanguageServer
instanceKlass org/mule/contribution/dataweave/MuleEmbeddedTextDocumentTranslator
instanceKlass org/eclipse/lsp4j/WorkDoneProgressOptions
instanceKlass org/mule/dx/platform/internal/api/embedded/lsp/CombineCapabilities
instanceKlass org/mule/dx/platform/internal/api/embedded/lsp/DiagnosticsTranslator
instanceKlass org/mule/weave/extension/api/project/Nature
instanceKlass org/mule/maven/client/api/model/ImmutableRemoteRepository
instanceKlass java/net/spi/URLStreamHandlerProvider
instanceKlass java/net/URL$1
instanceKlass java/net/URL$2
instanceKlass org/mule/maven/client/api/model/RemoteRepository$RemoteRepositoryBuilder
instanceKlass org/mule/contribution/dataweave/validation/ValidationExtensionProvider$$FastClassByGuice$$362542917
instanceKlass org/mule/weave/extension/api/extension/validation/WeaveValidator
instanceKlass org/mule/contribution/dataweave/validation/ValidationExtensionProvider
instanceKlass org/mule/contribution/dataweave/indexer/ModuleIndexer
instanceKlass org/mule/weave/lsp/services/events/OnDocumentFocused
instanceKlass org/mule/weave/lsp/services/events/OnDocumentOpened
instanceKlass org/mule/weave/v2/editor/VirtualFile
instanceKlass org/mule/weave/lsp/services/events/OnDocumentChanged
instanceKlass scala/collection/generic/GenMapFactory$MapCanBuildFrom
instanceKlass scala/collection/generic/GenMapFactory
instanceKlass org/mule/weave/lsp/jobs/Task
instanceKlass org/mule/weave/lsp/utils/InternalEventHandler
instanceKlass org/mule/weave/extension/api/extension/command/WeaveCommand
instanceKlass scala/collection/concurrent/TrieMap$MangledHashing
instanceKlass java/util/concurrent/atomic/AtomicIntegerFieldUpdater$AtomicIntegerFieldUpdaterImpl$1
instanceKlass java/util/concurrent/atomic/AtomicIntegerFieldUpdater
instanceKlass scala/collection/concurrent/KVNode
instanceKlass scala/collection/concurrent/Gen
instanceKlass scala/collection/concurrent/BasicNode
instanceKlass scala/collection/concurrent/INode$
instanceKlass scala/math/Equiv$$anon$2
instanceKlass scala/util/Right$
instanceKlass scala/util/Left$
instanceKlass scala/util/Either$
instanceKlass scala/math/Ordering$Int$
instanceKlass scala/math/Ordering$IntOrdering
instanceKlass scala/math/Ordering$Reverse
instanceKlass scala/math/Ordering$
instanceKlass scala/math/LowPriorityOrderingImplicits
instanceKlass scala/math/Ordered$
instanceKlass scala/math/Numeric$
instanceKlass scala/math/Integral$
instanceKlass scala/math/Fractional$
instanceKlass scala/math/Equiv$
instanceKlass scala/math/LowPriorityEquiv
instanceKlass scala/math/Ordered
instanceKlass scala/math/ScalaNumericConversions
instanceKlass scala/math/ScalaNumericAnyConversions
instanceKlass scala/math/BigInt$
instanceKlass java/math/MathContext
instanceKlass scala/math/BigDecimal$
instanceKlass scala/collection/immutable/Range$
instanceKlass scala/collection/mutable/StringBuilder$
instanceKlass scala/collection/immutable/VectorPointer
instanceKlass scala/collection/immutable/IndexedSeq
instanceKlass scala/collection/immutable/Stream$$hash$colon$colon$
instanceKlass scala/collection/$colon$plus$
instanceKlass scala/collection/$plus$colon$
instanceKlass scala/collection/immutable/$colon$colon$
instanceKlass scala/collection/immutable/List$$anon$1
instanceKlass scala/collection/BufferedIterator
instanceKlass scala/collection/AbstractIterator
instanceKlass scala/collection/TraversableOnce$BufferedCanBuildFrom
instanceKlass scala/collection/Iterator$
instanceKlass scala/runtime/BoxesRunTime
instanceKlass scala/Option$
instanceKlass scala/runtime/java8/JFunction0$mcZ$sp
instanceKlass scala/sys/package$
instanceKlass scala/sys/PropImpl
instanceKlass scala/sys/BooleanProp
instanceKlass scala/sys/Prop
instanceKlass scala/sys/BooleanProp$
instanceKlass scala/sys/SystemProperties$
instanceKlass scala/util/control/NoStackTrace$
instanceKlass scala/util/control/Breaks$TryBlock
instanceKlass scala/util/control/Breaks
instanceKlass scala/math/Numeric
instanceKlass scala/collection/generic/GenTraversableFactory$GenericCanBuildFrom
instanceKlass scala/collection/generic/CanBuildFrom
instanceKlass scala/package$$anon$1
instanceKlass scala/Specializable
instanceKlass scala/package$
instanceKlass scala/util/hashing/Hashing$Default
instanceKlass scala/util/hashing/Hashing$
instanceKlass scala/util/hashing/Hashing
instanceKlass scala/collection/Set
instanceKlass scala/collection/SetLike
instanceKlass scala/collection/concurrent/TrieMap
instanceKlass scala/collection/concurrent/Map
instanceKlass scala/util/Either
instanceKlass scala/math/package$
instanceKlass scala/collection/Parallel
instanceKlass scala/collection/mutable/IndexedSeqView
instanceKlass scala/math/Ordering
instanceKlass scala/math/PartialOrdering
instanceKlass scala/math/Equiv
instanceKlass scala/collection/mutable/Map
instanceKlass scala/collection/mutable/MapLike
instanceKlass scala/collection/Map
instanceKlass scala/collection/MapLike
instanceKlass scala/collection/mutable/HashTable
instanceKlass scala/collection/mutable/HashTable$HashUtils
instanceKlass scala/collection/SeqView
instanceKlass scala/collection/SeqViewLike
instanceKlass scala/collection/IterableView
instanceKlass scala/collection/IterableViewLike
instanceKlass scala/collection/GenSet
instanceKlass scala/collection/generic/GenericSetTemplate
instanceKlass scala/collection/GenSetLike
instanceKlass scala/collection/GenMap
instanceKlass scala/collection/GenMapLike
instanceKlass scala/collection/generic/TraversableFactory
instanceKlass scala/collection/generic/GenericSeqCompanion
instanceKlass scala/collection/generic/GenericCompanion
instanceKlass scala/collection/immutable/LinearSeq
instanceKlass scala/collection/LinearSeq
instanceKlass scala/collection/immutable/Seq
instanceKlass scala/collection/immutable/Iterable
instanceKlass scala/collection/immutable/Traversable
instanceKlass scala/Immutable
instanceKlass scala/collection/TraversableView
instanceKlass scala/collection/TraversableViewLike
instanceKlass scala/collection/ViewMkString
instanceKlass scala/Function0
instanceKlass scala/collection/LinearSeqOptimized
instanceKlass scala/collection/LinearSeqLike
instanceKlass scala/util/control/ControlThrowable
instanceKlass scala/util/control/NoStackTrace
instanceKlass scala/collection/AbstractTraversable
instanceKlass scala/collection/mutable/Buffer
instanceKlass scala/collection/mutable/BufferLike
instanceKlass scala/collection/generic/Subtractable
instanceKlass scala/collection/script/Scriptable
instanceKlass scala/collection/generic/Shrinkable
instanceKlass scala/collection/CustomParallelizable
instanceKlass scala/collection/mutable/ResizableArray
instanceKlass scala/collection/mutable/IndexedSeqOptimized
instanceKlass scala/collection/IndexedSeqOptimized
instanceKlass scala/collection/mutable/IndexedSeq
instanceKlass scala/collection/mutable/IndexedSeqLike
instanceKlass scala/collection/IndexedSeq
instanceKlass scala/collection/IndexedSeqLike
instanceKlass scala/collection/mutable/Seq
instanceKlass scala/collection/mutable/SeqLike
instanceKlass scala/collection/mutable/Cloneable
instanceKlass scala/Cloneable
instanceKlass scala/collection/mutable/Iterable
instanceKlass scala/collection/mutable/Traversable
instanceKlass scala/Mutable
instanceKlass scala/collection/mutable/Builder
instanceKlass scala/collection/generic/Growable
instanceKlass scala/collection/generic/Clearable
instanceKlass org/mule/weave/lsp/IDEExecutors$
instanceKlass org/mule/weave/lsp/IDEExecutors
instanceKlass org/mule/weave/lsp/jobs/Job
instanceKlass org/mule/weave/extension/plugin/llm/tools/BasicWeaveLLMToolProvider$$FastClassByGuice$$361164324
instanceKlass org/mule/weave/extension/plugin/llm/tools/BasicWeaveLLMToolProvider
instanceKlass scala/collection/Iterator
instanceKlass org/mule/weave/lsp/extension/protocol/NoopDataWeaveProtocolClientDelegate$
instanceKlass org/mule/contribution/dataweave/WeaveLspComponent$$FastClassByGuice$$360051655
instanceKlass org/mule/contribution/dataweave/transform/DataweaveObjectExpressionParser$$FastClassByGuice$$359098873
instanceKlass org/mule/weave/v2/api/tooling/expression/UndefinedExpression
instanceKlass org/mule/weave/v2/api/tooling/expression/ComplexExpression
instanceKlass org/mule/weave/v2/api/tooling/expression/FunctionCallExpression
instanceKlass org/mule/weave/v2/api/tooling/expression/LiteralExpression
instanceKlass org/mule/weave/v2/api/tooling/expression/MappingExpression
instanceKlass org/mule/weave/v2/api/tooling/expression/ValueSelectionExpression
instanceKlass org/mule/weave/v2/api/tooling/expression/ObjectExpression
instanceKlass org/mule/weave/v2/api/tooling/expression/ArrayExpression
instanceKlass org/mule/contribution/dataweave/transform/model/DataweaveMappingResult
instanceKlass org/mule/weave/v2/api/tooling/expression/Expression
instanceKlass org/mule/contribution/dataweave/transform/DataweaveObjectExpressionParser
instanceKlass org/mule/contribution/dataweave/WeaveLspComponent
instanceKlass com/google/common/cache/LocalCache$AbstractReferenceEntry
instanceKlass com/google/common/cache/LocalCache$LoadingValueReference
instanceKlass com/google/common/cache/RemovalListener
instanceKlass com/google/common/cache/Weigher
instanceKlass com/google/common/base/Predicate
instanceKlass com/google/common/base/Equivalence
instanceKlass com/google/common/base/MoreObjects
instanceKlass com/google/common/cache/LocalCache$1
instanceKlass com/google/common/cache/ReferenceEntry
instanceKlass com/google/common/cache/LocalCache$ValueReference
instanceKlass com/google/common/cache/LocalCache$LocalManualCache
instanceKlass com/google/common/cache/CacheBuilder$2
instanceKlass com/google/common/cache/CacheStats
instanceKlass com/google/common/base/Suppliers$SupplierOfInstance
instanceKlass com/google/common/base/Suppliers
instanceKlass com/google/common/cache/CacheBuilder$1
instanceKlass com/google/common/cache/AbstractCache$StatsCounter
instanceKlass com/google/common/base/Ticker
instanceKlass com/google/common/base/Supplier
instanceKlass com/google/common/cache/CacheBuilder
instanceKlass com/google/gson/internal/LinkedTreeMap$Node
instanceKlass com/google/gson/internal/LinkedTreeMap$1
instanceKlass com/google/gson/internal/ConstructorConstructor$18
instanceKlass com/google/gson/internal/$Gson$Types$GenericArrayTypeImpl
instanceKlass com/google/gson/internal/Primitives
instanceKlass com/google/gson/annotations/SerializedName
instanceKlass com/google/gson/internal/ConstructorConstructor$9
instanceKlass com/google/gson/internal/reflect/ReflectionHelper$RecordHelper
instanceKlass com/google/gson/internal/reflect/ReflectionHelper
instanceKlass com/google/gson/internal/ReflectionAccessFilterHelper
instanceKlass com/google/gson/annotations/JsonAdapter
instanceKlass com/google/gson/internal/JsonReaderInternalAccess
instanceKlass com/google/gson/internal/$Gson$Types$ParameterizedTypeImpl
instanceKlass com/google/common/base/Preconditions
instanceKlass com/google/common/reflect/Invokable
instanceKlass com/google/common/reflect/TypeCapture
instanceKlass org/mule/dx/platform/internal/MavenModule$AetherMavenClientFactory
instanceKlass org/mule/contribution/event/MuleEventTypes
instanceKlass java/util/concurrent/RunnableScheduledFuture
instanceKlass java/util/concurrent/ScheduledFuture
instanceKlass java/util/concurrent/Delayed
instanceKlass java/util/concurrent/RunnableFuture
instanceKlass com/google/common/util/concurrent/ThreadFactoryBuilder$1
instanceKlass com/google/common/util/concurrent/ThreadFactoryBuilder
instanceKlass org/mule/tooling/integration/cache/utils/FileUtils
instanceKlass org/mule/contribution/internal/KnownExtensionModels
instanceKlass com/google/common/util/concurrent/ThreadFactoryBuilder$1
instanceKlass java/lang/StringUTF16$CharsSpliterator
instanceKlass java/util/stream/Sink$ChainedInt
instanceKlass java/util/OptionalInt
instanceKlass java/util/stream/Sink$OfInt
instanceKlass java/util/function/IntConsumer
instanceKlass java/util/function/IntPredicate
instanceKlass java/lang/StringLatin1$CharsSpliterator
instanceKlass java/text/DecimalFormatSymbols
instanceKlass com/google/common/util/concurrent/ThreadFactoryBuilder
instanceKlass com/google/common/collect/MapMakerInternalMap$StrongValueEntry
instanceKlass com/google/inject/internal/DelegatingInvocationHandler
instanceKlass com/sun/org/apache/xerces/internal/impl/PropertyManager
instanceKlass javax/xml/stream/FactoryFinder$1
instanceKlass javax/xml/stream/FactoryFinder
instanceKlass org/apache/logging/log4j/core/util/NameUtil
instanceKlass org/apache/logging/log4j/core/Logger$PrivateConfig
instanceKlass org/apache/logging/log4j/core/util/DefaultShutdownCallbackRegistry$RegisteredCancellable
instanceKlass org/apache/logging/log4j/core/LoggerContext$1
instanceKlass org/apache/logging/log4j/core/util/ExecutorServices
instanceKlass org/apache/logging/log4j/core/impl/Log4jLogEvent
instanceKlass org/apache/logging/log4j/core/jmx/AppenderAdmin
instanceKlass org/apache/logging/log4j/core/jmx/AppenderAdminMBean
instanceKlass org/apache/logging/log4j/core/jmx/LoggerConfigAdmin
instanceKlass org/apache/logging/log4j/core/jmx/LoggerConfigAdminMBean
instanceKlass org/apache/logging/log4j/core/jmx/ContextSelectorAdmin
instanceKlass org/apache/logging/log4j/core/jmx/ContextSelectorAdminMBean
instanceKlass org/apache/logging/log4j/status/StatusData
instanceKlass org/apache/logging/log4j/core/jmx/StatusLoggerAdminMBean
instanceKlass org/apache/logging/log4j/core/jmx/LoggerContextAdminMBean
instanceKlass org/apache/logging/log4j/core/util/Log4jThreadFactory
instanceKlass org/apache/logging/log4j/core/jmx/Server
instanceKlass org/apache/logging/log4j/core/config/Loggers
instanceKlass org/apache/logging/log4j/core/config/AwaitCompletionReliabilityStrategy
instanceKlass org/apache/logging/log4j/core/config/ReliabilityStrategyFactory
instanceKlass org/apache/logging/log4j/core/config/LoggerConfig$LevelAndRefs
instanceKlass org/apache/logging/log4j/core/config/LoggerConfig$RootLogger$Builder
instanceKlass org/apache/logging/log4j/core/config/plugins/PluginAttribute
instanceKlass org/apache/logging/log4j/core/config/plugins/PluginFactory
instanceKlass org/apache/logging/log4j/core/appender/ConfigurationFactoryData
instanceKlass org/apache/logging/log4j/core/appender/FileManager$FileManagerFactory
instanceKlass org/apache/logging/log4j/core/lookup/DefaultLookupResult
instanceKlass org/apache/logging/log4j/core/util/Assert
instanceKlass org/apache/logging/log4j/core/config/plugins/validation/validators/RequiredValidator
instanceKlass org/apache/logging/log4j/core/config/plugins/validation/ConstraintValidator
instanceKlass org/apache/logging/log4j/util/EnglishEnums
instanceKlass org/apache/logging/log4j/core/config/plugins/convert/EnumConverter
instanceKlass org/apache/logging/log4j/core/config/plugins/validation/constraints/Required
instanceKlass org/apache/logging/log4j/core/filter/AbstractFilterable$Builder
instanceKlass org/apache/logging/log4j/core/util/datetime/FastDateParser$StrategyAndWidth
instanceKlass org/apache/logging/log4j/core/util/datetime/FastDateParser$StrategyParser
instanceKlass org/apache/logging/log4j/core/util/datetime/FastDateParser$Strategy
instanceKlass org/apache/logging/log4j/core/util/datetime/FastDateParser
instanceKlass org/apache/logging/log4j/core/util/datetime/FastDatePrinter$TwoDigitNumberField
instanceKlass org/apache/logging/log4j/core/util/datetime/FastDatePrinter$TwoDigitMonthField
instanceKlass org/apache/logging/log4j/core/util/datetime/FastDatePrinter$CharacterLiteral
instanceKlass org/apache/logging/log4j/core/util/datetime/FastDatePrinter$PaddedNumberField
instanceKlass org/apache/logging/log4j/core/util/datetime/FastDatePrinter$NumberRule
instanceKlass org/apache/logging/log4j/core/util/datetime/FastDatePrinter$Rule
instanceKlass org/apache/logging/log4j/core/util/datetime/FastDatePrinter
instanceKlass org/apache/logging/log4j/core/util/datetime/FormatCache$MultipartKey
instanceKlass org/apache/logging/log4j/core/util/datetime/FormatCache
instanceKlass org/apache/logging/log4j/core/util/datetime/Format
instanceKlass org/apache/logging/log4j/core/util/datetime/DatePrinter
instanceKlass org/apache/logging/log4j/core/util/datetime/DateParser
instanceKlass org/apache/logging/log4j/core/config/plugins/validation/Constraint
instanceKlass org/apache/logging/log4j/core/config/plugins/validation/ConstraintValidators
instanceKlass org/apache/logging/log4j/core/config/plugins/PluginConfiguration
instanceKlass org/apache/logging/log4j/core/config/plugins/PluginElement
instanceKlass org/apache/logging/log4j/util/StringBuilders
instanceKlass org/apache/logging/log4j/core/appender/rolling/action/Duration
instanceKlass org/apache/logging/log4j/core/util/CronExpression
instanceKlass org/apache/logging/log4j/core/config/plugins/convert/TypeConverterRegistry
instanceKlass org/apache/logging/log4j/core/config/plugins/convert/TypeConverters
instanceKlass org/apache/logging/log4j/core/config/plugins/visitors/AbstractPluginVisitor
instanceKlass org/apache/logging/log4j/core/config/plugins/visitors/PluginVisitor
instanceKlass org/apache/logging/log4j/core/config/plugins/visitors/PluginVisitors
instanceKlass org/apache/logging/log4j/core/config/plugins/PluginVisitorStrategy
instanceKlass org/apache/logging/log4j/core/config/plugins/PluginBuilderAttribute
instanceKlass org/apache/logging/log4j/core/util/TypeUtil
instanceKlass org/apache/logging/log4j/core/config/plugins/PluginBuilderFactory
instanceKlass org/apache/logging/log4j/core/config/plugins/util/PluginBuilder
instanceKlass org/apache/logging/log4j/core/config/plugins/PluginAliases
instanceKlass org/apache/logging/log4j/core/config/Scheduled
instanceKlass org/apache/logging/log4j/core/Version
instanceKlass org/apache/logging/log4j/core/util/NetUtils
instanceKlass org/apache/logging/log4j/status/StatusConsoleListener
instanceKlass org/apache/logging/log4j/status/StatusListener
instanceKlass org/apache/logging/log4j/core/config/status/StatusConfiguration
instanceKlass org/apache/logging/log4j/core/util/Closer
instanceKlass org/apache/logging/log4j/core/config/plugins/util/ResolverUtil
instanceKlass org/apache/logging/log4j/core/config/Reconfigurable
instanceKlass org/apache/logging/log4j/core/util/Source
instanceKlass org/apache/logging/log4j/core/net/UrlConnectionFactory
instanceKlass org/apache/logging/log4j/core/util/FileUtils
instanceKlass org/apache/logging/log4j/core/util/BasicAuthorizationProvider
instanceKlass org/apache/logging/log4j/core/config/Order
instanceKlass org/apache/logging/log4j/core/config/OrderComparator
instanceKlass org/apache/logging/log4j/core/util/AuthorizationProvider
instanceKlass org/apache/logging/log4j/core/config/builder/api/ConfigurationBuilder
instanceKlass org/apache/logging/log4j/core/appender/DefaultErrorHandler
instanceKlass org/apache/logging/log4j/core/appender/ConsoleAppender$FactoryData
instanceKlass org/apache/logging/log4j/core/appender/ConsoleAppender$ConsoleManagerFactory
instanceKlass org/apache/logging/log4j/core/layout/ByteBufferDestination
instanceKlass org/apache/logging/log4j/core/ErrorHandler
instanceKlass org/apache/logging/log4j/core/layout/PatternLayout$PatternFormatterPatternSerializer
instanceKlass org/apache/logging/log4j/core/pattern/PlainTextRenderer
instanceKlass org/apache/logging/log4j/core/impl/ThrowableFormatOptions
instanceKlass org/apache/logging/log4j/core/pattern/PatternFormatter
instanceKlass org/apache/logging/log4j/core/pattern/TextRenderer
instanceKlass org/apache/logging/log4j/core/util/Integers
instanceKlass org/apache/logging/log4j/core/pattern/NameAbbreviator
instanceKlass org/apache/logging/log4j/core/util/OptionConverter
instanceKlass org/apache/logging/log4j/core/time/MutableInstant
instanceKlass org/apache/logging/log4j/core/pattern/DatePatternConverter$CachedTime
instanceKlass org/apache/logging/log4j/core/util/datetime/FixedDateFormat
instanceKlass org/apache/logging/log4j/core/pattern/DatePatternConverter$Formatter
instanceKlass org/apache/logging/log4j/core/time/Instant
instanceKlass org/apache/logging/log4j/core/pattern/PatternParser$1
instanceKlass org/apache/logging/log4j/core/pattern/FormattingInfo
instanceKlass org/apache/logging/log4j/core/config/plugins/Plugin
instanceKlass org/apache/logging/log4j/core/pattern/ConverterKeys
instanceKlass org/apache/logging/log4j/core/pattern/PatternParser
instanceKlass org/apache/logging/log4j/core/layout/StringBuilderEncoder
instanceKlass org/apache/logging/log4j/core/layout/PatternLayout$PatternSerializer
instanceKlass org/apache/logging/log4j/core/layout/AbstractStringLayout$Serializer
instanceKlass org/apache/logging/log4j/core/layout/PatternLayout$SerializerBuilder
instanceKlass org/apache/logging/log4j/core/layout/PatternLayout$Builder
instanceKlass org/apache/logging/log4j/core/layout/AbstractStringLayout$Serializer2
instanceKlass org/apache/logging/log4j/spi/LoggerRegistry$ConcurrentMapFactory
instanceKlass org/apache/logging/log4j/spi/LoggerRegistry$MapFactory
instanceKlass org/apache/logging/log4j/spi/LoggerRegistry
instanceKlass org/apache/logging/log4j/core/config/Node
instanceKlass org/apache/logging/log4j/core/util/DummyNanoClock
instanceKlass org/apache/logging/log4j/core/util/WatchEventService
instanceKlass org/apache/logging/log4j/core/util/WatchManager$LocalUUID
instanceKlass org/apache/logging/log4j/core/config/DefaultReliabilityStrategy
instanceKlass org/apache/logging/log4j/core/config/LocationAwareReliabilityStrategy
instanceKlass org/apache/logging/log4j/core/config/AppenderControlArraySet
instanceKlass org/apache/logging/log4j/core/time/PreciseClock
instanceKlass org/apache/logging/log4j/core/util/SystemClock
instanceKlass org/apache/logging/log4j/core/util/Clock
instanceKlass org/apache/logging/log4j/core/util/ClockFactory
instanceKlass org/apache/logging/log4j/core/impl/ReusableLogEventFactory
instanceKlass org/apache/logging/log4j/core/LogEvent
instanceKlass org/apache/logging/log4j/core/impl/LogEventFactory
instanceKlass org/apache/logging/log4j/core/impl/LocationAwareLogEventFactory
instanceKlass org/apache/logging/log4j/core/config/ReliabilityStrategy
instanceKlass org/apache/logging/log4j/core/lookup/StrMatcher
instanceKlass org/apache/logging/log4j/core/net/JndiManager$JndiManagerFactory
instanceKlass org/apache/logging/log4j/core/appender/ManagerFactory
instanceKlass org/apache/logging/log4j/core/appender/AbstractManager
instanceKlass org/apache/logging/log4j/core/impl/ThreadContextDataProvider
instanceKlass org/apache/logging/log4j/core/util/ContextDataProvider
instanceKlass org/apache/logging/log4j/core/impl/ThreadContextDataInjector
instanceKlass org/apache/logging/log4j/core/impl/ThreadContextDataInjector$ForCopyOnWriteThreadContextMap
instanceKlass org/apache/logging/log4j/spi/DefaultThreadContextStack
instanceKlass org/apache/logging/log4j/spi/DefaultThreadContextMap
instanceKlass org/apache/logging/log4j/spi/GarbageFreeSortedArrayThreadContextMap
instanceKlass org/apache/logging/log4j/util/TriConsumer
instanceKlass org/apache/logging/log4j/util/SortedArrayStringMap
instanceKlass org/apache/logging/log4j/util/IndexedStringMap
instanceKlass org/apache/logging/log4j/util/IndexedReadOnlyStringMap
instanceKlass org/apache/logging/log4j/util/StringMap
instanceKlass org/apache/logging/log4j/util/ReadOnlyStringMap
instanceKlass org/apache/logging/log4j/spi/CopyOnWriteSortedArrayThreadContextMap
instanceKlass org/apache/logging/log4j/spi/CopyOnWrite
instanceKlass org/apache/logging/log4j/spi/ObjectThreadContextMap
instanceKlass org/apache/logging/log4j/spi/CleanableThreadContextMap
instanceKlass org/apache/logging/log4j/spi/ThreadContextMap2
instanceKlass org/apache/logging/log4j/spi/ReadOnlyThreadContextMap
instanceKlass org/apache/logging/log4j/spi/ThreadContextMapFactory
instanceKlass org/apache/logging/log4j/ThreadContext$EmptyIterator
instanceKlass org/apache/logging/log4j/spi/ThreadContextMap
instanceKlass org/apache/logging/log4j/spi/ThreadContextStack
instanceKlass org/apache/logging/log4j/ThreadContext$ContextStack
instanceKlass org/apache/logging/log4j/ThreadContext
instanceKlass org/apache/logging/log4j/core/ContextDataInjector
instanceKlass org/apache/logging/log4j/core/impl/ContextDataInjectorFactory
instanceKlass org/apache/logging/log4j/core/util/ReflectionUtil
instanceKlass org/apache/logging/log4j/util/Supplier
instanceKlass org/apache/logging/log4j/core/util/AbstractWatcher
instanceKlass org/apache/logging/log4j/core/config/plugins/convert/TypeConverters$UuidConverter
instanceKlass org/apache/logging/log4j/core/config/plugins/convert/TypeConverters$UrlConverter
instanceKlass org/apache/logging/log4j/core/config/plugins/convert/TypeConverters$UriConverter
instanceKlass org/apache/logging/log4j/core/config/plugins/convert/TypeConverters$StringConverter
instanceKlass org/apache/logging/log4j/core/config/plugins/convert/TypeConverters$ShortConverter
instanceKlass org/apache/logging/log4j/core/config/plugins/convert/TypeConverters$SecurityProviderConverter
instanceKlass org/apache/logging/log4j/core/config/plugins/convert/TypeConverters$PatternConverter
instanceKlass org/apache/logging/log4j/core/config/plugins/convert/TypeConverters$PathConverter
instanceKlass org/apache/logging/log4j/core/config/plugins/convert/TypeConverters$LongConverter
instanceKlass org/apache/logging/log4j/core/config/plugins/convert/TypeConverters$LevelConverter
instanceKlass org/apache/logging/log4j/core/config/plugins/convert/TypeConverters$IntegerConverter
instanceKlass org/apache/logging/log4j/core/config/plugins/convert/TypeConverters$InetAddressConverter
instanceKlass org/apache/logging/log4j/core/config/plugins/convert/TypeConverters$FloatConverter
instanceKlass org/apache/logging/log4j/core/config/plugins/convert/TypeConverters$FileConverter
instanceKlass org/apache/logging/log4j/core/config/plugins/convert/TypeConverters$DurationConverter
instanceKlass org/apache/logging/log4j/core/config/plugins/convert/TypeConverters$DoubleConverter
instanceKlass org/apache/logging/log4j/core/config/plugins/convert/TypeConverters$CronExpressionConverter
instanceKlass org/apache/logging/log4j/core/config/plugins/convert/TypeConverters$ClassConverter
instanceKlass org/apache/logging/log4j/core/config/plugins/convert/TypeConverters$CharsetConverter
instanceKlass org/apache/logging/log4j/core/config/plugins/convert/TypeConverters$CharArrayConverter
instanceKlass org/apache/logging/log4j/core/config/plugins/convert/TypeConverters$CharacterConverter
instanceKlass org/apache/logging/log4j/core/config/plugins/convert/TypeConverters$ByteArrayConverter
instanceKlass org/apache/logging/log4j/core/config/plugins/convert/TypeConverters$ByteConverter
instanceKlass org/apache/logging/log4j/core/config/plugins/convert/TypeConverters$BooleanConverter
instanceKlass org/apache/logging/log4j/core/config/plugins/convert/TypeConverters$BigIntegerConverter
instanceKlass org/apache/logging/log4j/core/config/plugins/convert/TypeConverters$BigDecimalConverter
instanceKlass org/apache/logging/log4j/core/config/plugins/convert/TypeConverter
instanceKlass org/apache/logging/log4j/core/lookup/UpperLookup
instanceKlass org/apache/logging/log4j/core/lookup/StructuredDataLookup
instanceKlass org/apache/logging/log4j/core/lookup/LowerLookup
instanceKlass org/apache/logging/log4j/core/lookup/MapLookup
instanceKlass org/apache/logging/log4j/core/lookup/DateLookup
instanceKlass org/apache/logging/log4j/core/lookup/ContextMapLookup
instanceKlass org/apache/logging/log4j/core/pattern/FileDatePatternConverter
instanceKlass org/apache/logging/log4j/core/config/arbiters/SystemPropertyArbiter
instanceKlass org/apache/logging/log4j/core/net/ssl/SslConfiguration
instanceKlass org/apache/logging/log4j/core/appender/rolling/action/PathSortByModificationTime
instanceKlass org/apache/logging/log4j/core/appender/rolling/action/PathSorter
instanceKlass org/apache/logging/log4j/core/net/SocketPerformancePreferences
instanceKlass org/apache/logging/log4j/core/net/SocketOptions
instanceKlass org/apache/logging/log4j/core/util/Builder
instanceKlass org/apache/logging/log4j/core/net/SocketAddress
instanceKlass org/apache/logging/log4j/core/config/arbiters/SelectArbiter
instanceKlass org/apache/logging/log4j/core/config/ScriptsPlugin
instanceKlass org/apache/logging/log4j/core/layout/ScriptPatternSelector
instanceKlass org/apache/logging/log4j/core/appender/rolling/action/ScriptCondition
instanceKlass org/apache/logging/log4j/core/config/arbiters/ScriptArbiter
instanceKlass org/apache/logging/log4j/core/script/AbstractScript
instanceKlass org/apache/logging/log4j/core/appender/routing/Routes
instanceKlass org/apache/logging/log4j/core/appender/routing/Route
instanceKlass org/apache/logging/log4j/core/pattern/RegexReplacement
instanceKlass org/apache/logging/log4j/core/appender/rewrite/PropertiesRewritePolicy
instanceKlass org/apache/logging/log4j/core/config/PropertiesPlugin
instanceKlass org/apache/logging/log4j/core/layout/PatternMatch
instanceKlass org/apache/logging/log4j/core/net/MulticastDnsAdvertiser
instanceKlass org/apache/logging/log4j/core/layout/MarkerPatternSelector
instanceKlass org/apache/logging/log4j/core/appender/rewrite/MapRewritePolicy
instanceKlass org/apache/logging/log4j/core/config/LoggersPlugin
instanceKlass org/apache/logging/log4j/core/appender/rewrite/LoggerNameLevelRewritePolicy
instanceKlass org/apache/logging/log4j/core/appender/rewrite/RewritePolicy
instanceKlass org/apache/logging/log4j/core/layout/LoggerFields
instanceKlass org/apache/logging/log4j/core/async/LinkedTransferQueueFactory
instanceKlass org/apache/logging/log4j/core/layout/LevelPatternSelector
instanceKlass org/apache/logging/log4j/core/layout/PatternSelector
instanceKlass org/apache/logging/log4j/core/util/KeyValuePair
instanceKlass org/apache/logging/log4j/core/net/ssl/StoreConfiguration
instanceKlass org/apache/logging/log4j/core/async/JCToolsBlockingQueueFactory
instanceKlass org/apache/logging/log4j/core/appender/rolling/action/IfNot
instanceKlass org/apache/logging/log4j/core/appender/rolling/action/IfLastModified
instanceKlass org/apache/logging/log4j/core/appender/rolling/action/IfFileName
instanceKlass org/apache/logging/log4j/core/appender/rolling/action/IfAny
instanceKlass org/apache/logging/log4j/core/appender/rolling/action/IfAll
instanceKlass org/apache/logging/log4j/core/appender/rolling/action/IfAccumulatedFileSize
instanceKlass org/apache/logging/log4j/core/appender/rolling/action/IfAccumulatedFileCount
instanceKlass org/apache/logging/log4j/core/appender/rolling/action/PathCondition
instanceKlass org/apache/logging/log4j/core/appender/routing/PurgePolicy
instanceKlass org/apache/logging/log4j/core/appender/FailoversPlugin
instanceKlass org/apache/logging/log4j/core/async/DisruptorBlockingQueueFactory
instanceKlass org/apache/logging/log4j/core/appender/rolling/DirectFileRolloverStrategy
instanceKlass org/apache/logging/log4j/core/appender/rolling/action/AbstractAction
instanceKlass org/apache/logging/log4j/core/appender/rolling/action/Action
instanceKlass org/apache/logging/log4j/core/appender/rolling/AbstractRolloverStrategy
instanceKlass org/apache/logging/log4j/core/appender/rolling/RolloverStrategy
instanceKlass org/apache/logging/log4j/core/config/arbiters/DefaultArbiter
instanceKlass org/apache/logging/log4j/core/config/CustomLevels
instanceKlass org/apache/logging/log4j/core/config/CustomLevelConfig
instanceKlass org/apache/logging/log4j/core/layout/AbstractLayout
instanceKlass org/apache/logging/log4j/core/StringLayout
instanceKlass org/apache/logging/log4j/core/appender/rolling/TriggeringPolicy
instanceKlass org/apache/logging/log4j/core/appender/db/jdbc/ConnectionSource
instanceKlass org/apache/logging/log4j/core/appender/db/ColumnMapping
instanceKlass org/apache/logging/log4j/core/appender/db/jdbc/ColumnConfig
instanceKlass org/apache/logging/log4j/core/config/arbiters/ClassArbiter
instanceKlass org/apache/logging/log4j/core/config/arbiters/Arbiter
instanceKlass org/apache/logging/log4j/core/async/AsyncWaitStrategyFactoryConfig
instanceKlass org/apache/logging/log4j/core/async/ArrayBlockingQueueFactory
instanceKlass org/apache/logging/log4j/core/async/BlockingQueueFactory
instanceKlass org/apache/logging/log4j/core/appender/AppenderSet
instanceKlass org/apache/logging/log4j/core/config/AppendersPlugin
instanceKlass org/apache/logging/log4j/core/config/AppenderRef
instanceKlass org/apache/logging/log4j/core/pattern/AnsiConverter
instanceKlass org/apache/logging/log4j/core/pattern/ArrayPatternConverter
instanceKlass org/apache/logging/log4j/core/impl/LocationAware
instanceKlass org/apache/logging/log4j/core/pattern/AbstractPatternConverter
instanceKlass org/apache/logging/log4j/core/pattern/PatternConverter
instanceKlass org/apache/logging/log4j/core/config/plugins/util/PluginType
instanceKlass org/apache/logging/log4j/core/config/builder/api/ConfigurationBuilderFactory
instanceKlass org/apache/logging/log4j/core/config/plugins/processor/PluginEntry
instanceKlass org/apache/logging/log4j/core/config/plugins/processor/PluginCache
instanceKlass org/apache/logging/log4j/core/config/plugins/util/ResolverUtil$Test
instanceKlass org/apache/logging/log4j/core/config/plugins/util/PluginRegistry
instanceKlass org/apache/logging/log4j/core/config/plugins/util/PluginManager
instanceKlass org/apache/logging/log4j/core/lookup/PropertiesLookup
instanceKlass org/apache/logging/log4j/core/lookup/LookupResult
instanceKlass org/apache/logging/log4j/core/lookup/AbstractLookup
instanceKlass org/apache/logging/log4j/core/config/LoggerContextAware
instanceKlass org/apache/logging/log4j/core/config/DefaultAdvertiser
instanceKlass org/apache/logging/log4j/core/config/Property
instanceKlass org/apache/logging/log4j/core/config/ConfigurationSource
instanceKlass org/apache/logging/log4j/core/Appender
instanceKlass org/apache/logging/log4j/core/Layout
instanceKlass org/apache/logging/log4j/core/layout/Encoder
instanceKlass org/apache/logging/log4j/core/util/Watcher
instanceKlass org/apache/logging/log4j/core/async/AsyncLoggerConfigDelegate
instanceKlass org/apache/logging/log4j/core/util/NanoClock
instanceKlass org/apache/logging/log4j/core/lookup/StrLookup
instanceKlass org/apache/logging/log4j/core/net/Advertiser
instanceKlass org/apache/logging/log4j/core/lookup/StrSubstitutor
instanceKlass org/apache/logging/log4j/core/config/ConfigurationAware
instanceKlass org/apache/logging/log4j/core/Filter
instanceKlass org/apache/logging/log4j/core/AbstractLifeCycle
instanceKlass org/apache/logging/log4j/spi/LoggerContextShutdownEnabled
instanceKlass org/apache/logging/log4j/core/config/ConfigurationListener
instanceKlass org/apache/logging/log4j/spi/Terminable
instanceKlass org/apache/logging/log4j/internal/LogManagerStatus
instanceKlass org/apache/logging/log4j/core/util/Cancellable
instanceKlass org/apache/logging/log4j/core/util/DefaultShutdownCallbackRegistry
instanceKlass org/apache/logging/log4j/core/LifeCycle2
instanceKlass org/apache/logging/log4j/core/selector/ClassLoaderContextSelector
instanceKlass org/apache/logging/log4j/spi/LoggerContextShutdownAware
instanceKlass org/apache/logging/log4j/core/util/Loader
instanceKlass org/apache/logging/log4j/core/util/Constants
instanceKlass org/apache/logging/log4j/core/selector/ContextSelector
instanceKlass org/apache/logging/log4j/core/config/Configuration
instanceKlass org/apache/logging/log4j/core/filter/Filterable
instanceKlass org/apache/logging/log4j/core/LifeCycle
instanceKlass org/apache/logging/log4j/spi/LoggerContext
instanceKlass org/apache/logging/log4j/core/impl/Log4jContextFactory
instanceKlass org/apache/logging/log4j/core/util/ShutdownCallbackRegistry
instanceKlass org/apache/logging/log4j/spi/Provider
instanceKlass org/apache/logging/log4j/util/ProviderUtil
instanceKlass org/apache/logging/log4j/util/Strings
instanceKlass org/apache/logging/log4j/Level
instanceKlass org/apache/logging/log4j/message/ExitMessage
instanceKlass org/apache/logging/log4j/message/EntryMessage
instanceKlass org/apache/logging/log4j/message/FlowMessage
instanceKlass org/apache/logging/log4j/status/SimpleLoggerFactory
instanceKlass org/apache/logging/log4j/internal/DefaultLogBuilder
instanceKlass org/apache/logging/log4j/BridgeAware
instanceKlass org/apache/logging/log4j/message/DefaultFlowMessageFactory
instanceKlass org/apache/logging/log4j/message/FlowMessageFactory
instanceKlass org/apache/logging/log4j/util/PropertySource$Util
instanceKlass org/apache/logging/log4j/util/SystemPropertiesPropertySource
instanceKlass org/apache/logging/log4j/util/EnvironmentPropertySource
instanceKlass org/apache/logging/log4j/util/OsgiServiceLocator
instanceKlass org/apache/logging/log4j/util/ServiceLoaderUtil$ServiceLoaderSpliterator
instanceKlass org/apache/logging/log4j/util/ServiceLoaderUtil
instanceKlass org/apache/logging/log4j/util/BiConsumer
instanceKlass org/apache/logging/log4j/util/PropertySource$Comparator
instanceKlass org/apache/logging/log4j/util/PropertiesUtil$Environment
instanceKlass java/net/URLClassLoader$3$1
instanceKlass java/net/URLClassLoader$3
instanceKlass org/apache/logging/log4j/util/LoaderUtil$ThreadContextClassLoaderGetter
instanceKlass org/apache/logging/log4j/util/LoaderUtil
instanceKlass org/apache/logging/log4j/util/PropertiesPropertySource
instanceKlass org/apache/logging/log4j/util/PropertySource
instanceKlass org/apache/logging/log4j/util/PropertiesUtil
instanceKlass org/apache/logging/log4j/util/Constants
instanceKlass org/apache/logging/log4j/message/AbstractMessageFactory
instanceKlass org/apache/logging/log4j/message/ReusableMessageFactory
instanceKlass org/apache/logging/log4j/MarkerManager$Log4jMarker
instanceKlass org/apache/logging/log4j/util/StringBuilderFormattable
instanceKlass org/apache/logging/log4j/Marker
instanceKlass org/apache/logging/log4j/MarkerManager
instanceKlass org/apache/logging/log4j/message/MessageFactory2
instanceKlass org/apache/logging/log4j/LogBuilder
instanceKlass org/apache/logging/log4j/message/Message
instanceKlass org/apache/logging/log4j/spi/AbstractLogger
instanceKlass org/apache/logging/log4j/spi/LocationAwareLogger
instanceKlass org/apache/logging/log4j/spi/ExtendedLogger
instanceKlass org/apache/logging/log4j/message/MessageFactory
instanceKlass org/apache/logging/log4j/spi/LoggerContextFactory
instanceKlass org/apache/logging/log4j/LogManager
instanceKlass java/io/FileOutputStream$1
instanceKlass java/nio/channels/spi/AbstractInterruptibleChannel$1
instanceKlass sun/nio/ch/Interruptible
instanceKlass sun/nio/cs/ThreadLocalCoders$Cache
instanceKlass sun/nio/cs/ThreadLocalCoders
instanceKlass sun/nio/fs/WindowsFileCopy
instanceKlass sun/net/DefaultProgressMeteringPolicy
instanceKlass sun/net/ProgressMeteringPolicy
instanceKlass sun/net/ProgressMonitor
instanceKlass sun/invoke/util/VerifyAccess$1
instanceKlass org/mule/dx/platform/internal/xml/XmlFactoryUtils
instanceKlass sun/nio/ch/IOStatus
instanceKlass java/nio/DirectByteBuffer$Deallocator
instanceKlass sun/nio/ch/Util$BufferCache
instanceKlass sun/nio/ch/Util
instanceKlass sun/nio/ch/NativeThread
instanceKlass java/nio/channels/Channels
instanceKlass sun/nio/fs/WindowsChannelFactory$2
instanceKlass org/apache/commons/io/Charsets
instanceKlass java/nio/file/FileTreeWalker$Event
instanceKlass java/nio/file/FileTreeWalker$DirectoryNode
instanceKlass java/nio/file/FileTreeWalker
instanceKlass java/nio/file/FileTreeIterator
instanceKlass org/apache/commons/io/IOUtils
instanceKlass java/util/Spliterators$IteratorSpliterator
instanceKlass java/nio/file/Files$2
instanceKlass org/mule/dx/platform/Constants
instanceKlass java/util/concurrent/ForkJoinTask$Aux
instanceKlass java/util/concurrent/ForkJoinTask
instanceKlass java/util/concurrent/CompletableFuture$AsynchronousCompletionTask
instanceKlass java/util/concurrent/ForkJoinPool$WorkQueue
instanceKlass java/util/concurrent/ForkJoinPool$DefaultCommonPoolForkJoinWorkerThreadFactory
instanceKlass java/util/concurrent/ForkJoinPool$1
instanceKlass java/util/concurrent/ForkJoinPool$DefaultForkJoinWorkerThreadFactory
instanceKlass java/util/concurrent/ForkJoinPool$ForkJoinWorkerThreadFactory
instanceKlass java/util/concurrent/CompletableFuture$AltResult
instanceKlass java/util/concurrent/Executors$DelegatedExecutorService
instanceKlass java/util/concurrent/SynchronousQueue$TransferStack$SNode
instanceKlass java/util/concurrent/ForkJoinPool$ManagedBlocker
instanceKlass java/util/concurrent/SynchronousQueue$Transferer
instanceKlass java/lang/ProcessHandleImpl
instanceKlass org/mule/dx/platform/internal/maven/ACBTempFileManager
instanceKlass org/mule/dx/platform/auth/BackendTokenValidator
instanceKlass org/mule/dx/platform/auth/OAuthTokenValidator
instanceKlass jakarta/annotation/Priority
instanceKlass jakarta/ws/rs/ConstrainedTo
instanceKlass org/glassfish/jersey/model/internal/CommonConfig$FeatureRegistration
instanceKlass java/util/IdentityHashMap$EntryIterator$Entry
instanceKlass jakarta/inject/Singleton
instanceKlass org/glassfish/jersey/spi/Contract
instanceKlass jakarta/ws/rs/client/RxInvokerProvider
instanceKlass jakarta/ws/rs/client/ClientRequestFilter
instanceKlass jakarta/ws/rs/client/ClientResponseFilter
instanceKlass jakarta/ws/rs/container/DynamicFeature
instanceKlass jakarta/ws/rs/container/ContainerResponseFilter
instanceKlass jakarta/ws/rs/container/ContainerRequestFilter
instanceKlass jakarta/ws/rs/ext/ParamConverterProvider
instanceKlass jakarta/ws/rs/ext/WriterInterceptor
instanceKlass jakarta/ws/rs/ext/ReaderInterceptor
instanceKlass jakarta/ws/rs/ext/MessageBodyWriter
instanceKlass jakarta/ws/rs/ext/MessageBodyReader
instanceKlass jakarta/ws/rs/ext/ExceptionMapper
instanceKlass jakarta/ws/rs/ext/ContextResolver
instanceKlass org/glassfish/jersey/internal/inject/Providers
instanceKlass org/glassfish/jersey/internal/Errors
instanceKlass org/glassfish/jersey/internal/util/Producer
instanceKlass org/glassfish/jersey/internal/guava/Preconditions
instanceKlass java/text/FieldPosition
instanceKlass java/util/ResourceBundle$Control$2
instanceKlass java/util/ResourceBundle$CacheKeyReference
instanceKlass java/util/ResourceBundle$CacheKey
instanceKlass java/util/ImmutableCollections$Access$1
instanceKlass jdk/internal/access/JavaUtilCollectionAccess
instanceKlass java/util/ImmutableCollections$Access
instanceKlass java/util/ServiceLoader$ProviderSpliterator
instanceKlass java/util/spi/ResourceBundleControlProvider
instanceKlass java/util/ResourceBundle$ResourceBundleControlProviderHolder
instanceKlass org/glassfish/jersey/internal/l10n/LocalizableMessage
instanceKlass org/glassfish/jersey/internal/l10n/Localizer
instanceKlass org/glassfish/jersey/client/internal/LocalizationMessages$BundleSupplier
instanceKlass org/glassfish/jersey/internal/l10n/Localizable
instanceKlass org/glassfish/jersey/internal/l10n/LocalizableMessageFactory
instanceKlass org/glassfish/jersey/internal/l10n/LocalizableMessageFactory$ResourceBundleSupplier
instanceKlass org/glassfish/jersey/client/internal/LocalizationMessages
instanceKlass org/glassfish/jersey/media/multipart/MultiPartFeature
instanceKlass jakarta/ws/rs/core/Feature
instanceKlass org/glassfish/jersey/internal/util/collection/Values$LazyUnsafeValueImpl
instanceKlass org/glassfish/jersey/client/JerseyClient$2
instanceKlass java/util/concurrent/BlockingDeque
instanceKlass org/glassfish/jersey/client/JerseyClient$1
instanceKlass jakarta/ws/rs/client/WebTarget
instanceKlass org/glassfish/jersey/client/spi/DefaultSslContextProvider
instanceKlass org/glassfish/jersey/client/JerseyClient
instanceKlass org/glassfish/jersey/client/Initializable
instanceKlass java/util/IdentityHashMap$IdentityHashMapIterator
instanceKlass java/util/LinkedList$ListItr
instanceKlass org/glassfish/jersey/model/internal/RankedComparator
instanceKlass org/glassfish/jersey/client/spi/ClientBuilderListener
instanceKlass jakarta/ws/rs/client/FactoryFinder
instanceKlass jakarta/ws/rs/client/ClientBuilder
instanceKlass org/mule/dx/platform/api/event/ProxySettingsChangeListener
instanceKlass org/mule/dx/platform/api/event/EventTypes
instanceKlass org/glassfish/jersey/client/HttpUrlConnectorProvider$DefaultConnectionFactory
instanceKlass org/glassfish/jersey/client/spi/Connector
instanceKlass org/glassfish/jersey/client/HttpUrlConnectorProvider$ConnectionFactory
instanceKlass org/glassfish/jersey/client/HttpUrlConnectorProvider
instanceKlass org/glassfish/jersey/internal/ServiceFinder$AbstractLazyIterator
instanceKlass org/glassfish/jersey/internal/util/ReflectionHelper$8
instanceKlass org/glassfish/jersey/internal/util/ReflectionHelper$3
instanceKlass org/glassfish/jersey/internal/ServiceFinder$ServiceIteratorProvider
instanceKlass org/glassfish/jersey/internal/OsgiRegistry
instanceKlass org/osgi/framework/SynchronousBundleListener
instanceKlass org/osgi/framework/BundleListener
instanceKlass org/glassfish/jersey/internal/util/ReflectionHelper$2
instanceKlass org/glassfish/jersey/internal/util/ReflectionHelper$1
instanceKlass org/glassfish/jersey/internal/util/TypeVisitor
instanceKlass org/glassfish/jersey/internal/util/ReflectionHelper
instanceKlass org/glassfish/jersey/internal/ServiceFinder
instanceKlass org/glassfish/jersey/model/ContractProvider$Builder
instanceKlass org/glassfish/jersey/process/Inflector
instanceKlass org/glassfish/jersey/internal/inject/InjectionManager
instanceKlass org/glassfish/jersey/model/ContractProvider
instanceKlass org/glassfish/jersey/model/NameBound
instanceKlass org/glassfish/jersey/model/Scoped
instanceKlass org/glassfish/jersey/model/internal/ComponentBag
instanceKlass org/glassfish/jersey/model/internal/CommonConfig
instanceKlass jakarta/ws/rs/core/FeatureContext
instanceKlass org/glassfish/jersey/internal/util/collection/Values$LazyValueImpl
instanceKlass org/glassfish/jersey/internal/util/collection/Values$2
instanceKlass org/glassfish/jersey/internal/util/collection/Values$1
instanceKlass org/glassfish/jersey/internal/util/collection/LazyUnsafeValue
instanceKlass org/glassfish/jersey/internal/util/collection/UnsafeValue
instanceKlass org/glassfish/jersey/internal/util/collection/LazyValue
instanceKlass org/glassfish/jersey/internal/util/collection/Values
instanceKlass org/glassfish/jersey/client/ClientRuntime
instanceKlass org/glassfish/jersey/client/ClientExecutor
instanceKlass org/glassfish/jersey/internal/util/collection/Value
instanceKlass org/glassfish/jersey/client/ClientConfig$State$StateChangeStrategy
instanceKlass org/glassfish/jersey/client/JerseyClient$ShutdownHook
instanceKlass org/glassfish/jersey/internal/inject/Binder
instanceKlass org/glassfish/jersey/internal/BootstrapBag
instanceKlass org/glassfish/jersey/client/ClientConfig$State
instanceKlass org/mule/dx/platform/region/DefaultPlatformRegion
instanceKlass com/google/gson/internal/bind/ReflectiveTypeAdapterFactory$BoundField
instanceKlass com/google/gson/internal/bind/ReflectiveTypeAdapterFactory
instanceKlass com/google/gson/internal/bind/JsonAdapterAnnotationTypeAdapterFactory
instanceKlass com/google/gson/internal/bind/MapTypeAdapterFactory
instanceKlass com/google/gson/internal/bind/CollectionTypeAdapterFactory
instanceKlass com/google/gson/internal/bind/ArrayTypeAdapter$1
instanceKlass com/google/gson/internal/bind/DateTypeAdapter$1
instanceKlass java/util/concurrent/atomic/AtomicLongArray
instanceKlass com/google/gson/internal/bind/NumberTypeAdapter$1
instanceKlass com/google/gson/internal/bind/ObjectTypeAdapter$1
instanceKlass com/google/gson/internal/bind/TypeAdapters$29
instanceKlass com/google/gson/internal/bind/TypeAdapters$33
instanceKlass java/util/Currency
instanceKlass com/google/gson/internal/bind/TypeAdapters$34
instanceKlass java/util/concurrent/atomic/AtomicIntegerArray
instanceKlass com/google/gson/internal/bind/TypeAdapters$32
instanceKlass java/util/BitSet
instanceKlass com/google/gson/internal/bind/TypeAdapters$31
instanceKlass com/google/gson/internal/bind/TypeAdapters
instanceKlass com/google/gson/internal/ObjectConstructor
instanceKlass com/google/gson/internal/ConstructorConstructor
instanceKlass com/google/gson/internal/sql/SqlTimestampTypeAdapter$1
instanceKlass com/google/gson/internal/sql/SqlTimeTypeAdapter$1
instanceKlass com/google/gson/internal/sql/SqlDateTypeAdapter$1
instanceKlass com/google/gson/internal/bind/DefaultDateTypeAdapter$DateType
instanceKlass com/google/gson/internal/sql/SqlTypesSupport
instanceKlass com/google/gson/internal/bind/TreeTypeAdapter$SingleTypeFactory
instanceKlass com/google/gson/internal/$Gson$Types
instanceKlass com/google/gson/reflect/TypeToken
instanceKlass com/google/gson/InstanceCreator
instanceKlass com/google/gson/internal/$Gson$Preconditions
instanceKlass com/google/gson/stream/JsonReader
instanceKlass com/google/gson/stream/JsonWriter
instanceKlass com/google/gson/ToNumberStrategy
instanceKlass com/google/gson/TypeAdapter
instanceKlass com/google/gson/internal/Excluder
instanceKlass com/google/gson/TypeAdapterFactory
instanceKlass com/google/gson/FieldNamingStrategy
instanceKlass com/google/inject/internal/Initializer$1
instanceKlass com/google/common/collect/AbstractMapBasedMultimap$AsMap$AsMapIterator
instanceKlass com/google/inject/internal/Indexer$IndexedBinding
instanceKlass com/google/common/collect/AbstractMapBasedMultimap$WrappedCollection$WrappedIterator
instanceKlass org/mule/dx/platform/shutdown/hook/PlatformServerShutdownHook$$FastClassByGuice$$358000270
instanceKlass org/mule/dx/platform/internal/serializers/MavenDependencyDeserializer$$FastClassByGuice$$357288184
instanceKlass org/mule/dx/platform/internal/utils/PlatformServerNotifier$$FastClassByGuice$$356400977
instanceKlass org/mule/dx/platform/internal/maven/AnypointMavenRepositoryManager$$FastClassByGuice$$354924296
instanceKlass org/mule/dx/platform/internal/files/DefaultProjectFileWatcherManager$$FastClassByGuice$$353394789
instanceKlass org/mule/dx/platform/internal/files/DirectoryFileWatcher
instanceKlass org/mule/dx/platform/internal/api/maven/DefaultMavenDependencyResolutionHelper$$FastClassByGuice$$352639180
instanceKlass org/mule/dx/platform/internal/api/maven/DefaultMavenDependencyModel$Builder
instanceKlass org/mule/dx/platform/internal/DefaultHttpClientService$$FastClassByGuice$$351602578
instanceKlass org/mule/dx/platform/proxy/DefaultProxySettingsService$$FastClassByGuice$$351211325
instanceKlass org/mule/dx/platform/proxy/DefaultProxyService$$FastClassByGuice$$349268271
instanceKlass org/glassfish/jersey/client/ClientConfig
instanceKlass org/glassfish/jersey/ExtendedConfig
instanceKlass java/net/Authenticator
instanceKlass org/glassfish/jersey/client/spi/ConnectorProvider
instanceKlass java/net/ProxySelector
instanceKlass java/net/SocketAddress
instanceKlass org/mule/dx/platform/region/DefaultRegionService$$FastClassByGuice$$348236360
instanceKlass org/mule/dx/platform/region/RegionManager$$FastClassByGuice$$347098443
instanceKlass org/mule/dx/platform/region/RegionResponse
instanceKlass org/mule/dx/platform/region/RegionRequest
instanceKlass org/mule/dx/platform/region/RegionManager
instanceKlass org/mule/dx/platform/internal/maven/ACBMavenManager$$FastClassByGuice$$346930553
instanceKlass org/mule/dx/platform/internal/jdk/ACBJDKManager$$FastClassByGuice$$345149425
instanceKlass org/mule/dx/platform/api/JDKVersion
instanceKlass org/mule/dx/platform/shutdown/DefaultPlatformShutdownHookManager$$FastClassByGuice$$344065353
instanceKlass org/mule/dx/platform/internal/DefaultPlatformServer$$FastClassByGuice$$343251623
instanceKlass org/eclipse/lsp4j/WorkDoneProgressCancelParams
instanceKlass org/mule/dx/platform/protocol/InitializeParams
instanceKlass org/mule/dx/platform/metrics/DefaultMetricsManager$$FastClassByGuice$$342784903
instanceKlass org/mule/dx/platform/api/DefaultPlatformClientProvider$$FastClassByGuice$$341800144
instanceKlass org/mule/dx/platform/api/PlatformClient
instanceKlass org/mule/dx/platform/internal/maven/DefaultSettingsManager$$FastClassByGuice$$340004411
instanceKlass org/apache/maven/settings/building/SettingsBuildingResult
instanceKlass org/apache/maven/settings/building/DefaultSettingsBuilderFactory
instanceKlass org/apache/maven/settings/RepositoryBase
instanceKlass org/apache/maven/settings/TrackableBase
instanceKlass org/apache/maven/settings/building/SettingsBuildingRequest
instanceKlass org/mule/dx/platform/internal/api/embedded/lsp/DefaultEmbeddedLanguageServerMediator$$FastClassByGuice$$339539825
instanceKlass org/mule/dx/platform/internal/api/embedded/lsp/EmbeddedDocEntry
instanceKlass org/mule/dx/platform/internal/api/embedded/lsp/LanguageServerRegistryEntry
instanceKlass org/mule/dx/platform/internal/api/embedded/lsp/WorkspaceServiceMediator
instanceKlass org/mule/dx/platform/internal/api/embedded/lsp/LanguageServerRegistry
instanceKlass org/mule/dx/platform/internal/api/embedded/lsp/CoordinatesTranslator$$FastClassByGuice$$338562540
instanceKlass org/mule/dx/platform/internal/api/embedded/lsp/CoordinatesTranslator
instanceKlass org/mule/dx/platform/internal/api/embedded/lsp/TextDocumentDiagnosticsManager
instanceKlass org/mule/dx/platform/internal/api/embedded/lsp/EmbeddedDocsRegistry
instanceKlass org/eclipse/jface/text/ILineTracker
instanceKlass org/mule/dx/platform/internal/api/embedded/lsp/ServerCapabilitiesMergeStrategy
instanceKlass org/mule/maven/pom/parser/internal/MuleMavenPomParserProvider$$FastClassByGuice$$336604065
instanceKlass org/mule/dx/platform/internal/maven/DefaultPomFileHandlerFactory$$FastClassByGuice$$336034155
instanceKlass org/mule/dx/platform/internal/xml/DefaultXmlEditingHelper$$FastClassByGuice$$335094093
instanceKlass org/mule/dx/platform/anypoint/exchange/DefaultExchangeService$$FastClassByGuice$$333936373
instanceKlass org/mule/dx/platform/anypoint/exchange/model/AssetDetailsRequest
instanceKlass org/mule/dx/platform/anypoint/exchange/model/AssetsRequest
instanceKlass org/mule/dx/platform/internal/maven/MavenRunner$$FastClassByGuice$$332412056
instanceKlass org/apache/maven/shared/invoker/InvocationRequest
instanceKlass org/apache/maven/shared/invoker/Invoker
instanceKlass org/mule/dx/platform/anypoint/exchange/DefaultExchangeClient$$FastClassByGuice$$331745659
instanceKlass org/mule/dx/platform/anypoint/exchange/model/DefaultAsset
instanceKlass org/mule/dx/platform/anypoint/exchange/model/DefaultAssetFile
instanceKlass org/mule/dx/platform/anypoint/exchange/model/DefaultAssetDetails
instanceKlass org/apache/maven/artifact/versioning/ArtifactVersion
instanceKlass org/mule/dx/platform/api/anypoint/exchange/model/PaginatedResponse
instanceKlass org/glassfish/jersey/media/multipart/BodyPart
instanceKlass org/mule/dx/platform/internal/cloudhub/DefaultCloudHubManager$$FastClassByGuice$$331046320
instanceKlass org/mule/dx/platform/api/model/cloudhub/AccountDetails
instanceKlass org/mule/dx/platform/internal/utils/AnypointRestClient
instanceKlass org/mule/dx/platform/auth/TransitionalAuthenticationManager$$FastClassByGuice$$329996176
instanceKlass org/mule/dx/platform/internal/PlatformUrlProviderServiceImpl$$FastClassByGuice$$329250231
instanceKlass org/mule/dx/platform/urls/DefaultAnypointUrlProvider$$FastClassByGuice$$327842480
instanceKlass org/mule/dx/platform/urls/PlatformUrl$PlatformUrlBuilder
instanceKlass org/mule/dx/platform/urls/RegionUrlResolver$$FastClassByGuice$$326974858
instanceKlass org/mule/dx/platform/urls/RegionUrlResolver
instanceKlass org/mule/dx/platform/urls/IServiceUrlBuilder
instanceKlass org/mule/dx/platform/internal/AuthenticationServiceImpl$$FastClassByGuice$$326049683
instanceKlass org/mule/dx/platform/auth/ActiveUserResponse
instanceKlass org/mule/dx/platform/anypoint/exchange/model/DefaultAssetDetailsSearchBuilder$$FastClassByGuice$$324100326
instanceKlass org/mule/dx/platform/api/anypoint/exchange/model/AssetDetailsSearch
instanceKlass org/mule/dx/platform/anypoint/exchange/model/DefaultAssetSearchBuilder$$FastClassByGuice$$323053844
instanceKlass org/mule/dx/platform/api/anypoint/exchange/model/AssetSearch
instanceKlass org/mule/dx/platform/graphql/DefaultGraphQlClient$$FastClassByGuice$$322077445
instanceKlass org/mule/dx/platform/graphql/models/AbstractExchangeAsset
instanceKlass org/mule/tooling/exchange/client/internal/ExchangeSchema$QueryResponse
instanceKlass org/mule/dx/platform/graphql/models/DefaultExchangeAsset
instanceKlass org/mule/dx/platform/api/graphql/ExchangeAsset
instanceKlass com/shopify/graphql/support/AbstractResponse
instanceKlass org/mule/dx/platform/api/graphql/PagedGraphQlResponse
instanceKlass org/mule/dx/platform/api/graphql/GraphQueryBuilder
instanceKlass org/mule/dx/platform/api/graphql/ExchangeAssetAttributesInfo
instanceKlass org/mule/dx/platform/preferences/DefaultPreferenceService$$FastClassByGuice$$321857870
instanceKlass org/mule/dx/platform/api/utils/eventbus/EventBus$$FastClassByGuice$$320267200
instanceKlass org/mule/dx/platform/api/utils/eventbus/EventListenerProvider
instanceKlass org/mule/dx/platform/api/utils/eventbus/EventRegistrationHandler
instanceKlass org/mule/dx/platform/api/utils/eventbus/EventBus$EventHandlerHolder
instanceKlass org/mule/dx/platform/internal/DefaultComponentFactoryManager$$FastClassByGuice$$319533550
instanceKlass org/mule/dx/platform/internal/api/impl/DefaultProjectDescriptorMutatorFactory$$FastClassByGuice$$318354982
instanceKlass org/mule/dx/platform/api/project/ProjectDescriptorMutator
instanceKlass org/mule/dx/platform/internal/api/impl/DefaultProjectDescriptorBuilder$$FastClassByGuice$$317007069
instanceKlass org/mule/dx/platform/internal/api/impl/DefaultProjectBuilder$$FastClassByGuice$$316230682
instanceKlass org/mule/dx/platform/internal/api/task/DefaultJobsManager$$FastClassByGuice$$315240512
instanceKlass org/mule/dx/platform/internal/api/task/DefaultJobsManager$InternalJob
instanceKlass org/mule/dx/platform/api/task/RunnableTask
instanceKlass org/mule/dx/platform/api/task/Job
instanceKlass org/mule/dx/platform/internal/DefaultLogService$$FastClassByGuice$$313830228
instanceKlass org/mule/dx/platform/internal/DefaultProtocolService$$FastClassByGuice$$313031505
instanceKlass org/mule/dx/platform/internal/SocketLauncher
instanceKlass org/mule/dx/platform/protocol/jsonrpc/BaseServiceMessage
instanceKlass org/mule/dx/platform/api/SafeRunnable
instanceKlass org/mule/dx/platform/internal/WorkspaceManagerImpl$$FastClassByGuice$$311688366
instanceKlass org/mule/dx/platform/internal/api/impl/DefaultProject
instanceKlass org/mule/dx/platform/internal/WorkspaceServiceImpl$$FastClassByGuice$$310385227
instanceKlass org/mule/dx/platform/internal/workspace/WorkspaceChangesNotification
instanceKlass org/mule/dx/platform/protocol/GetProjectAtRequest
instanceKlass org/mule/dx/platform/internal/ProjectServiceImpl$$FastClassByGuice$$310364770
instanceKlass org/eclipse/lsp4j/jsonrpc/services/JsonRequest
instanceKlass org/mule/dx/platform/protocol/ProjectDependenciesChangeRequest
instanceKlass org/mule/dx/platform/protocol/GetDependenciesResponse
instanceKlass org/mule/dx/platform/protocol/GetDependenciesRequest
instanceKlass org/mule/dx/platform/protocol/ProjectPropertiesChangeRequest
instanceKlass org/mule/dx/platform/protocol/ProcessResponse
instanceKlass org/mule/dx/platform/internal/api/window/DefaultWindowService$$FastClassByGuice$$309056667
instanceKlass org/mule/dx/platform/internal/JSONPlatformSerializer$$FastClassByGuice$$308260078
instanceKlass com/google/gson/GsonBuilder
instanceKlass org/mule/dx/contributions/munit/internal/service/WindowsMUnitProcessService$$FastClassByGuice$$306559880
instanceKlass org/mule/dx/contributions/munit/internal/infra/ExcludeFromJacocoGeneratedReport
instanceKlass org/mule/dx/contributions/munit/internal/model/MUnitProcessHandle
instanceKlass org/mule/dx/contributions/munit/internal/service/windows/WindowProcessesReader
instanceKlass org/mule/dx/contributions/munit/internal/service/DefaultMUnitConfigurator$$FastClassByGuice$$305684154
instanceKlass org/mule/dx/contributions/munit/api/jsonrpc/model/IsConfiguredResponse$IsConfiguredResponseBuilder
instanceKlass org/mule/dx/contributions/munit/internal/service/DefaultMUnitEnvironment$$FastClassByGuice$$304416199
instanceKlass org/mule/dx/contributions/munit/api/jsonrpc/model/BasicMUnitResponse
instanceKlass org/mule/dx/contributions/munit/api/jsonrpc/model/dto/Runtime
instanceKlass org/apache/commons/lang3/tuple/Triple
instanceKlass org/mule/dx/contributions/munit/api/jsonrpc/model/CheckMUnitEnvironmentResponse$CheckMUnitEnvironmentResponseBuilder
instanceKlass org/mule/dx/contributions/munit/internal/service/DefaultMUnitJavaProvider$$FastClassByGuice$$303278542
instanceKlass org/mule/dx/contributions/munit/internal/maven/DefaultMUnitPomFileHandler$$FastClassByGuice$$302298602
instanceKlass org/mule/dx/contributions/munit/internal/maven/ParentPomInfo
instanceKlass org/mule/dx/platform/api/maven/PomFileHandler
instanceKlass org/mule/dx/contributions/munit/internal/jsonrpc/DefaultMuleDxMUnitService$$FastClassByGuice$$301354361
instanceKlass org/mule/dx/contributions/munit/api/jsonrpc/model/BasicMUnitRequest
instanceKlass org/mule/dx/contributions/munit/internal/service/DefaultMUnitClientProvider$$FastClassByGuice$$300298522
instanceKlass org/mule/dx/contributions/munit/api/jsonrpc/MuleDxMUnitClient
instanceKlass org/mule/dx/contributions/munit/internal/service/DefaultMUnitDebuggingStrategy$$FastClassByGuice$$299241166
instanceKlass org/mule/dx/contributions/munit/dap/DebuggerProperties
instanceKlass org/apache/commons/lang3/tuple/Pair
instanceKlass org/mule/dx/contributions/munit/internal/notifier/MUnitNotifier
instanceKlass org/mule/dx/contributions/munit/dap/DebugProtocolClient
instanceKlass org/mule/dx/contributions/munit/internal/service/MUnitJavaProvider$JavaInformation
instanceKlass org/mule/dx/contributions/munit/internal/service/DefaultMUnitXMLService$$FastClassByGuice$$298785782
instanceKlass javax/xml/stream/events/Attribute
instanceKlass org/mule/dx/contributions/munit/api/jsonrpc/model/dto/DeclarationCoverageElement
instanceKlass org/mule/dx/contributions/munit/api/jsonrpc/model/dto/MUnitTestCase
instanceKlass javax/xml/stream/events/EndElement
instanceKlass javax/xml/stream/events/StartElement
instanceKlass javax/xml/stream/events/XMLEvent
instanceKlass javax/xml/stream/XMLStreamConstants
instanceKlass javax/xml/stream/XMLInputFactory
instanceKlass javax/xml/namespace/QName
instanceKlass javax/xml/transform/Result
instanceKlass org/mule/dx/contributions/munit/internal/maven/DefaultMavenClient$$FastClassByGuice$$297283950
instanceKlass org/mule/dx/contributions/munit/api/maven/MavenClient$MavenProcess
instanceKlass org/eclipse/lsp4j/debug/RunInTerminalRequestArguments
instanceKlass org/mule/dx/contributions/munit/api/maven/MavenClient$RunArguments
instanceKlass org/apache/logging/log4j/Logger
instanceKlass org/mule/weave/extension/plugin/spell/project/SpellProjectInitializer$$FastClassByGuice$$296678783
instanceKlass org/mule/weave/extension/plugin/sfdc/project/SFDXProjectInitializer$$FastClassByGuice$$295298622
instanceKlass org/mule/weave/extension/plugin/bat/project/BatProjectInitializer$$FastClassByGuice$$294408591
instanceKlass org/mule/weave/extension/plugin/maven/project/MavenProjectInitializer$$FastClassByGuice$$293336592
instanceKlass org/mule/weave/extension/plugin/maven/resolver/strategy/BuildModel
instanceKlass org/mule/weave/extension/plugin/protocol/DefaultDataWeaveProtocolService$$FastClassByGuice$$291774018
instanceKlass org/mule/weave/lsp/extension/protocol/ToolConfirmation
instanceKlass org/mule/weave/lsp/extension/protocol/ToolMetadata
instanceKlass org/mule/weave/lsp/extension/protocol/ListToolResult
instanceKlass org/mule/weave/lsp/extension/protocol/ExecuteToolResult
instanceKlass org/mule/weave/lsp/extension/protocol/ExecuteToolRequest
instanceKlass org/mule/weave/lsp/extension/protocol/DataWeaveProtocolClientDelegate
instanceKlass org/mule/weave/lsp/extension/protocol/DataWeaveProtocolClient
instanceKlass org/mule/weave/extension/plugin/metadata/DefaultDWTypeTransformer$$FastClassByGuice$$291304889
instanceKlass org/mule/weave/v2/api/tooling/ts/DWType
instanceKlass org/mule/weave/extension/plugin/project/DefaultWeaveServiceManager$$FastClassByGuice$$290327587
instanceKlass org/mule/weave/extension/api/services/WeaveService
instanceKlass org/mule/weave/extension/api/lifecycle/LanguageServerLifecycle
instanceKlass org/mule/weave/extension/plugin/maven/resolver/DefaultMavenManager$$FastClassByGuice$$288374546
instanceKlass org/mule/maven/client/api/model/Authentication
instanceKlass org/eclipse/aether/repository/RemoteRepository
instanceKlass org/eclipse/aether/repository/ArtifactRepository
instanceKlass eu/maveniverse/maven/mima/context/ContextOverrides$Builder
instanceKlass org/mule/weave/extension/plugin/maven/resolver/MavenResolverModelLoader
instanceKlass org/mule/weave/extension/plugin/maven/resolver/MavenDependencyResolver
instanceKlass org/mule/weave/extension/plugin/maven/resolver/MavenModelLoader
instanceKlass org/mule/weave/extension/plugin/command/DefaultWeaveCreateInputSampleCommandFactory$$FastClassByGuice$$288091489
instanceKlass org/mule/weave/extension/plugin/command/DefaultWeaveRunPreviewCommandFactory$$FastClassByGuice$$287091057
instanceKlass org/eclipse/lsp4j/Command
instanceKlass org/mule/weave/extension/plugin/DefaultWeaveLanguageServerBuilder$$FastClassByGuice$$285631363
instanceKlass org/mule/weave/extension/plugin/project/DefaultProjectKindFactory$$FastClassByGuice$$284361059
instanceKlass org/mule/weave/extension/api/project/ProjectMetadata
instanceKlass org/mule/weave/lsp/project/ProjectKindContext
instanceKlass org/mule/weave/extension/plugin/lsp/DefaultWorkspaceServiceManager$$FastClassByGuice$$283552261
instanceKlass org/eclipse/lsp4j/DidChangeWorkspaceFoldersParams
instanceKlass scala/Option
instanceKlass org/mule/weave/lsp/services/WorkspaceServiceContributor
instanceKlass org/mule/weave/lsp/services/TextDocumentTranslatorService
instanceKlass org/mule/weave/extension/api/WeaveLanguageServerBuilder$TextDocumentTranslator
instanceKlass org/mule/weave/lsp/services/ToolingService
instanceKlass org/mule/weave/lsp/services/WorkspaceEditService
instanceKlass org/mule/weave/lsp/services/DiagnosticsPublisherService
instanceKlass org/mule/weave/lsp/commands/CommandManagerService
instanceKlass org/mule/weave/lsp/services/DataWeaveWorkspaceService
instanceKlass org/mule/weave/lsp/services/WorkspaceServiceContributorRegistry
instanceKlass org/mule/weave/lsp/services/ConfigurationService
instanceKlass org/mule/weave/lsp/services/UIService
instanceKlass org/mule/weave/lsp/services/ClientLoggerFactory
instanceKlass org/mule/weave/lsp/services/delegate/WorkspaceServiceDelegate
instanceKlass org/mule/weave/lsp/project/ProjectKind
instanceKlass org/mule/weave/extension/plugin/lsp/jobs/DefaultJobManagerServiceProvider$$FastClassByGuice$$282166252
instanceKlass org/mule/weave/lsp/jobs/JobManagerService
instanceKlass com/mule/api/contribution/jsonrpc/validation/DefaultValidationsService$$FastClassByGuice$$281397211
instanceKlass com/mule/api/contribution/jsonrpc/project/model/ProjectNameValidationRequest
instanceKlass com/mule/api/contribution/api/project/maven/DefaultAPIMavenRunner$$FastClassByGuice$$280449993
instanceKlass com/mule/api/contribution/jsonrpc/window/model/JobStartedParams
instanceKlass org/mule/dx/platform/api/maven/MavenExecutionResult
instanceKlass com/mule/api/contribution/api/vcs/proxy/DefaultProxyManager$$FastClassByGuice$$279637282
instanceKlass jakarta/ws/rs/core/Configuration
instanceKlass com/mule/api/contribution/jsonrpc/dependency/DefaultDependencyManagerService$$FastClassByGuice$$278738100
instanceKlass com/mule/api/contribution/jsonrpc/dependency/DependencyEnvironmentRequest
instanceKlass com/mule/api/contribution/api/project/dependency/DefaultAPIMavenClient$$FastClassByGuice$$277110764
instanceKlass com/mule/api/contribution/api/project/dependency/DefaultAPIDependencyResolver$$FastClassByGuice$$276386279
instanceKlass com/mule/api/contribution/api/project/dependency/model/DependencyResolutionResult
instanceKlass com/mule/api/contribution/api/project/dependency/model/DefaultExchangeJsonDependencyModel$ExchangeJsonDependencyModelBuilder
instanceKlass com/mule/api/contribution/jsonrpc/catalog/DefaultAPICatalogService$$FastClassByGuice$$275263803
instanceKlass com/mule/api/contribution/api/from/scratch/model/factory/CreateNewProjectConfigurationFactory$$FastClassByGuice$$274670148
instanceKlass com/mule/api/contribution/jsonrpc/catalog/model/api/from/scratch/CreateNewProjectConfiguration
instanceKlass com/mule/api/contribution/jsonrpc/catalog/model/api/from/scratch/ProjectMetadataConfiguration
instanceKlass com/mule/api/contribution/api/graphql/GraphQlService$$FastClassByGuice$$273031651
instanceKlass com/mule/api/contribution/TelemeteredJob
instanceKlass com/mule/api/contribution/jsonrpc/catalog/model/api/from/scratch/GavRequest
instanceKlass com/mule/api/contribution/api/graphql/GraphQlService
instanceKlass com/mule/api/contribution/api/from/scratch/model/factory/CreateNewProjectConfigurationFactory
instanceKlass com/mule/api/contribution/jsonrpc/project/implementation/DefaultImplementationService$$FastClassByGuice$$272060788
instanceKlass com/mule/api/contribution/jsonrpc/project/model/ImplementationMetadataRequest
instanceKlass com/mule/api/contribution/jsonrpc/mockingservice/client/DefaultMockingServiceClient$$FastClassByGuice$$270538721
instanceKlass com/mule/api/contribution/jsonrpc/mockingservice/model/MockingServiceUriRequest
instanceKlass com/mule/api/contribution/api/mockingservice/service/DefaultMockingService$$FastClassByGuice$$270058080
instanceKlass com/mule/api/contribution/api/mockingservice/utils/MockingServiceUtils$$FastClassByGuice$$269057544
instanceKlass com/mule/api/contribution/api/mockingservice/utils/MockingServiceUtils
instanceKlass com/mule/api/contribution/jsonrpc/console/service/DefaultAPIConsoleService$$FastClassByGuice$$268239114
instanceKlass com/mule/api/contribution/jsonrpc/console/model/APIConsoleRequest
instanceKlass com/mule/api/contribution/api/console/service/DefaultAPIModelsManager$$FastClassByGuice$$266874742
instanceKlass org/mule/dx/platform/api/utils/eventbus/EventType
instanceKlass com/mule/api/contribution/api/editor/ALSNotificationsClient$$FastClassByGuice$$265797423
instanceKlass org/mulesoft/als/server/feature/workspace/FilesInProjectParams
instanceKlass org/mulesoft/anypoint/server/scala/modules/configuration/notifier/ProjectConfigurationParams
instanceKlass org/mulesoft/als/server/feature/serialization/SerializationResult
instanceKlass com/mule/api/contribution/mcp/DefaultMCPToolsService$$FastClassByGuice$$264383983
instanceKlass com/mule/api/contribution/mcp/create/CreateParams
instanceKlass com/mule/api/contribution/jsonrpc/DefaultAPIService$$FastClassByGuice$$263799921
instanceKlass com/mule/api/contribution/jsonrpc/APIClient
instanceKlass com/mule/api/contribution/api/vcs/service/DefaultAPIVCSService$$FastClassByGuice$$263158178
instanceKlass com/mule/api/contribution/api/vcs/client/DefaultVCSClient$$FastClassByGuice$$261488989
instanceKlass org/apache/commons/lang3/tuple/Pair
instanceKlass org/eclipse/jgit/transport/http/HttpConnectionFactory
instanceKlass com/mule/api/contribution/api/vcs/service/DefaultGitConfigurationService$$FastClassByGuice$$260597764
instanceKlass com/mule/api/contribution/jsonrpc/project/agentnetwork/DefaultAgentNetworkService$$FastClassByGuice$$259768299
instanceKlass com/mule/api/contribution/jsonrpc/project/model/GetEnvironmentsRequest
instanceKlass com/mule/api/contribution/jsonrpc/project/model/GetUserProfileRequest
instanceKlass com/mule/api/contribution/jsonrpc/project/model/GetGatewaysRequest
instanceKlass com/mule/api/contribution/jsonrpc/project/model/GetRuntimeTargetsRequest
instanceKlass com/mule/api/contribution/api/agentnetwork/AgentNetworkClient$$FastClassByGuice$$258724821
instanceKlass com/mule/api/contribution/api/agentnetwork/model/UserProfile
instanceKlass com/mule/api/contribution/api/agentnetwork/model/GatewayResponse
instanceKlass com/mule/api/contribution/api/agentnetwork/model/UserProfileResponse
instanceKlass com/mule/api/contribution/api/agentnetwork/model/RuntimeTargetResponse
instanceKlass com/fasterxml/jackson/databind/JsonSerializable$Base
instanceKlass com/fasterxml/jackson/databind/JsonSerializable
instanceKlass com/fasterxml/jackson/core/TreeNode
instanceKlass com/mule/api/contribution/api/agentnetwork/model/Gateway
instanceKlass com/fasterxml/jackson/core/TreeCodec
instanceKlass com/fasterxml/jackson/core/Versioned
instanceKlass com/mule/api/contribution/api/agentnetwork/AgentNetworkClient
instanceKlass com/mule/api/contribution/jsonrpc/project/agentforce/implementation/DefaultAgentforceService$$FastClassByGuice$$257679081
instanceKlass com/mule/api/contribution/jsonrpc/project/agentforce/model/ProjectUriRequest
instanceKlass com/mule/api/contribution/jsonrpc/project/agentforce/model/AgentforceSyntaxToExtensionRequest
instanceKlass com/mule/api/contribution/jsonrpc/project/agentforce/model/AgentforceApiMetadataResponse
instanceKlass com/mule/api/contribution/jsonrpc/project/agenttopiccenter/DefaultAgentTopicCenterService$$FastClassByGuice$$256813575
instanceKlass org/mulesoft/anypoint/server/features/genai/AddRootExtensionParams
instanceKlass com/mule/api/contribution/jsonrpc/project/agenttopiccenter/GetTopicEnabledResponse
instanceKlass com/mule/api/contribution/api/governance/service/DefaultGovernanceService$$FastClassByGuice$$255079184
instanceKlass com/mule/api/contribution/api/governance/model/GetRuleTreeRequest
instanceKlass amf/core/client/common/remote/Content
instanceKlass com/mule/api/contribution/api/governance/model/ApiRulesetResponse
instanceKlass com/mule/api/contribution/api/governance/model/CentralizedRulesets
instanceKlass org/mulesoft/apb/project/client/platform/environment/DependencyFetcher
instanceKlass com/mule/api/contribution/api/governance/model/WorkspaceUriRequest
instanceKlass com/mule/api/contribution/api/governance/acv/DefaultACVClient$$FastClassByGuice$$254555459
instanceKlass java/lang/ProcessBuilder
instanceKlass com/mule/api/contribution/jsonrpc/project/properties/service/DefaultProjectPropertiesService$$FastClassByGuice$$253389806
instanceKlass org/mulesoft/anypoint/server/features/descriptor/DependencyModel
instanceKlass org/mule/dx/platform/api/anypoint/exchange/ExchangeClientResult
instanceKlass com/mule/api/contribution/jsonrpc/project/properties/model/SetProjectPropertiesRequest
instanceKlass com/mule/api/contribution/api/utils/categories/CategoryPredicate
instanceKlass com/mule/api/contribution/jsonrpc/catalog/model/AbstractOrgPathTokenBundle
instanceKlass com/mule/api/contribution/jsonrpc/project/service/DefaultAPIProjectService$$FastClassByGuice$$251941769
instanceKlass com/mule/api/contribution/api/apidesigner/APIDesignerService$$FastClassByGuice$$250846470
instanceKlass com/mule/api/contribution/api/apidesigner/APIDesignerClient$$FastClassByGuice$$249586920
instanceKlass jakarta/ws/rs/core/GenericType
instanceKlass com/mule/api/contribution/api/apidesigner/model/ProjectLite
instanceKlass com/mule/api/contribution/api/apidesigner/model/Project
instanceKlass com/mule/api/contribution/api/apidesigner/APIDesignerClient
instanceKlass org/mulesoft/als/server/lsp4j/extension/SerializationParams
instanceKlass com/mule/api/contribution/jsonrpc/project/model/ImportProjectRequest
instanceKlass com/mule/api/contribution/jsonrpc/project/model/GetProjectsRequest
instanceKlass org/mulesoft/als/server/lsp4j/extension/CleanDiagnosticTreeParams
instanceKlass com/mule/api/contribution/jsonrpc/model/APIResponse
instanceKlass com/mule/api/contribution/jsonrpc/project/model/FoldersOpenedRequest
instanceKlass org/eclipse/lsp4j/PublishDiagnosticsParams
instanceKlass com/mule/api/contribution/api/apidesigner/APIDesignerService
instanceKlass com/mule/api/contribution/api/project/service/DefaultAPIProjectsManager$$FastClassByGuice$$249547306
instanceKlass com/mule/api/contribution/api/project/polyglot/APIPolyglotFactory$$FastClassByGuice$$248267862
instanceKlass com/mule/api/contribution/api/project/polyglot/model/Extension
instanceKlass com/mule/api/contribution/api/utils/io/ProjectUtils$$FastClassByGuice$$247006789
instanceKlass com/mule/api/contribution/jsonrpc/project/model/ProjectCleanResponse
instanceKlass com/mule/api/contribution/jsonrpc/project/model/ProjectCleanRequest
instanceKlass com/mule/api/contribution/api/utils/properties/APIPropertiesManager$$FastClassByGuice$$245576596
instanceKlass com/mule/api/contribution/api/utils/properties/APIPropertiesManager
instanceKlass com/mule/api/contribution/api/governance/service/DefaultGovernanceValidationManager$$FastClassByGuice$$245114364
instanceKlass com/mule/api/contribution/api/governance/acv/ACVHelper$$FastClassByGuice$$243696580
instanceKlass org/mulesoft/anypoint/server/AnypointCustomTextDocumentService
instanceKlass org/mulesoft/als/server/custom/CustomTextDocumentService
instanceKlass com/mule/api/contribution/api/governance/model/ReportEntry
instanceKlass org/mulesoft/als/server/acv/CustomDiagnosticEntry
instanceKlass com/mule/api/contribution/api/governance/model/ValidateRulesResponse
instanceKlass com/mule/api/contribution/api/event/LSPServerProxy
instanceKlass org/mulesoft/als/server/lsp4j/extension/ExtendedLanguageServer
instanceKlass com/mule/api/contribution/api/governance/model/TraceEntry
instanceKlass org/mulesoft/als/server/acv/TraceEntry
instanceKlass com/mule/api/contribution/api/governance/model/CentralizedRulesetsFile
instanceKlass com/mule/api/contribution/api/governance/acv/state/ValidationProcessInstanceManager
instanceKlass com/mule/api/contribution/api/utils/ProcessTimer
instanceKlass org/mulesoft/als/server/acv/CustomDiagnosticReport
instanceKlass com/mule/api/contribution/api/governance/service/GovernanceServiceClient
instanceKlass com/fasterxml/jackson/core/type/TypeReference
instanceKlass com/google/common/collect/Maps$EntryTransformer
instanceKlass com/mule/api/contribution/api/governance/model/ValidateRulesRequest
instanceKlass com/mule/api/contribution/api/governance/acv/ACVHelper
instanceKlass com/mule/api/contribution/api/cli/CLIClient$$FastClassByGuice$$242287342
instanceKlass com/mule/api/contribution/api/cli/utils/ReporterManager$$FastClassByGuice$$241343421
instanceKlass java/util/concurrent/locks/AbstractQueuedSynchronizer$Node
instanceKlass com/mule/api/contribution/api/from/scratch/model/translator/ProjectModelTranslator$$FastClassByGuice$$240924960
instanceKlass com/mule/api/contribution/api/from/scratch/model/ProjectCommonConfiguration
instanceKlass com/mule/api/contribution/jsonrpc/project/model/ProjectCreateRequest
instanceKlass com/mule/api/contribution/api/from/scratch/client/model/ProjectCreateBodyRequest
instanceKlass com/mule/api/contribution/api/cli/utils/ExecutionReporter
instanceKlass com/mule/api/contribution/api/runtimes/EnvironmentVariablesBuilder
instanceKlass com/mule/api/contribution/api/runtimes/CommandLineBuilder
instanceKlass com/mule/api/contribution/jsonrpc/project/model/AgentNetworkDeployRequest
instanceKlass com/mule/api/contribution/jsonrpc/project/properties/model/GetProjectPropertiesRequest
instanceKlass com/mule/api/contribution/jsonrpc/project/model/AgentNetworkSetupGatewaysRequest
instanceKlass com/mule/api/contribution/jsonrpc/project/properties/model/CLIResponse
instanceKlass com/mule/api/contribution/jsonrpc/project/properties/model/GetCentralizedRulesetsRequest
instanceKlass com/mule/api/contribution/api/cli/utils/ReporterManager
instanceKlass com/mule/api/contribution/api/from/scratch/model/translator/ProjectModelTranslator
instanceKlass com/mule/api/contribution/api/cli/BaseExecutor
instanceKlass com/mule/api/contribution/api/project/model/DefaultAPIProjectDescriptorBuilder$$FastClassByGuice$$239173552
instanceKlass com/mule/api/contribution/api/project/model/DefaultAPIProjectDescriptor
instanceKlass com/mule/api/contribution/api/utils/io/ExchangeJsonUtils
instanceKlass com/mule/api/contribution/api/from/scratch/client/model/ProjectCreateResult
instanceKlass com/mule/api/contribution/api/from/scratch/model/ProjectConfiguration
instanceKlass com/mule/api/contribution/api/vcs/model/ImportResult
instanceKlass com/mule/api/contribution/api/project/model/APIProjectConfiguration
instanceKlass com/mule/api/contribution/api/console/model/APIModel
instanceKlass com/mule/api/contribution/api/from/scratch/model/APIAsset
instanceKlass com/mule/api/contribution/api/project/service/publication/model/PublishToExchangeResult
instanceKlass com/mule/api/contribution/jsonrpc/project/model/PublishProjectRequest
instanceKlass com/mule/api/contribution/api/cli/CLIClient
instanceKlass com/mule/api/contribution/api/project/model/DefaultAPIProjectDescriptorBuilder
instanceKlass com/mule/api/contribution/api/project/model/APIProjectDescriptorBuilder
instanceKlass com/mule/api/contribution/api/utils/io/ProjectUtils
instanceKlass com/mule/api/contribution/api/project/polyglot/APIPolyglotFactory
instanceKlass com/mule/api/contribution/api/project/model/APIProjectDescriptor
instanceKlass com/mule/api/contribution/api/project/service/WorkspaceContribution$$FastClassByGuice$$238607096
instanceKlass org/mule/contribution/internal/lsp/extensions/participant/XSDBasedValidator$$FastClassByGuice$$237319816
instanceKlass org/mule/contribution/internal/lsp/extensions/participant/validation/ValidatorFactory$$FastClassByGuice$$236056830
instanceKlass javax/xml/validation/Validator
instanceKlass org/mule/contribution/internal/lsp/extensions/participant/validation/XSDErrorExtractor$$FastClassByGuice$$235422101
instanceKlass org/mule/contribution/internal/lsp/extensions/participant/validation/XSDDiagnostic
instanceKlass org/mule/contribution/internal/lsp/extensions/participant/validation/XSDErrorExtractor
instanceKlass org/w3c/dom/ls/LSResourceResolver
instanceKlass org/xml/sax/ErrorHandler
instanceKlass org/mule/contribution/internal/lsp/extensions/participant/validation/ValidatorFactory
instanceKlass org/mule/contribution/internal/lsp/extensions/participant/validation/DefaultXSDExtractor$$FastClassByGuice$$234122712
instanceKlass org/mule/contribution/internal/lsp/extensions/participant/codeaction/SearchInExchange$$FastClassByGuice$$232909345
instanceKlass org/mule/contribution/internal/lsp/extensions/participant/codeaction/AddNamespaceAndDependencyActionDelegate$$FastClassByGuice$$232712974
instanceKlass org/mule/contribution/internal/lsp/extensions/participant/codeaction/RemoveElementDelegate$$FastClassByGuice$$230705939
instanceKlass org/mule/contribution/internal/lsp/extensions/participant/codeaction/RemoveNamespaceDelegate$$FastClassByGuice$$230388413
instanceKlass org/mule/contribution/internal/lsp/extensions/participant/codeaction/DuplicatedFlowDelegate$$FastClassByGuice$$228938016
instanceKlass org/mule/contribution/internal/lsp/extensions/participant/AttributeValueLinkProvider$$FastClassByGuice$$228482436
instanceKlass org/mule/contribution/internal/lsp/extensions/participant/DefaultMuleSymbolsProviderParticipant$$FastClassByGuice$$226615620
instanceKlass org/eclipse/lsp4j/DocumentSymbol
instanceKlass org/mule/contribution/internal/lsp/extensions/participant/HttpRequestConfigUrlValidationParticipant$$FastClassByGuice$$225879497
instanceKlass org/mule/contribution/internal/lsp/extensions/participant/MimeTypeValidationParticipant$$FastClassByGuice$$224826154
instanceKlass org/mule/contribution/internal/lsp/extensions/participant/DefaultXmlValidationParticipant$$FastClassByGuice$$223416602
instanceKlass org/mule/contribution/MuleConfigurationHelper
instanceKlass org/mule/contribution/internal/lsp/model/meta/ExtensionModelMetaInformationUtils$$FastClassByGuice$$222755776
instanceKlass org/mule/contribution/internal/lsp/model/meta/ExtensionModelMetaInformationUtils
instanceKlass org/mule/contribution/internal/lsp/embedded/EmbeddedReferencesParticipant$$FastClassByGuice$$221590759
instanceKlass org/mule/contribution/internal/lsp/embedded/EmbeddedDefinitionParticipant$$FastClassByGuice$$220301781
instanceKlass org/mule/contribution/internal/lsp/embedded/EmbeddedCodeActionParticipant$$FastClassByGuice$$219900766
instanceKlass org/mule/contribution/internal/lsp/extensions/participant/MuleCoreCodeActionParticipant$$FastClassByGuice$$218794421
instanceKlass org/mule/contribution/internal/lsp/extensions/participant/DataSenseHoverParticipant$$FastClassByGuice$$217872313
instanceKlass org/mule/contribution/internal/lsp/embedded/EmbeddedHoverParticipant$$FastClassByGuice$$216860745
instanceKlass org/mule/contribution/internal/lsp/extensions/participant/PropertiesResolverHoverParticipant$$FastClassByGuice$$215208550
instanceKlass org/mule/contribution/api/lsp/HoverRequest
instanceKlass org/mule/contribution/internal/lsp/extensions/participant/OptionsCalculatorCompletionParticipant$$FastClassByGuice$$214840900
instanceKlass org/mule/contribution/internal/lsp/extensions/participant/OptionsCalculatorCompletionParticipant$SymbolInformation
instanceKlass org/mule/contribution/internal/lsp/extensions/participant/OnEmptyDocCompletionParticipant$$FastClassByGuice$$213570479
instanceKlass org/mule/contribution/internal/lsp/extensions/participant/SystemPropertiesCompletionParticipant$$FastClassByGuice$$212612256
instanceKlass org/mule/contribution/internal/lsp/embedded/EmbeddedCompletionParticipant$$FastClassByGuice$$211783151
instanceKlass org/mule/contribution/internal/lsp/snippets/SnippetsCompletionParticipant$$FastClassByGuice$$210560699
instanceKlass org/mule/contribution/internal/lsp/extensions/participant/ToolingClientCompletionParticipant$$FastClassByGuice$$208822438
instanceKlass org/mule/contribution/internal/lsp/extensions/participant/ToolingClientCompletionParticipant$NestableComponentProcessingVisitor
instanceKlass org/eclipse/lsp4j/MarkupContent
instanceKlass org/mule/contribution/internal/lsp/extensions/participant/CompletionResultReducer$$FastClassByGuice$$208413301
instanceKlass org/mule/contribution/internal/lsp/extensions/participant/CompletionItemId
instanceKlass org/mule/contribution/internal/lsp/extensions/participant/CompletionResultReducer
instanceKlass org/mule/contribution/internal/lsp/embedded/EmbeddedCodeLensParticipant$$FastClassByGuice$$206702261
instanceKlass org/mule/contribution/internal/lsp/extensions/participant/ToolingClientCodeLensParticipant$$FastClassByGuice$$205688440
instanceKlass org/mule/contribution/internal/lsp/DefaultCompletionItemHelper$$FastClassByGuice$$204949977
instanceKlass org/mule/contribution/api/Asset
instanceKlass org/mule/contribution/internal/lsp/extensions/participant/MuleRenameParticipant$$FastClassByGuice$$203640328
instanceKlass org/mule/contribution/internal/lsp/embedded/EmbeddedRenameParticipant$$FastClassByGuice$$202843889
instanceKlass org/mule/contribution/internal/lsp/DefaultRenameManager$$FastClassByGuice$$201717178
instanceKlass org/mule/contribution/internal/lsp/DefaultHoverManager$$FastClassByGuice$$200533160
instanceKlass org/mule/contribution/internal/lsp/HoverLemminxWrapper
instanceKlass org/mule/contribution/internal/lsp/DefaultSymbolsProviderManager$$FastClassByGuice$$199423776
instanceKlass org/mule/contribution/MuleConfigurationValidator$$FastClassByGuice$$198643445
instanceKlass org/mule/contribution/internal/lsp/DefaultDocumentLinksManager$$FastClassByGuice$$197981812
instanceKlass org/mule/contribution/internal/lsp/DefaultCodeActionManager$$FastClassByGuice$$196709635
instanceKlass org/mule/contribution/internal/lsp/DefaultCodeLensManager$$FastClassByGuice$$195811331
instanceKlass org/mule/contribution/internal/lsp/DefaultXmlValidatorManager$$FastClassByGuice$$194694594
instanceKlass org/mule/contribution/internal/lsp/autofix/AutoFixesDelegate$$FastClassByGuice$$193931297
instanceKlass org/mule/contribution/internal/lsp/NamespaceEditHelper$$FastClassByGuice$$192487152
instanceKlass org/eclipse/lemminx/dom/SchemaLocation
instanceKlass org/mule/tooling/client/api/extension/model/XmlDslModel
instanceKlass org/mule/contribution/internal/lsp/NamespaceEditHelper
instanceKlass org/mule/contribution/internal/lsp/autofix/AutoFixesDelegate
instanceKlass org/mule/contribution/internal/lsp/DefaultCompletionManager$$FastClassByGuice$$191651006
instanceKlass org/eclipse/lemminx/services/extensions/CompletionParticipantAdapter
instanceKlass org/mule/contribution/internal/lsp/DefaultReferencesManager$$FastClassByGuice$$190623343
instanceKlass org/mule/contribution/internal/lsp/DefaultDefinitionManager$$FastClassByGuice$$189560991
instanceKlass org/mule/contribution/datasense/api/impl/DefaultDataSenseProvider$$FastClassByGuice$$187829628
instanceKlass org/mule/dx/platform/api/datasense/DataSenseContext
instanceKlass org/mule/contribution/datasense/api/impl/DefaultDataSenseProvider$DataSenseProviderCacheKey
instanceKlass org/mule/contribution/internal/lsp/DefaultToolingService$$FastClassByGuice$$187364507
instanceKlass org/mule/tooling/client/api/connectivity/ConnectionValidationResult
instanceKlass org/mule/contribution/internal/lsp/DefaultMuleTextDocumentService$$FastClassByGuice$$186222658
instanceKlass org/eclipse/lsp4j/jsonrpc/messages/Either
instanceKlass org/eclipse/lsp4j/TextDocumentContentChangeEvent
instanceKlass org/eclipse/lsp4j/DocumentFormattingParams
instanceKlass org/eclipse/lsp4j/DidSaveTextDocumentParams
instanceKlass org/eclipse/lsp4j/CodeLens
instanceKlass org/eclipse/lsp4j/DidCloseTextDocumentParams
instanceKlass org/eclipse/lsp4j/DidChangeTextDocumentParams
instanceKlass org/eclipse/lsp4j/DidOpenTextDocumentParams
instanceKlass org/eclipse/lsp4j/WorkDoneProgressAndPartialResultParams
instanceKlass org/mule/contribution/internal/lsp/DefaultWorkspaceService$$FastClassByGuice$$185595097
instanceKlass org/eclipse/lsp4j/DidChangeWatchedFilesParams
instanceKlass org/eclipse/lsp4j/DidChangeConfigurationParams
instanceKlass org/eclipse/lsp4j/DeleteFilesParams
instanceKlass org/eclipse/lsp4j/ExecuteCommandParams
instanceKlass org/eclipse/lsp4j/RenameFilesParams
instanceKlass org/mule/contribution/internal/lsp/DefaultMuleLanguageClientProvider$$FastClassByGuice$$184212623
instanceKlass org/mule/contribution/internal/DefaultContextProvider$$FastClassByGuice$$182545230
instanceKlass org/mule/contribution/api/Context
instanceKlass org/apache/commons/cli/CommandLineParser
instanceKlass org/mule/contribution/internal/lsp/DefaultTemplateProcessor$$FastClassByGuice$$182004771
instanceKlass org/mule/contribution/internal/lsp/TemplateContext
instanceKlass org/mule/contribution/internal/lsp/extensions/participant/NameGeneratorFactory$$FastClassByGuice$$180471516
instanceKlass org/mule/contribution/internal/lsp/extensions/participant/NameGenerator
instanceKlass org/mule/contribution/internal/lsp/extensions/participant/NameGeneratorFactory
instanceKlass org/mule/contribution/internal/ShadowJarResourceProvider$$FastClassByGuice$$180273168
instanceKlass org/mule/contribution/dataweave/action/MuleCodeActionProviderExtension$$FastClassByGuice$$178258921
instanceKlass org/mule/weave/extension/api/extension/action/WeaveCodeActionProvider
instanceKlass org/mule/contribution/internal/config/MuleGlobalPropertiesResolver$$FastClassByGuice$$177703371
instanceKlass org/mule/contribution/internal/config/YAMLFilePropertiesResolver$$FastClassByGuice$$176824792
instanceKlass org/mule/contribution/internal/config/PropertiesFilePropertiesResolver$$FastClassByGuice$$175227884
instanceKlass org/mule/contribution/api/lsp/DOMDocumentHelper
instanceKlass org/mule/contribution/internal/config/DefaultPropertiesResolver$$FastClassByGuice$$174073946
instanceKlass org/mule/contribution/api/config/PropertiesContext
instanceKlass org/mule/contribution/util/ParentPomWatcher$$FastClassByGuice$$173079153
instanceKlass org/mule/contribution/util/ParentPomWatcher$WatcherInfo
instanceKlass org/mule/contribution/internal/lsp/DefaultMuleXmlLanguageServer$$FastClassByGuice$$172033135
instanceKlass org/mule/contribution/internal/lsp/LanguageServerCacheManager$$FastClassByGuice$$171324222
instanceKlass org/eclipse/lsp4j/InitializeResult
instanceKlass org/eclipse/lsp4j/ServerCapabilities
instanceKlass org/eclipse/lsp4j/InitializedParams
instanceKlass org/mule/contribution/internal/lsp/LanguageServerCacheManager
instanceKlass org/mule/contribution/connectors/DefaultConnectorLibrariesService$$FastClassByGuice$$170742511
instanceKlass org/mule/contribution/connectors/ConnectorLibraryConfigurationRequest
instanceKlass org/mule/contribution/metadata/DefaultCustomMetadataService$$FastClassByGuice$$169679687
instanceKlass org/mule/contribution/metadata/internal/MetadataAssociationParams
instanceKlass org/mule/contribution/metadata/requests/GetCustomMetadataEnrichmentsByNodeIdRequest
instanceKlass org/mule/contribution/metadata/requests/DeleteCustomMetadataRequest
instanceKlass org/mule/contribution/metadata/types/TypesManagerResult
instanceKlass org/mule/contribution/metadata/requests/RemoveCustomMetadataEnrichmentsRequest
instanceKlass org/mule/contribution/metadata/requests/SetCustomMetadataEnrichmentsRequest
instanceKlass org/mule/contribution/metadata/requests/GetCustomTypePreviewRequest
instanceKlass org/mule/contribution/metadata/requests/GetAllCustomMetadataRequest
instanceKlass org/mule/contribution/metadata/requests/GetCsvStructureFromSampleRequest
instanceKlass org/mule/contribution/metadata/requests/GetAllowedEnrichmentsForNodeRequest
instanceKlass org/mule/contribution/metadata/requests/GetRootElementsFromFFDRequest
instanceKlass org/mule/contribution/metadata/requests/GetCustomMetadataByTypeIdRequest
instanceKlass org/mule/contribution/metadata/requests/GetRootElementsFromXMLRequest
instanceKlass org/mule/contribution/metadata/internal/MetadataGenerationParams
instanceKlass org/mule/contribution/metadata/requests/UpdateCustomMetadataRequest
instanceKlass org/mule/contribution/datasense/metadata/cache/TypesManager
instanceKlass org/mule/contribution/metadata/requests/DeleteCustomMetadataEnricherRequest
instanceKlass org/mule/contribution/metadata/results/ProjectResult
instanceKlass org/mule/contribution/metadata/requests/CreateCustomMetadataRequest
instanceKlass org/mule/contribution/metadata/view/SheetInfo
instanceKlass org/mule/contribution/metadata/requests/GetCustomMetadataEnrichmentsByTypeIdRequest
instanceKlass org/mule/contribution/metadata/view/CustomMetadata
instanceKlass org/mule/contribution/designservice/client/DefaultDesignService$$FastClassByGuice$$167972164
instanceKlass org/mule/contribution/designservice/client/DesignServiceProjectRequest
instanceKlass org/mule/contribution/internal/DefaultExtensionModelInfoRegistry$$FastClassByGuice$$166978636
instanceKlass org/mule/dx/platform/api/event/AbstractEvent
instanceKlass org/mule/contribution/datasense/results/interfaces/ServiceResponse
instanceKlass org/mule/contribution/designservice/DefaultDesignServiceClient$$FastClassByGuice$$165953208
instanceKlass org/mule/dx/flow/design/service/api/ProjectContext
instanceKlass org/mule/dx/platform/api/regions/PlatformRegion
instanceKlass org/mule/dx/flow/design/service/api/FlowDesignerService
instanceKlass org/mule/contribution/designservice/DefaultDesignServiceInstanceManager$$FastClassByGuice$$164809262
instanceKlass java/util/concurrent/CountDownLatch
instanceKlass org/mule/contribution/designservice/DesignServiceInstanceDetail
instanceKlass org/mule/contribution/runtime/instance/proxy/ProxyConfigurationManager$$FastClassByGuice$$164573879
instanceKlass org/mule/dx/platform/api/proxy/ProxySettings
instanceKlass org/mule/dx/platform/api/proxy/ProxyAttributes
instanceKlass org/mule/contribution/designservice/DesignServiceUtils$$FastClassByGuice$$163468252
instanceKlass org/eclipse/lsp4j/jsonrpc/Launcher
instanceKlass java/net/Socket
instanceKlass org/mule/contribution/java/JavaStoreManager$$FastClassByGuice$$162393294
instanceKlass org/mule/contribution/runtime/instance/proxy/ProxyConfigurationManager
instanceKlass org/mule/contribution/designservice/DesignServiceUtils
instanceKlass org/mule/contribution/java/JavaStoreManager
instanceKlass org/mule/contribution/internal/lsp/ui/transform/DefaultDataWeaveTransformService$$FastClassByGuice$$161369920
instanceKlass org/mule/contribution/metadata/enricher/InputParameterEnricher
instanceKlass org/mule/contribution/metadata/enricher/MetadataOperationEnricher
instanceKlass org/mule/contribution/transform/ui/DeleteDataweaveMappingsResponse
instanceKlass org/mule/contribution/transform/ui/TransformMetadataResponse
instanceKlass org/mule/contribution/transform/ui/SetSampleDataMappingResponse
instanceKlass org/mule/contribution/transform/ui/GenerateDataweaveMappingResponse
instanceKlass org/mule/contribution/metadata/helpers/MetadataEnricher
instanceKlass org/mule/contribution/transform/ui/ReadTransformSampleDataRequest
instanceKlass org/mule/contribution/transform/ui/SetSampleDataMappingRequest
instanceKlass org/mule/contribution/transform/ui/DeleteDataweaveMappingsRequest
instanceKlass org/mule/contribution/transform/ui/GenerateDataweaveMappingRequest
instanceKlass org/mule/contribution/transform/ui/GenerateDataweaveCodeRequest
instanceKlass org/mule/dx/platform/api/transform/MetadataTreeNode
instanceKlass org/mule/contribution/internal/lsp/ui/transform/DefaultDataWeaveTransformService$EmbeddedDocResult
instanceKlass org/mule/contribution/transform/ui/OverrideDataweaveMappingRequest
instanceKlass org/mule/contribution/metadata/enricher/MetadataTypeRef
instanceKlass org/mule/contribution/metadata/helpers/MetadataEventEnricher
instanceKlass org/mule/contribution/transform/ui/GenerateDataweaveCodeResponse
instanceKlass org/mule/dx/platform/api/transform/TransformState
instanceKlass org/mule/contribution/internal/project/DefaultProjectPropertiesService$$FastClassByGuice$$160081394
instanceKlass org/mule/dx/flow/design/service/api/dto/IntrospectionResult
instanceKlass org/mule/contribution/api/project/GetProjectConnectorsResponse
instanceKlass org/mule/contribution/api/project/UpdateProjectConnectorsResponse
instanceKlass org/mule/contribution/internal/project/DefaultProjectPropertiesService$DependencyVersionInfo
instanceKlass org/mule/dx/platform/api/dependency/DependencyModelMutator
instanceKlass org/mule/dx/platform/api/maven/MavenDependencyModelManager
instanceKlass org/mule/contribution/api/project/UpdateProjectConnectorsRequest
instanceKlass org/mule/contribution/api/project/GetProjectConnectorsRequest
instanceKlass org/mule/contribution/internal/project/ProjectDependency
instanceKlass com/google/common/collect/AbstractMultimap
instanceKlass com/google/common/collect/ListMultimap
instanceKlass com/google/common/collect/Multimap
instanceKlass org/mule/maven/pom/parser/api/MavenPomParser
instanceKlass org/mule/contribution/expression/DefaultEmbeddedModuleService$$FastClassByGuice$$158582078
instanceKlass org/mule/dx/platform/api/modules/EmbeddedModule
instanceKlass org/mule/contribution/maven/RuntimeBasedMavenDependencyEnricher$$FastClassByGuice$$157702630
instanceKlass org/mule/dx/platform/api/maven/MavenDependencyModel
instanceKlass org/mule/contribution/util/JarFileReader$$FastClassByGuice$$156659013
instanceKlass org/mule/contribution/util/JarFileReader
instanceKlass org/mule/contribution/expression/FunctionUtils$$FastClassByGuice$$155919138
instanceKlass org/mule/contribution/expression/Function
instanceKlass org/mule/contribution/expression/Module
instanceKlass org/mule/contribution/maven/RuntimeBasedMavenDependencyEnricher
instanceKlass org/mule/contribution/expression/FunctionUtils
instanceKlass org/mule/contribution/maven/DefaultMuleMavenClientProvider$$FastClassByGuice$$154576845
instanceKlass org/mule/maven/client/api/model/RemoteRepository
instanceKlass org/mule/contribution/DefaultWorkspaceContribution$$FastClassByGuice$$153609096
instanceKlass org/mule/dx/platform/api/project/ProjectDescriptor
instanceKlass org/mule/contribution/internal/DefaultMulePathHelperFactory$$FastClassByGuice$$152122529
instanceKlass org/mule/contribution/dap/deployment/DefaultRedeployService$$FastClassByGuice$$151415110
instanceKlass org/mule/contribution/ui/generator/DefaultIdGenerator$$FastClassByGuice$$150078796
instanceKlass org/mule/contribution/ui/generator/DefaultModelMapper$$FastClassByGuice$$149306134
instanceKlass org/w3c/dom/Comment
instanceKlass org/mule/contribution/ui/generator/TypesCache$$FastClassByGuice$$148710887
instanceKlass org/mule/tooling/client/api/extension/model/nested/NestedRouteModel
instanceKlass org/mule/tooling/client/api/extension/model/nested/NestedComponentModel
instanceKlass org/mule/contribution/ui/generator/ContainerProcessorFactory$$FastClassByGuice$$147465749
instanceKlass org/mule/contribution/ui/generator/ContainerProcessor
instanceKlass org/mule/contribution/ui/generator/TypesCache
instanceKlass org/mule/contribution/ui/generator/ContainerProcessorFactory
instanceKlass org/mule/contribution/ui/generator/DefaultIconProvider$$FastClassByGuice$$145772501
instanceKlass org/mule/contribution/ui/generator/SVGSanitizer
instanceKlass java/util/Base64$Encoder
instanceKlass org/mule/contribution/internal/lsp/DefaultExchangeCanvasService$$FastClassByGuice$$144805731
instanceKlass org/mule/dx/platform/api/anypoint/exchange/model/Asset
instanceKlass org/mule/contribution/api/lsp/exchange/PaginatedExtensionModelsResult
instanceKlass org/mule/contribution/api/lsp/exchange/GetComponentsRequest
instanceKlass org/mule/contribution/api/lsp/exchange/SearchRequest
instanceKlass org/mule/contribution/internal/lsp/ui/form/DefaultUISchemaProvider$$FastClassByGuice$$144265457
instanceKlass org/mule/contribution/internal/lsp/ui/form/DefaultUISchemaGenerator$$FastClassByGuice$$143572075
instanceKlass org/mule/tooling/client/api/extension/model/operation/OperationModel
instanceKlass org/mule/contribution/internal/lsp/ui/form/UISchemaKey
instanceKlass org/mule/tooling/client/api/extension/model/source/SourceCallbackModel
instanceKlass org/mule/tooling/client/api/extension/model/LayoutModel
instanceKlass org/mule/tooling/client/api/extension/model/nested/NestableElementModel
instanceKlass org/mule/contribution/internal/lsp/ui/form/DefaultUISchemaGenerator$UIGenerationContext
instanceKlass org/mule/tooling/client/api/extension/model/source/SourceModel
instanceKlass org/mule/contribution/ui/form/UISchema
instanceKlass org/mule/contribution/ui/form/Header
instanceKlass org/mule/contribution/internal/lsp/ui/form/UITypeMapper$$FastClassByGuice$$142293002
instanceKlass org/mule/metadata/api/annotation/TypeIdAnnotation
instanceKlass org/mule/contribution/internal/lsp/ui/form/UITypeMapper
instanceKlass org/mule/tooling/client/api/extension/model/nested/NestableElementModelVisitor
instanceKlass org/mule/contribution/internal/lsp/ui/form/array/ErrorMappingArrayWriter$$FastClassByGuice$$141409705
instanceKlass org/mule/contribution/internal/lsp/ui/form/object/ObjectTypeWriter$$FastClassByGuice$$139928067
instanceKlass org/mule/contribution/internal/lsp/ui/form/array/ArrayAttributeWriter$$FastClassByGuice$$139098289
instanceKlass org/mule/metadata/api/model/ArrayType
instanceKlass org/mule/contribution/internal/lsp/ui/form/state/StateWriterRequest$Builder
instanceKlass org/mule/contribution/internal/lsp/ui/form/uniontype/UnionTypeAttributeWriter$$FastClassByGuice$$137554799
instanceKlass org/mule/contribution/internal/lsp/ui/form/state/ElementWriter$$FastClassByGuice$$136591436
instanceKlass org/mule/contribution/internal/lsp/ui/form/state/OptionalAttributeWriter$$FastClassByGuice$$135729526
instanceKlass org/mule/contribution/internal/lsp/ui/form/state/RequiredAttributeWriter$$FastClassByGuice$$135235503
instanceKlass org/mule/contribution/internal/lsp/ui/form/mimetype/MimeTypeAttributeWriter$$FastClassByGuice$$133771551
instanceKlass jakarta/activation/MimeType
instanceKlass org/mule/contribution/internal/lsp/ui/form/state/StateWriterRequest
instanceKlass org/mule/contribution/internal/lsp/ui/form/state/NameAttributePropertyWriter$$FastClassByGuice$$132688572
instanceKlass org/apache/commons/text/translate/CharSequenceTranslator
instanceKlass org/mule/contribution/internal/lsp/ui/form/array/ErrorMappingTypeReader$$FastClassByGuice$$131798280
instanceKlass org/mule/contribution/internal/lsp/ui/form/object/ObjectTypeReader$$FastClassByGuice$$130814770
instanceKlass javax/annotation/Nonnull
instanceKlass javax/annotation/Nullable
instanceKlass org/mule/metadata/api/model/impl/BaseMetadataType
instanceKlass org/mule/metadata/api/model/FieldsComparable
instanceKlass org/mule/contribution/internal/lsp/ui/form/array/ArrayAttributeReader$$FastClassByGuice$$129923194
instanceKlass org/json/JSONArray
instanceKlass org/mule/contribution/internal/lsp/ui/form/uniontype/UnionTypeAttributeReader$$FastClassByGuice$$128689020
instanceKlass org/mule/contribution/internal/lsp/ui/form/mimetype/MimeTypeAttributeReader$$FastClassByGuice$$127685942
instanceKlass org/mule/metadata/api/annotation/DefaultValueAnnotation
instanceKlass org/mule/contribution/internal/lsp/ui/form/state/ReadStateRequest
instanceKlass org/mule/contribution/internal/lsp/ui/form/object/dataweave/WeaveEngineHelper$$FastClassByGuice$$125893187
instanceKlass org/mule/contribution/internal/lsp/ui/form/object/dataweave/DataWeaveExecutionError
instanceKlass scala/Tuple2
instanceKlass scala/Serializable
instanceKlass scala/Product2
instanceKlass scala/Product
instanceKlass org/mule/weave/v2/parser/ast/AstNode
instanceKlass org/mule/weave/v2/parser/ast/WeaveLocationCapable
instanceKlass org/mule/weave/v2/parser/location/LocationCapable
instanceKlass org/mule/contribution/internal/lsp/ui/form/object/dataweave/KeyValuePairsResult
instanceKlass scala/collection/Seq
instanceKlass scala/collection/SeqLike
instanceKlass scala/collection/GenSeq
instanceKlass scala/collection/GenSeqLike
instanceKlass scala/collection/Iterable
instanceKlass scala/collection/IterableLike
instanceKlass scala/Equals
instanceKlass scala/collection/GenIterable
instanceKlass scala/collection/GenIterableLike
instanceKlass scala/collection/Traversable
instanceKlass scala/collection/GenTraversable
instanceKlass scala/collection/generic/GenericTraversableTemplate
instanceKlass scala/collection/TraversableLike
instanceKlass scala/collection/GenTraversableLike
instanceKlass scala/collection/Parallelizable
instanceKlass scala/collection/TraversableOnce
instanceKlass scala/collection/GenTraversableOnce
instanceKlass scala/collection/generic/FilterMonadic
instanceKlass scala/collection/generic/HasNewBuilder
instanceKlass scala/PartialFunction
instanceKlass scala/Function1
instanceKlass org/mule/weave/v2/parser/phase/ParsingContext
instanceKlass org/mule/contribution/internal/lsp/ui/form/state/ElementReader$$FastClassByGuice$$125297981
instanceKlass org/mule/contribution/internal/lsp/ui/form/state/AttributeReader$$FastClassByGuice$$123954620
instanceKlass org/mule/contribution/internal/lsp/ui/form/control/ErrorHandlerRefControlFactoryDelegate$$FastClassByGuice$$123119531
instanceKlass org/mule/contribution/internal/lsp/ui/form/control/ObjectPickerDelegate$$FastClassByGuice$$122564277
instanceKlass org/mule/contribution/internal/lsp/ui/form/control/ValueProviderControlFactoryDelegate$$FastClassByGuice$$120991775
instanceKlass org/mule/tooling/client/api/extension/model/value/ValueProviderModel
instanceKlass org/mule/contribution/internal/lsp/ui/form/control/ChoiceWhenControlFactoryDelegate$$FastClassByGuice$$120454468
instanceKlass org/mule/contribution/internal/lsp/ui/form/control/MetadataKeyControlFactoryDelegate$$FastClassByGuice$$118513208
instanceKlass org/mule/tooling/client/api/extension/model/metadata/MetadataKeyPartModel
instanceKlass org/mule/contribution/internal/lsp/ui/form/options/ValuePartContainer
instanceKlass org/mule/contribution/internal/lsp/ui/form/control/ObjectControlFactoryDelegate$$FastClassByGuice$$118047745
instanceKlass org/mule/contribution/internal/lsp/ui/form/control/ControlObjectField
instanceKlass org/mule/contribution/ui/form/ExclusiveOption
instanceKlass org/mule/contribution/internal/lsp/ui/form/control/UnionControlFactoryDelegate$$FastClassByGuice$$116617913
instanceKlass org/mule/metadata/api/model/UnionType
instanceKlass org/mule/contribution/internal/lsp/ui/form/control/ArrayControlFactoryDelegate$$FastClassByGuice$$115638953
instanceKlass org/mule/contribution/internal/lsp/ui/form/control/MimeTypeControlFactoryDelegate$$FastClassByGuice$$115198042
instanceKlass org/mule/contribution/internal/lsp/ui/form/control/FileControlFactoryDelegate$$FastClassByGuice$$113283382
instanceKlass org/mule/tooling/client/api/extension/model/DisplayModel
instanceKlass org/mule/tooling/client/api/extension/model/PathModel
instanceKlass org/mule/contribution/internal/lsp/ui/form/control/SelectControlFactoryDelegate$$FastClassByGuice$$112515536
instanceKlass org/mule/contribution/api/lsp/ui/Option
instanceKlass org/mule/contribution/internal/utils/LazyValue
instanceKlass org/mule/contribution/internal/lsp/ui/form/component/DefaultErrorMappingOptionsCalculatorFactory$$FastClassByGuice$$111957242
instanceKlass org/mule/contribution/internal/lsp/ui/form/component/ErrorMappingOptionsCalculator
instanceKlass org/mule/contribution/internal/lsp/ui/form/component/DefaultErrorMappingOptionsCalculatorFactory
instanceKlass org/mule/contribution/internal/lsp/ui/form/component/ErrorMappingOptionsCalculatorFactory
instanceKlass org/mule/contribution/internal/lsp/ui/form/control/WithAttributesFactoryDelegate$$FastClassByGuice$$110242387
instanceKlass org/mule/contribution/internal/lsp/ui/form/control/AttributeFactoryDelegate
instanceKlass org/mule/contribution/internal/lsp/ui/form/CDataHelper$$FastClassByGuice$$109913750
instanceKlass org/mule/contribution/internal/lsp/ui/form/CDataHelper$UIElementData
instanceKlass org/mule/contribution/internal/lsp/ui/form/control/FlowRefControlFactoryDelegate$$FastClassByGuice$$109041720
instanceKlass org/mule/metadata/api/annotation/AccessibilityAnnotation
instanceKlass org/mule/contribution/internal/lsp/ui/form/control/ConfigRefControlFactoryDelegate$$FastClassByGuice$$107516275
instanceKlass org/mule/contribution/ui/form/Action
instanceKlass org/mule/tooling/client/api/declaration/type/annotation/ExpressionSupportAnnotation
instanceKlass org/mule/contribution/internal/lsp/ui/form/control/ControlFactoryParameters
instanceKlass org/mule/contribution/internal/lsp/ui/form/state/PropertyContext
instanceKlass org/mule/contribution/internal/lsp/ui/form/component/DefaultErrorHandlerOptionsCalculatorFactory$$FastClassByGuice$$106744997
instanceKlass org/mule/contribution/datasense/resolvers/DefaultValueProvidersResolver$$FastClassByGuice$$105526299
instanceKlass org/mule/contribution/internal/lsp/ui/form/component/DefaultValueProviderOptionsCalculatorFactory$$FastClassByGuice$$104208259
instanceKlass org/mule/contribution/internal/lsp/ui/form/component/ValueProviderOptionsCalculator
instanceKlass org/mule/contribution/datasense/resolvers/DefaultMetadataKeysResolver$$FastClassByGuice$$103680348
instanceKlass org/mule/contribution/internal/lsp/ui/form/component/DefaultMetadataKeyOptionsCalculatorFactory$$FastClassByGuice$$102447788
instanceKlass org/mule/contribution/internal/lsp/ui/form/component/MetadataKeyOptionsCalculator
instanceKlass org/mule/contribution/internal/lsp/ui/form/component/DefaultStereotypeBasedGlobalOptionsCalculatorFactory$$FastClassByGuice$$101370298
instanceKlass org/mule/contribution/internal/lsp/ui/form/component/StereotypeBasedOptionsCalculator
instanceKlass org/mule/contribution/internal/lsp/ui/form/component/DefaultExternalDependencyConfigLoader$$FastClassByGuice$$99955138
instanceKlass org/mule/contribution/internal/lsp/ui/form/action/RefreshValueProvidersHandler$$FastClassByGuice$$99303131
instanceKlass org/mule/contribution/internal/lsp/ui/form/options/ValuesRetrievalManager$$FastClassByGuice$$97619211
instanceKlass org/mule/contribution/datasense/results/ValueProvidersResponse
instanceKlass org/mule/contribution/internal/lsp/ui/form/options/ValuesRetrievalManager
instanceKlass org/mule/contribution/datasense/request/ValueProviderExecutionRequest
instanceKlass org/mule/contribution/internal/lsp/ui/form/action/RefreshMetadataKeysHandler$$FastClassByGuice$$96660763
instanceKlass org/mule/contribution/datasense/metadata/MetadataRetrievalManager$$FastClassByGuice$$95809053
instanceKlass org/mule/contribution/datasense/metadata/cache/MetadataTypesManager
instanceKlass org/eclipse/lsp4j/MessageParams
instanceKlass org/mule/contribution/datasense/results/MetadataKeysResponse
instanceKlass org/mule/contribution/datasense/request/MetadataKeysRequest
instanceKlass org/mule/contribution/datasense/metadata/MetadataRetrievalManager
instanceKlass org/mule/contribution/internal/lsp/ui/form/action/TestConnectionHandler$$FastClassByGuice$$94532499
instanceKlass org/mule/contribution/api/lsp/codelens/TestConnectionRequest
instanceKlass org/mule/contribution/api/lsp/codelens/TestConnectionResult
instanceKlass org/mule/contribution/internal/lsp/ui/form/DefaultActionExecutorDelegate$$FastClassByGuice$$93568825
instanceKlass org/mule/contribution/internal/lsp/ui/form/DefaultFormService$$FastClassByGuice$$92355553
instanceKlass org/eclipse/lsp4j/CodeAction
instanceKlass org/eclipse/lsp4j/PartialResultParams
instanceKlass org/mule/contribution/api/lsp/ui/configref/GetGlobalConfigRequest
instanceKlass org/mule/dx/platform/api/preview/DataPreview
instanceKlass org/mule/contribution/internal/lsp/ui/form/DocumentStateManager$$FastClassByGuice$$91772566
instanceKlass org/mule/contribution/internal/lsp/ui/form/OnHoverProvider$$FastClassByGuice$$91008547
instanceKlass org/eclipse/lsp4j/TextDocumentPositionParams
instanceKlass org/mule/contribution/internal/lsp/ui/form/OptionsCalculatorDelegate$$FastClassByGuice$$90067570
instanceKlass org/mule/contribution/api/lsp/ui/OptionsResponse
instanceKlass org/mule/contribution/ui/form/UIElement
instanceKlass org/mule/contribution/ui/form/component/OptionsCalculator
instanceKlass org/mule/contribution/internal/lsp/ui/form/state/StateXMLWriter$$FastClassByGuice$$88088450
instanceKlass org/mule/contribution/internal/lsp/ui/form/state/XMLGenerationContext
instanceKlass org/mule/contribution/util/ProjectUtils$$FastClassByGuice$$87401848
instanceKlass org/mule/contribution/internal/lsp/ui/form/DocumentStateManager
instanceKlass org/mule/contribution/internal/lsp/ui/form/OnHoverProvider
instanceKlass org/mule/contribution/internal/lsp/ui/form/OptionsCalculatorDelegate
instanceKlass org/mule/contribution/internal/lsp/DefaultCanvasService$$FastClassByGuice$$86115488
instanceKlass org/mule/contribution/api/lsp/DuplicateNodeResponse
instanceKlass org/mule/contribution/api/lsp/GetElementsResponse
instanceKlass org/mule/contribution/api/lsp/DuplicateFlowResponse
instanceKlass org/mule/contribution/api/lsp/DisableNodeResponse
instanceKlass org/mule/contribution/api/lsp/DeleteNodesResponse
instanceKlass org/eclipse/lsp4j/ApplyWorkspaceEditResponse
instanceKlass org/mule/contribution/api/lsp/CanvasOperationResponse
instanceKlass org/mule/contribution/util/ProjectUtils
instanceKlass org/mule/contribution/api/lsp/DeleteNodesRequest
instanceKlass org/mule/contribution/internal/lsp/ValidationScheduler$$FastClassByGuice$$85187631
instanceKlass org/mule/dx/platform/api/event/DependencyModelChangeEvent
instanceKlass org/mule/contribution/internal/lsp/embedded/EmbeddedDocManager$$FastClassByGuice$$84445028
instanceKlass org/w3c/dom/CDATASection
instanceKlass org/mule/contribution/internal/lsp/embedded/EmbeddedDocManager$EmbeddedContext
instanceKlass org/mule/contribution/internal/lsp/ui/form/SampleDataProvider$$FastClassByGuice$$83752861
instanceKlass org/mule/dx/platform/api/protocol/embedded/lsp/TextDocumentMediator
instanceKlass org/mule/contribution/expression/SampleDataMapping
instanceKlass org/mule/contribution/api/lsp/ui/BaseUIFormMessage
instanceKlass org/mule/contribution/internal/lsp/ui/form/SampleDataCache
instanceKlass org/mule/contribution/internal/lsp/ui/form/FormServiceUtils$$FastClassByGuice$$82411163
instanceKlass org/apache/commons/lang3/tuple/Pair
instanceKlass org/eclipse/lemminx/settings/SharedSettings$$FastClassByGuice$$81029400
instanceKlass org/eclipse/lemminx/settings/XMLWorkspaceSettings
instanceKlass org/eclipse/lemminx/settings/XMLPreferences
instanceKlass org/eclipse/lemminx/settings/XMLHoverSettings
instanceKlass org/mule/contribution/internal/lsp/ui/form/state/StateLoader$$FastClassByGuice$$80249328
instanceKlass org/mule/contribution/internal/lsp/ui/form/state/FieldHandlerKey
instanceKlass org/json/JSONObject
instanceKlass org/mule/contribution/internal/lsp/ui/form/object/dataweave/WeaveEngineHelper
instanceKlass org/mule/contribution/internal/lsp/ui/form/CDataHelper
instanceKlass org/mule/contribution/util/LibraryMatcher$$FastClassByGuice$$79658620
instanceKlass org/mule/tooling/client/api/extension/model/ExternalLibraryModel
instanceKlass org/mule/contribution/util/LibraryMatcher$TransitiveDependencyInfo
instanceKlass org/mule/maven/pom/parser/api/model/BundleDescriptor
instanceKlass org/mule/contribution/api/lsp/extensions/ValidationContext$$FastClassByGuice$$78038631
instanceKlass org/eclipse/lsp4j/Diagnostic
instanceKlass org/mule/contribution/api/lsp/dianostic/MuleXMLErrorCode
instanceKlass org/mule/contribution/internal/lsp/model/meta/NodeTypeUtils$$FastClassByGuice$$77517045
instanceKlass org/mule/contribution/ui/model/meta/NodeType
instanceKlass org/mule/contribution/util/LibraryMatcher
instanceKlass org/mule/contribution/api/lsp/extensions/ValidationContext
instanceKlass org/mule/contribution/internal/lsp/model/meta/NodeTypeUtils
instanceKlass org/mule/contribution/internal/lsp/ui/form/BaseStateHandler
instanceKlass org/mule/contribution/internal/lsp/extensions/participant/ComponentModelWrapperVisitor
instanceKlass org/mule/contribution/internal/lsp/ui/form/FormServiceUtils
instanceKlass org/mule/contribution/internal/lsp/embedded/WeaveEmbeddedContentExtractor$$FastClassByGuice$$75747272
instanceKlass org/mule/contribution/internal/lsp/ui/form/SampleDataProvider
instanceKlass org/mule/contribution/internal/lsp/embedded/WeaveEmbeddedContentExtractor
instanceKlass org/mule/dx/platform/api/protocol/embedded/lsp/EmbeddedContentExtractor
instanceKlass org/mule/contribution/api/lsp/DOMVisitor
instanceKlass org/mule/contribution/internal/lsp/NodeHandlerRegistry$$FastClassByGuice$$74931557
instanceKlass org/mule/contribution/internal/lsp/ExtractNodeHandler$$FastClassByGuice$$74149204
instanceKlass org/mule/contribution/api/lsp/ExtractNodeRequest
instanceKlass org/mule/contribution/internal/lsp/MetadataRefreshHandler$$FastClassByGuice$$72369556
instanceKlass org/mule/contribution/event/RefreshMetadataEvent
instanceKlass org/mule/dx/platform/api/utils/eventbus/EventBusHelper
instanceKlass org/mule/contribution/internal/lsp/ui/form/state/DataweaveExpressionCacheHandler$$FastClassByGuice$$71311953
instanceKlass org/mule/contribution/internal/lsp/ui/form/state/StateDiff
instanceKlass org/mule/contribution/internal/lsp/ui/form/state/DataweaveExpressionCacheHandler
instanceKlass org/mule/contribution/internal/lsp/PasteNodeHandler$$FastClassByGuice$$70373702
instanceKlass org/mule/contribution/internal/lsp/PasteNodeHandler$PasteGenerationContext
instanceKlass org/mule/contribution/internal/lsp/extensions/participant/DocIdGeneratorFactory$$FastClassByGuice$$69921996
instanceKlass org/mule/contribution/internal/lsp/extensions/participant/DocIdGenerator
instanceKlass org/mule/contribution/internal/lsp/RenameNodeHandler$$FastClassByGuice$$68491236
instanceKlass org/mule/contribution/api/lsp/RenameNodeResponse
instanceKlass org/mule/contribution/internal/lsp/InsertNodeHandler$$FastClassByGuice$$67708404
instanceKlass org/mule/contribution/ui/model/BaseNode
instanceKlass org/mule/tooling/client/api/declaration/type/annotation/StereotypeTypeAnnotation
instanceKlass org/mule/tooling/client/api/extension/model/construct/ConstructModel
instanceKlass org/mule/tooling/client/api/extension/model/ComponentModel
instanceKlass org/eclipse/lsp4j/ApplyWorkspaceEditParams
instanceKlass org/mule/contribution/api/lsp/InsertNodeResponse
instanceKlass org/mule/contribution/internal/lsp/InsertNodeHandler$XMLGenerationContext
instanceKlass org/mule/contribution/api/lsp/MulePluginDependency
instanceKlass org/eclipse/lsp4j/TextEdit
instanceKlass org/mule/contribution/api/lsp/ui/configref/CreateGlobalConfigRequest
instanceKlass org/mule/contribution/internal/lsp/MuleLanguageClient
instanceKlass org/mule/dx/platform/api/lsp/ExtendedLanguageClient
instanceKlass org/mule/contribution/internal/lsp/model/meta/XmlElementHelper$$FastClassByGuice$$66293915
instanceKlass org/mule/tooling/client/api/extension/model/connection/ConnectionProviderModel
instanceKlass org/mule/tooling/client/api/extension/model/config/ConfigurationModel
instanceKlass org/mule/tooling/client/api/extension/model/ParameterizedModel
instanceKlass org/eclipse/lemminx/utils/XMLBuilder
instanceKlass org/mule/contribution/internal/lsp/ui/form/state/validate/NameValidator$$FastClassByGuice$$65997494
instanceKlass org/mule/contribution/internal/lsp/model/meta/XmlElementHelper
instanceKlass org/mule/contribution/internal/lsp/ui/form/state/validate/NameValidator
instanceKlass org/mule/contribution/api/lsp/BaseCanvasRequest
instanceKlass org/mule/contribution/internal/lsp/ExtractNodeHandler
instanceKlass org/mule/contribution/internal/lsp/MetadataRefreshHandler
instanceKlass org/mule/contribution/event/RefreshMetadataEventHandler
instanceKlass org/mule/contribution/internal/lsp/PasteNodeHandler
instanceKlass org/mule/contribution/internal/lsp/RenameNodeHandler
instanceKlass org/mule/contribution/internal/lsp/InsertNodeHandler
instanceKlass org/mule/contribution/internal/utils/AllowedElementsResolver$$FastClassByGuice$$64910789
instanceKlass org/mule/contribution/api/MulePluginsManager
instanceKlass org/mule/tooling/client/api/descriptors/ArtifactDescriptor
instanceKlass org/mule/contribution/internal/utils/SnippetsManager$$FastClassByGuice$$63448812
instanceKlass org/mule/contribution/api/lsp/ExtensionModelComponent
instanceKlass org/mule/contribution/internal/lsp/snippets/Snippet
instanceKlass java/nio/file/WatchKey
instanceKlass com/google/gson/Gson
instanceKlass org/mule/contribution/internal/utils/CoreExtensionModelSectionsResolver$$FastClassByGuice$$62535253
instanceKlass org/mule/contribution/api/lsp/ExtensionModelSection
instanceKlass org/mule/contribution/ui/model/Stereotype
instanceKlass org/mule/tooling/client/api/extension/model/ExtensionModel
instanceKlass org/mule/contribution/api/lsp/GetElementsParams
instanceKlass org/mule/tooling/client/api/extension/model/StereotypeModel
instanceKlass org/mule/contribution/internal/utils/SnippetsManager
instanceKlass org/mule/contribution/internal/lsp/extensions/participant/DocIdGeneratorFactory
instanceKlass org/mule/contribution/internal/lsp/ValidationScheduler
instanceKlass org/mule/contribution/internal/lsp/embedded/EmbeddedDocManager
instanceKlass org/mule/contribution/internal/lsp/NodeHandlerRegistry
instanceKlass org/mule/contribution/internal/utils/BaseExtensionModelSectionResolver
instanceKlass org/mule/contribution/internal/lsp/DefaultMuleConfigurationCache$$FastClassByGuice$$61025954
instanceKlass org/mule/contribution/internal/lsp/DefaultCanvasModelGenerator$$FastClassByGuice$$59953747
instanceKlass org/mule/contribution/internal/lsp/ui/ProgressReporter
instanceKlass org/mule/contribution/internal/lsp/model/meta/MuleConfigurationValidationsDecorator$$FastClassByGuice$$58764901
instanceKlass org/mule/contribution/ui/model/MuleConfiguration
instanceKlass org/mule/contribution/ui/model/ModelElement
instanceKlass org/mule/contribution/ui/model/ModelVisitor
instanceKlass org/mule/contribution/internal/lsp/model/meta/MuleConfigurationValidationsDecorator
instanceKlass org/mule/contribution/runtime/model/DefaultToolingWorkspace$$FastClassByGuice$$57920049
instanceKlass com/google/common/base/Stopwatch
instanceKlass org/mule/contribution/runtime/model/ToolingProjectsCache$$FastClassByGuice$$57280015
instanceKlass org/mule/contribution/runtime/model/ToolingProjectsCache$ToolingProjectCacheKey
instanceKlass org/mule/contribution/runtime/model/ToolingProjectsCache$ToolingProjectFileCacheKey
instanceKlass org/mule/contribution/runtime/model/ToolingProjectsCache$ToolingProjectCacheData
instanceKlass org/mule/contribution/runtime/model/ToolingProject
instanceKlass org/mule/contribution/internal/lsp/DocumentManager$$FastClassByGuice$$56522569
instanceKlass org/eclipse/lsp4j/TextDocumentIdentifier
instanceKlass org/mule/contribution/datasense/utils/ProjectFileUtils$$FastClassByGuice$$55298312
instanceKlass org/mule/contribution/internal/lsp/DocumentManager
instanceKlass org/mule/contribution/datasense/utils/ProjectFileUtils
instanceKlass org/mule/contribution/runtime/model/ToolingProjectsCache
instanceKlass org/mule/contribution/datasense/cache/DefaultDataweaveExpressionBuilderCache$$FastClassByGuice$$54240533
instanceKlass com/google/common/cache/LoadingCache
instanceKlass com/google/common/base/Function
instanceKlass com/google/common/cache/Cache
instanceKlass com/google/common/cache/CacheLoader
instanceKlass org/mule/contribution/datasense/cache/DefaultMetadataPropagationCache$$FastClassByGuice$$53397897
instanceKlass org/mule/contribution/datasense/cache/ProjectPropagation
instanceKlass org/mule/contribution/zip/DefaultZipService$$FastClassByGuice$$52350410
instanceKlass org/mule/maven/pom/parser/api/model/BundleDependency
instanceKlass org/mule/contribution/zip/UnzipResponse
instanceKlass org/mule/contribution/zip/UnzipRequest
instanceKlass org/mule/contribution/zip/DecompressProjectStrategy
instanceKlass org/mule/contribution/zip/PomFileStrategy$$FastClassByGuice$$50474868
instanceKlass org/mule/contribution/expression/DefaultExpressionBuilderResolver$$FastClassByGuice$$49818302
instanceKlass org/mule/contribution/datasense/view/DataSenseItem
instanceKlass org/mule/contribution/expression/ExpressionBuilderResponse
instanceKlass org/mule/contribution/datasense/resolvers/DefaultDataSenseResolver$$FastClassByGuice$$48904653
instanceKlass org/mule/contribution/metadata/results/GetCustomMetadataEnrichmentsByNodeIdResponse
instanceKlass org/mule/contribution/datasense/results/DataSenseViewResponse
instanceKlass org/mule/contribution/datasense/results/DataSenseResponse
instanceKlass org/mule/contribution/datasense/request/DataSenseRequest
instanceKlass org/mule/contribution/internal/DefaultResourceManager$$FastClassByGuice$$47218605
instanceKlass org/mule/contribution/service/DefaultMuleClientProvider$$FastClassByGuice$$46978897
instanceKlass org/mule/contribution/api/project/DefaultIntegrationProjectService$$FastClassByGuice$$45507799
instanceKlass org/mule/contribution/internal/exchange/ExchangeService$$FastClassByGuice$$44957223
instanceKlass org/mule/dx/platform/api/anypoint/exchange/MultipartRequest
instanceKlass org/mule/contribution/api/project/models/GetExchangeMetadataRequest
instanceKlass org/mule/contribution/api/project/models/PublishProjectRequest
instanceKlass org/mule/contribution/api/project/models/PublishProjectMetadataRequest
instanceKlass org/mule/contribution/api/project/models/IntegrationProjectResponse
instanceKlass org/mule/dx/platform/api/task/ProgressMonitor
instanceKlass org/mule/contribution/api/project/models/IntegrationProjectRequest
instanceKlass org/mule/contribution/internal/exchange/ExchangeService
instanceKlass org/mule/dx/platform/api/Context
instanceKlass org/mule/contribution/api/deploy/DefaultDeployToCloudHubService$$FastClassByGuice$$43745055
instanceKlass org/mule/dx/platform/api/model/cloudhub2/CH2RuntimeVersionBuild
instanceKlass org/mule/contribution/api/deploy/cloudhub/DeployToCloudHubResult
instanceKlass org/mule/dx/platform/api/model/cloudhub2/CH2RuntimeVersion
instanceKlass org/mule/contribution/api/deploy/cloudhub/RetrieveEnvironmentsRequest
instanceKlass org/mule/contribution/api/deploy/cloudhub2/FetchCH2RuntimeVersionsRequest
instanceKlass org/mule/contribution/api/deploy/cloudhub2/RetrieveDeploymentTargetsRequest
instanceKlass org/mule/contribution/api/deploy/cloudhub/FetchJsonSchemaValidationsRequest
instanceKlass org/mule/dx/platform/api/model/cloudhub2/DeployRequest
instanceKlass org/mule/contribution/internal/exchange/ExchangeResponse
instanceKlass org/mule/contribution/api/deploy/cloudhub2/DeployNotification
instanceKlass org/mule/contribution/api/deploy/cloudhub2/DeployToCloudHub2Request
instanceKlass org/mule/contribution/api/deploy/cloudhub/DeployToCloudHubRequest
instanceKlass org/mule/contribution/api/deploy/cloudhub2/DeployToCloudHub2Result
instanceKlass org/mule/contribution/api/deploy/cloudhub/DeployJsonConfigurationRequest
instanceKlass org/mule/dx/platform/api/model/cloudhub2/DeployStatus
instanceKlass org/mule/contribution/api/deploy/cloudhub2/FetchCH2DeployedApplicationRequest
instanceKlass com/google/inject/internal/InjectorImpl$SyntheticProviderBindingImpl$1
instanceKlass sun/reflect/annotation/AnnotationInvocationHandler$1
instanceKlass org/mule/contribution/api/deploy/cloudhub/DeployParametersInterface
instanceKlass org/mule/contribution/service/DefaultMuleService$$FastClassByGuice$$42081057
instanceKlass org/mule/contribution/internal/DefaultArgumentsValidator$$FastClassByGuice$$41371970
instanceKlass org/mule/contribution/internal/LocalPackagingStrategy$$FastClassByGuice$$40371138
instanceKlass org/mule/contribution/util/MavenProjectUtils$$FastClassByGuice$$38992702
instanceKlass org/apache/maven/model/Dependency
instanceKlass org/mule/contribution/util/MavenProjectUtils$ModuleProcessor
instanceKlass org/mule/maven/pom/parser/api/model/MavenPomModel
instanceKlass org/mule/contribution/service/MuleClient
instanceKlass org/codehaus/plexus/util/xml/Xpp3Dom
instanceKlass org/mule/contribution/service/OutputChannelOptions
instanceKlass org/apache/maven/model/ConfigurationContainer
instanceKlass org/apache/maven/model/ModelBase
instanceKlass org/apache/maven/model/InputLocationTracker
instanceKlass org/mule/contribution/util/MavenProjectUtils
instanceKlass org/mule/contribution/dap/deployment/DefaultDeploymentManager$$FastClassByGuice$$37788564
instanceKlass org/mule/contribution/dap/deployment/DeploymentContext
instanceKlass org/mule/contribution/internal/LocalDeploymentStrategy$$FastClassByGuice$$37376567
instanceKlass org/mule/contribution/runtime/DeploymentRequest
instanceKlass org/mule/contribution/internal/runtime/DefaultMuleRuntimeManager$$FastClassByGuice$$36505654
instanceKlass org/mule/contribution/internal/runtime/ServerDefinitionFactory$$FastClassByGuice$$35406174
instanceKlass org/mule/contribution/api/runtime/ServerDefinition
instanceKlass org/mule/contribution/internal/runtime/ServerDefinitionFactory
instanceKlass org/mule/contribution/internal/LocalRuntimeManager$$FastClassByGuice$$34437887
instanceKlass java/lang/Process
instanceKlass org/eclipse/lsp4j/debug/RunInTerminalResponse
instanceKlass org/mule/contribution/internal/MulePathHelper
instanceKlass java/lang/ProcessHandle
instanceKlass org/eclipse/lsp4j/debug/InitializeRequestArguments
instanceKlass org/mule/contribution/runtime/StartMuleRuntimeRequest
instanceKlass org/mule/contribution/runtime/MuleRuntimeRequest
instanceKlass org/mule/contribution/dap/DebugProtocolClient
instanceKlass org/eclipse/lsp4j/debug/services/IDebugProtocolClient
instanceKlass org/mule/contribution/util/ScriptUtils$$FastClassByGuice$$32758227
instanceKlass org/mule/contribution/util/ScriptUtils
instanceKlass org/mule/dx/contributions/jsonrpc/ApikitServiceImpl$$FastClassByGuice$$32356047
instanceKlass org/mule/dx/contributions/jsonrpc/APIKitClient
instanceKlass org/mule/dx/contributions/scaffolding/ScaffoldingServiceImpl$$FastClassByGuice$$30576043
instanceKlass org/mule/apikit/scaffolding/internal/mapper/AmfApiGraphMapper
instanceKlass org/mule/apikit/scaffolding/api/ScaffoldingResult
instanceKlass org/mule/apikit/loader/ResourceLoader
instanceKlass org/mule/dx/contributions/scaffolding/model/ScaffoldRequest
instanceKlass org/mule/apikit/model/api/ApiReference
instanceKlass org/mule/dx/contributions/scaffolding/model/ScaffoldResponse
instanceKlass org/mule/dx/contributions/scaffolding/handler/ProjectHandler
instanceKlass org/mule/apikit/scaffolding/api/Scaffolder
instanceKlass org/mule/apikit/scaffolding/api/ScaffoldingConfig
instanceKlass org/mule/apikit/scaffolding/internal/mapper/ApiGraphMapper
instanceKlass org/mule/apikit/scaffolding/internal/template/TemplateEngine
instanceKlass org/mule/dx/platform/internal/api/maven/DependencyDiagnosticManager$$FastClassByGuice$$29392266
instanceKlass org/mule/dx/platform/internal/api/maven/DependencyDiagnosticManager$PomDiagnosticsState
instanceKlass org/eclipse/aether/resolution/ArtifactResult
instanceKlass org/eclipse/aether/artifact/Artifact
instanceKlass org/mule/dx/platform/auth/DefaultAuthenticationManager$$FastClassByGuice$$28899810
instanceKlass org/mule/dx/platform/auth/DefaultPlatformAuthenticator$$FastClassByGuice$$28018356
instanceKlass jakarta/ws/rs/client/Invocation$Builder
instanceKlass jakarta/ws/rs/client/SyncInvoker
instanceKlass jakarta/ws/rs/core/Response
instanceKlass org/mule/dx/platform/auth/User
instanceKlass jakarta/ws/rs/core/Form
instanceKlass org/mule/dx/platform/auth/Authentication
instanceKlass jakarta/ws/rs/client/Client
instanceKlass jakarta/ws/rs/core/Configurable
instanceKlass org/mule/dx/platform/auth/OAuthAuthenticationManager$$FastClassByGuice$$26704493
instanceKlass javax/annotation/Nullable
instanceKlass org/mule/dx/platform/auth/DefaultAuthResult
instanceKlass org/mule/dx/platform/auth/AuthResult
instanceKlass org/mule/dx/platform/auth/ActiveUserSupplier$$FastClassByGuice$$26155519
instanceKlass org/mule/dx/platform/api/anypoint/authentication/AuthUser
instanceKlass org/mule/dx/platform/internal/serializers/LogLevelDeserializer$$FastClassByGuice$$24613607
instanceKlass org/mule/dx/platform/internal/serializers/WorkspaceChangeSerializer$$FastClassByGuice$$23467549
instanceKlass org/mule/dx/platform/internal/serializers/DependencyModelSerializer$$FastClassByGuice$$22022026
instanceKlass com/google/gson/JsonDeserializationContext
instanceKlass com/google/gson/JsonSerializationContext
instanceKlass com/google/gson/JsonElement
instanceKlass org/mule/weave/extension/plugin/llm/tools/LLMToolManager$$FastClassByGuice$$21223026
instanceKlass org/mule/weave/extension/api/llm/tools/LLMTool
instanceKlass org/mule/weave/extension/plugin/lsp/WorkspaceExtensionsManager$$FastClassByGuice$$20231507
instanceKlass org/mule/weave/extension/api/extension/command/WeaveCommandProviderWorkspaceExtension
instanceKlass org/mule/weave/extension/api/extension/WeaveWorkspaceExtension
instanceKlass org/mule/weave/extension/plugin/project/ProjectExtensionsManager$$FastClassByGuice$$18924566
instanceKlass com/google/common/base/Strings
instanceKlass com/google/inject/internal/SourceFormatter
instanceKlass com/google/inject/internal/Messages$Converter
instanceKlass com/google/inject/internal/Messages
instanceKlass java/util/Collections$UnmodifiableMap$UnmodifiableEntrySet$UnmodifiableEntry
instanceKlass java/util/Collections$UnmodifiableMap$UnmodifiableEntrySet$1
instanceKlass com/google/common/primitives/Primitives
instanceKlass com/google/inject/internal/MissingImplementationErrorHints
instanceKlass com/google/inject/internal/SingleFieldInjector
instanceKlass org/mule/weave/extension/api/extension/annotations/WeaveAnnotationProcessorExtension
instanceKlass org/mule/dx/platform/api/project/Project
instanceKlass org/mule/contribution/internal/lsp/model/meta/AttributeOptionsProvider$$FastClassByGuice$$17899764
instanceKlass org/mule/contribution/internal/lsp/model/meta/XMLGenerator$$FastClassByGuice$$17454263
instanceKlass org/mule/contribution/internal/lsp/ui/form/SubTypeModel
instanceKlass org/mule/tooling/client/api/extension/model/parameter/ParameterGroupModel
instanceKlass org/mule/metadata/api/model/ObjectType
instanceKlass org/mule/metadata/api/annotation/EnumAnnotation
instanceKlass org/mule/metadata/api/annotation/TypeAnnotation
instanceKlass org/mule/tooling/client/api/extension/model/parameter/ParameterModel
instanceKlass org/mule/tooling/client/api/extension/model/semantic/HasSemanticTerms
instanceKlass org/mule/contribution/internal/lsp/model/meta/XmlElement
instanceKlass org/mule/contribution/internal/lsp/extensions/participant/DSLSyntaxCache
instanceKlass org/mule/metadata/api/model/ObjectFieldType
instanceKlass org/mule/tooling/client/api/artifact/dsl/DslElementSyntax
instanceKlass org/mule/metadata/api/model/MetadataType
instanceKlass org/mule/tooling/client/api/types/UnknownType
instanceKlass org/mule/contribution/internal/lsp/CompletionItemPrototypeTransformer$$FastClassByGuice$$16124314
instanceKlass org/eclipse/lsp4j/CompletionItem
instanceKlass org/mule/contribution/api/ExtensionModelRegistryEntry
instanceKlass org/mule/contribution/api/lsp/CompletionRequest
instanceKlass org/mule/contribution/api/lsp/PositionRequest
instanceKlass org/mule/contribution/internal/lsp/model/meta/CompletionItemPrototype
instanceKlass org/mule/contribution/internal/lsp/XMLFormatter$$FastClassByGuice$$14681208
instanceKlass java/util/Scanner
instanceKlass org/mule/contribution/internal/lsp/ui/form/options/ValueProviderCache$$FastClassByGuice$$13663971
instanceKlass org/mule/contribution/internal/lsp/ui/form/options/ValueProviderKey
instanceKlass com/google/inject/internal/DefaultConstructionProxyFactory$FastClassProxy
instanceKlass org/mule/contribution/runtime/RuntimeStoreManager$$FastClassByGuice$$12809616
instanceKlass com/google/inject/internal/DefaultConstructionProxyFactory
instanceKlass com/google/inject/internal/ConstructorInjector
instanceKlass com/google/inject/internal/ConstructionProxy
instanceKlass com/google/inject/internal/ProxyFactory
instanceKlass com/google/common/collect/TransformedIterator
instanceKlass com/google/inject/spi/InterceptorBinding
instanceKlass com/google/inject/internal/MethodAspect
instanceKlass com/google/inject/internal/MembersInjectorImpl
instanceKlass com/google/inject/internal/EncounterImpl
instanceKlass com/google/inject/internal/InjectorImpl$1
instanceKlass org/mule/dx/platform/api/utils/eventbus/IEvent
instanceKlass org/mule/dx/platform/auth/TokenValidator
instanceKlass org/mule/dx/platform/api/component/WorkspaceChange
instanceKlass org/mule/dx/platform/api/dependency/DependencyModel
instanceKlass org/mule/weave/extension/api/llm/tools/LLMToolParams
instanceKlass org/mule/metadata/api/visitor/MetadataTypeVisitor
instanceKlass org/mule/contribution/internal/lsp/XMLFormatter
instanceKlass com/google/inject/internal/ConstructorBindingImpl$Factory
instanceKlass com/google/common/collect/Iterables
instanceKlass com/google/inject/ProvidedBy
instanceKlass com/google/inject/ImplementedBy
instanceKlass com/google/inject/internal/Initializer$InjectableReference
instanceKlass javax/annotation/meta/TypeQualifier
instanceKlass javax/annotation/Nonnull
instanceKlass javax/annotation/meta/TypeQualifierDefault
instanceKlass com/google/common/base/ElementTypesAreNonnullByDefault
instanceKlass com/google/errorprone/annotations/DoNotMock
instanceKlass com/google/common/cache/LocalCache$AbstractReferenceEntry
instanceKlass com/google/inject/internal/ProvisionListenerCallbackStore$KeyBinding
instanceKlass com/google/inject/internal/InternalFactoryToProviderAdapter
instanceKlass com/google/inject/internal/CycleDetectingLock$CycleDetectingLockFactory$ReentrantCycleDetectingLock
instanceKlass com/google/inject/internal/SingletonScope$1
instanceKlass com/google/inject/internal/ProviderToInternalFactoryAdapter
instanceKlass com/google/inject/spi/ProvidesMethodTargetVisitor
instanceKlass com/google/inject/internal/BindingProcessor$2
instanceKlass com/google/inject/multibindings/MultibindingsTargetVisitor
instanceKlass com/google/inject/internal/FactoryProxy
instanceKlass com/google/inject/internal/util/Classes
instanceKlass com/google/inject/spi/ExposedBinding
instanceKlass com/google/inject/internal/CreationListener
instanceKlass com/google/inject/internal/InjectorShell$LoggerFactory
instanceKlass com/google/inject/internal/InjectorShell$InjectorFactory
instanceKlass com/google/inject/internal/Initializables$1
instanceKlass com/google/inject/internal/Initializables
instanceKlass com/google/inject/internal/ConstantFactory
instanceKlass com/google/inject/internal/InjectorShell
instanceKlass com/google/inject/internal/ProvisionListenerCallbackStore
instanceKlass com/google/inject/internal/SingleMemberInjector
instanceKlass com/google/inject/spi/TypeEncounter
instanceKlass com/google/inject/internal/MembersInjectorStore
instanceKlass com/google/inject/internal/TypeConverterBindingProcessor$4
instanceKlass com/google/inject/internal/TypeConverterBindingProcessor$2
instanceKlass com/google/inject/internal/TypeConverterBindingProcessor$1
instanceKlass com/google/inject/spi/TypeConverterBinding
instanceKlass com/google/inject/matcher/AbstractMatcher
instanceKlass com/google/inject/matcher/Matchers
instanceKlass com/google/inject/internal/TypeConverterBindingProcessor$5
instanceKlass com/google/inject/internal/ConstructionProxyFactory
instanceKlass com/google/inject/internal/FailableCache
instanceKlass com/google/inject/internal/ConstructorInjectorStore
instanceKlass com/google/inject/internal/DeferredLookups
instanceKlass com/google/inject/spi/ConvertedConstantBinding
instanceKlass com/google/inject/spi/ProviderBinding
instanceKlass com/google/inject/internal/InjectorImpl$InjectorOptions
instanceKlass scala/reflect/ScalaSignature
instanceKlass scala/reflect/ScalaSignature
instanceKlass org/eclipse/lsp4j/jsonrpc/services/JsonSegment
instanceKlass com/google/inject/internal/GuiceInternal
instanceKlass com/google/inject/internal/util/StackTraceElements$InMemoryStackTraceElement
instanceKlass com/google/inject/internal/util/StackTraceElements
instanceKlass org/mule/dx/platform/internal/PlatformCoreModule$$FastClassByGuice$$12086642
instanceKlass org/mule/dx/platform/shutdown/hook/PlatformServerShutdownHook
instanceKlass org/mule/dx/platform/shutdown/hook/ShutdownHook
instanceKlass org/mule/dx/platform/internal/serializers/MavenDependencyDeserializer
instanceKlass org/mule/dx/platform/internal/serializers/DependencyDeserializer
instanceKlass org/mule/dx/platform/internal/utils/PlatformServerNotifier
instanceKlass org/mule/dx/platform/internal/events/ModelResolutionStartedEventHandler
instanceKlass org/mule/dx/platform/internal/events/ModelChangedEventHandler
instanceKlass org/mule/dx/platform/internal/maven/AnypointMavenRepositoryManager
instanceKlass org/mule/dx/platform/api/dependency/DependencyModelManager
instanceKlass org/mule/dx/platform/api/event/ProjectDescriptorChangedEventHandler
instanceKlass org/mule/dx/platform/api/component/ComponentLifecycle
instanceKlass com/google/inject/multibindings/MapBinder
instanceKlass org/mule/dx/platform/internal/api/maven/DependencyDiagnosticManager
instanceKlass org/mule/dx/platform/internal/files/DefaultProjectFileWatcherManager
instanceKlass org/mule/dx/platform/api/ProjectFileWatcherManager
instanceKlass org/mule/dx/platform/internal/api/maven/DefaultMavenDependencyResolutionHelper
instanceKlass org/mule/dx/platform/api/maven/MavenDependencyResolutionHelper
instanceKlass org/mule/dx/platform/internal/DefaultHttpClientService
instanceKlass org/mule/dx/platform/api/HttpClientService
instanceKlass org/mule/dx/platform/proxy/DefaultProxySettingsService
instanceKlass org/mule/dx/platform/proxy/ProxySettingsService
instanceKlass org/mule/dx/platform/proxy/DefaultProxyService
instanceKlass org/mule/dx/platform/api/proxy/ProxyService
instanceKlass org/mule/dx/platform/region/DefaultRegionService
instanceKlass org/mule/dx/platform/region/RegionService
instanceKlass org/mule/dx/platform/internal/maven/ACBMavenManager
instanceKlass org/mule/dx/platform/api/maven/MavenManager
instanceKlass org/mule/dx/platform/internal/jdk/ACBJDKManager
instanceKlass org/mule/dx/platform/api/JDKManager
instanceKlass org/mule/dx/platform/shutdown/DefaultPlatformShutdownHookManager
instanceKlass org/mule/dx/platform/shutdown/PlatformShutdownHookManager
instanceKlass org/mule/dx/platform/internal/DefaultPlatformServer
instanceKlass org/mule/dx/platform/api/event/WorkspaceEventHandler
instanceKlass org/mule/dx/platform/api/PlatformServer
instanceKlass org/mule/dx/platform/metrics/DefaultMetricsManager
instanceKlass org/mule/dx/platform/api/metrics/MetricsManager
instanceKlass org/mule/dx/platform/api/DefaultPlatformClientProvider
instanceKlass org/mule/dx/platform/api/PlatformClientProvider
instanceKlass org/mule/dx/platform/internal/maven/DefaultSettingsManager
instanceKlass org/mule/dx/platform/api/maven/SettingsManager
instanceKlass org/mule/dx/platform/internal/api/embedded/lsp/DefaultEmbeddedLanguageServerMediator
instanceKlass org/mule/maven/pom/parser/internal/MuleMavenPomParserProvider
instanceKlass org/mule/maven/pom/parser/api/MavenPomParserProvider
instanceKlass org/mule/dx/platform/internal/maven/DefaultPomFileHandlerFactory
instanceKlass org/mule/dx/platform/api/maven/PomFileHandlerFactory
instanceKlass org/mule/dx/platform/internal/xml/DefaultXmlEditingHelper
instanceKlass org/mule/dx/platform/api/xml/XmlEditingHelper
instanceKlass org/mule/dx/platform/anypoint/exchange/DefaultExchangeService
instanceKlass org/mule/dx/platform/anypoint/exchange/ExchangeService
instanceKlass org/mule/dx/platform/internal/maven/MavenRunner
instanceKlass org/mule/dx/platform/api/maven/Maven
instanceKlass org/mule/dx/platform/anypoint/exchange/DefaultExchangeClient
instanceKlass org/mule/dx/platform/internal/cloudhub/DefaultCloudHubManager
instanceKlass org/mule/dx/platform/api/anypoint/cloudhub/CloudHubManager
instanceKlass org/mule/dx/platform/auth/TransitionalAuthenticationManager
instanceKlass org/mule/dx/platform/auth/UserTokenValidationManager
instanceKlass org/mule/dx/platform/api/anypoint/authentication/AuthenticationManager
instanceKlass org/mule/dx/platform/auth/ActiveUserSupplier
instanceKlass org/mule/dx/platform/internal/PlatformUrlProviderServiceImpl
instanceKlass org/mule/dx/platform/api/PlatformUrlProviderService
instanceKlass org/mule/dx/platform/urls/DefaultAnypointUrlProvider
instanceKlass org/mule/dx/platform/api/anypoint/AnypointUrlProvider
instanceKlass org/mule/dx/platform/internal/AuthenticationServiceImpl
instanceKlass org/mule/dx/platform/api/AuthenticationService
instanceKlass org/mule/dx/platform/auth/DefaultPlatformAuthenticator
instanceKlass org/mule/dx/platform/api/anypoint/authentication/AccessManagementService
instanceKlass org/mule/dx/platform/anypoint/exchange/model/DefaultAssetDetailsSearchBuilder
instanceKlass org/mule/dx/platform/anypoint/exchange/model/DefaultAssetSearchBuilder
instanceKlass org/mule/dx/platform/api/anypoint/exchange/model/AssetSearchBuilder
instanceKlass org/mule/dx/platform/graphql/DefaultGraphQlClient
instanceKlass org/mule/dx/platform/api/graphql/GraphQlClient
instanceKlass org/mule/dx/platform/preferences/DefaultPreferenceService
instanceKlass org/mule/dx/platform/api/preferences/PreferenceService
instanceKlass org/mule/dx/platform/api/utils/eventbus/EventBus
instanceKlass org/mule/dx/platform/api/Core
instanceKlass org/mule/dx/platform/internal/DefaultComponentFactoryManager
instanceKlass org/mule/dx/platform/internal/ComponentFactoryManager
instanceKlass org/mule/dx/platform/internal/api/impl/DefaultProjectDescriptorMutatorFactory
instanceKlass org/mule/dx/platform/internal/api/impl/ProjectDescriptorMutatorFactory
instanceKlass org/mule/dx/platform/internal/api/impl/DefaultProjectDescriptorBuilder
instanceKlass org/mule/dx/platform/api/project/ProjectDescriptorBuilder
instanceKlass org/mule/dx/platform/internal/api/impl/DefaultProjectBuilder
instanceKlass org/mule/dx/platform/api/project/ProjectBuilder
instanceKlass org/mule/dx/platform/internal/api/task/DefaultJobsManager
instanceKlass org/mule/dx/platform/internal/api/task/InternalJobsManager
instanceKlass org/mule/dx/platform/api/task/JobsManager
instanceKlass org/mule/dx/platform/internal/DefaultLogService
instanceKlass org/mule/dx/platform/api/LogService
instanceKlass org/mule/dx/platform/internal/DefaultProtocolService
instanceKlass org/mule/dx/platform/api/ProtocolService
instanceKlass org/mule/dx/platform/internal/WorkspaceManagerImpl
instanceKlass org/mule/dx/platform/api/WorkspaceManager
instanceKlass org/mule/dx/platform/internal/WorkspaceServiceImpl
instanceKlass org/mule/dx/platform/api/WorkspaceService
instanceKlass org/mule/dx/platform/internal/ProjectServiceImpl
instanceKlass org/mule/dx/platform/api/ProjectService
instanceKlass org/mule/dx/platform/internal/api/window/DefaultWindowService
instanceKlass org/mule/dx/platform/api/WindowService
instanceKlass org/mule/dx/platform/internal/JSONPlatformSerializer
instanceKlass org/mule/dx/platform/api/PlatformSerializer
instanceKlass org/mule/dx/platform/internal/serializers/LogLevelDeserializer
instanceKlass org/mule/dx/platform/internal/serializers/WorkspaceChangeSerializer
instanceKlass org/mule/dx/platform/internal/serializers/DependencyModelSerializer
instanceKlass com/google/gson/JsonSerializer
instanceKlass com/google/gson/JsonDeserializer
instanceKlass org/mule/dx/platform/internal/JDKModule$$FastClassByGuice$$10507110
instanceKlass java/lang/reflect/AnnotatedParameterizedType
instanceKlass org/mule/maven/client/api/model/MavenConfiguration
instanceKlass org/mule/dx/platform/internal/MavenModule$$FastClassByGuice$$9642155
instanceKlass com/google/inject/internal/RealOptionalBinder$Actual
instanceKlass org/mule/dx/platform/api/maven/MavenDependencyModelManagerFactory
instanceKlass org/mule/dx/platform/api/dependency/DependencyModelManagerFactory
instanceKlass org/mule/maven/client/api/model/MavenConfiguration$MavenConfigurationBuilder
instanceKlass org/mule/dx/contributions/munit/MuleDxMUnitModule$$FastClassByGuice$$8509693
instanceKlass org/mule/dx/contributions/munit/internal/service/DefaultMUnitProcessService
instanceKlass org/mule/dx/contributions/munit/internal/service/MUnitProcessService
instanceKlass jdk/internal/math/FDBigInteger
instanceKlass org/apache/commons/lang3/math/NumberUtils
instanceKlass java/lang/Character$Subset
instanceKlass org/apache/commons/lang3/StringUtils
instanceKlass org/apache/commons/lang3/function/Suppliers
instanceKlass org/apache/commons/lang3/SystemProperties
instanceKlass org/apache/commons/lang3/SystemUtils
instanceKlass org/mule/dx/contributions/munit/internal/service/DefaultMUnitConfigurator
instanceKlass org/mule/dx/contributions/munit/api/service/MUnitConfigurator
instanceKlass org/mule/dx/contributions/munit/internal/service/DefaultMUnitEnvironment
instanceKlass org/mule/dx/contributions/munit/api/service/MUnitEnvironment
instanceKlass org/mule/dx/contributions/munit/internal/service/DefaultMUnitJavaProvider
instanceKlass org/mule/dx/contributions/munit/internal/service/MUnitJavaProvider
instanceKlass org/mule/dx/contributions/munit/internal/maven/DefaultMUnitPomFileHandler
instanceKlass org/mule/dx/contributions/munit/internal/maven/MUnitPomFileHandler
instanceKlass org/mule/dx/contributions/munit/internal/jsonrpc/DefaultMuleDxMUnitService
instanceKlass org/mule/dx/contributions/munit/api/jsonrpc/MuleDxMUnitService
instanceKlass org/mule/dx/contributions/munit/internal/service/DefaultMUnitClientProvider
instanceKlass org/mule/dx/contributions/munit/internal/service/MUnitClientProviderInitializer
instanceKlass org/mule/dx/contributions/munit/internal/service/MUnitClientProvider
instanceKlass org/mule/dx/contributions/munit/internal/service/DefaultMUnitDebuggingStrategy
instanceKlass org/mule/dx/contributions/munit/api/service/MUnitDebuggingStrategy
instanceKlass org/mule/dx/contributions/munit/dap/DebuggingSessionAware
instanceKlass org/mule/dx/contributions/munit/internal/service/DefaultMUnitXMLService
instanceKlass org/mule/dx/contributions/munit/api/service/MUnitXMLService
instanceKlass org/mule/dx/contributions/munit/internal/maven/DefaultMavenClient
instanceKlass org/mule/dx/contributions/munit/api/maven/MavenClient
instanceKlass java/util/stream/IntStream
instanceKlass jdk/internal/vm/annotation/Stable
instanceKlass sun/security/provider/AbstractDrbg$NonceProvider
instanceKlass sun/nio/fs/BasicFileAttributesHolder
instanceKlass sun/nio/fs/WindowsDirectoryStream$WindowsDirectoryIterator
instanceKlass java/nio/file/Files$AcceptAllFilter
instanceKlass java/nio/file/DirectoryStream$Filter
instanceKlass java/net/NetworkInterface$1
instanceKlass java/net/DefaultInterface
instanceKlass java/net/InterfaceAddress
instanceKlass java/net/NetworkInterface
instanceKlass java/lang/constant/DynamicConstantDesc
instanceKlass java/lang/constant/DirectMethodHandleDesc$1
instanceKlass java/lang/constant/DirectMethodHandleDescImpl$1
instanceKlass java/lang/constant/DirectMethodHandleDescImpl
instanceKlass java/lang/constant/DirectMethodHandleDesc
instanceKlass java/lang/constant/MethodHandleDesc$1
instanceKlass java/lang/constant/MethodHandleDesc
instanceKlass java/lang/constant/MethodTypeDescImpl
instanceKlass java/lang/constant/MethodTypeDesc
instanceKlass java/lang/constant/ReferenceClassDescImpl
instanceKlass java/lang/constant/ConstantUtils
instanceKlass java/lang/constant/ClassDesc
instanceKlass java/lang/constant/ConstantDescs
instanceKlass java/lang/invoke/VarHandle$2
instanceKlass java/lang/invoke/VarHandle$TypesAndInvokers
instanceKlass java/lang/invoke/VarHandleByteArrayBase
instanceKlass sun/security/provider/ByteArrayAccess$BE
instanceKlass sun/security/provider/ByteArrayAccess
instanceKlass sun/security/provider/SeedGenerator$1
instanceKlass sun/security/util/MessageDigestSpi2
instanceKlass sun/security/jca/GetInstance$Instance
instanceKlass sun/security/jca/GetInstance
instanceKlass java/security/MessageDigestSpi
instanceKlass sun/security/provider/SeedGenerator
instanceKlass sun/security/provider/AbstractDrbg$SeederHolder
instanceKlass java/security/DrbgParameters$NextBytes
instanceKlass sun/security/provider/EntropySource
instanceKlass sun/security/provider/AbstractDrbg
instanceKlass java/security/DrbgParameters$Instantiation
instanceKlass java/security/DrbgParameters
instanceKlass sun/security/provider/MoreDrbgParameters
instanceKlass java/security/SecureRandomSpi
instanceKlass jdk/internal/event/Event
instanceKlass sun/security/util/SecurityProviderConstants
instanceKlass java/security/Provider$UString
instanceKlass java/security/Provider$Service
instanceKlass sun/security/provider/NativePRNG$NonBlocking
instanceKlass sun/security/provider/NativePRNG$Blocking
instanceKlass sun/security/provider/NativePRNG
instanceKlass sun/security/provider/SunEntries$1
instanceKlass sun/security/provider/SunEntries
instanceKlass java/util/AbstractList$Itr
instanceKlass sun/security/jca/ProviderList$2
instanceKlass jdk/internal/math/FloatingDecimal$ASCIIToBinaryBuffer
instanceKlass jdk/internal/math/FloatingDecimal$PreparedASCIIToBinaryBuffer
instanceKlass jdk/internal/math/FloatingDecimal$ASCIIToBinaryConverter
instanceKlass jdk/internal/math/FloatingDecimal$BinaryToASCIIBuffer
instanceKlass jdk/internal/math/FloatingDecimal$ExceptionalBinaryToASCIIBuffer
instanceKlass jdk/internal/math/FloatingDecimal$BinaryToASCIIConverter
instanceKlass jdk/internal/math/FloatingDecimal
instanceKlass javax/security/auth/login/Configuration$Parameters
instanceKlass java/security/Policy$Parameters
instanceKlass java/security/cert/CertStoreParameters
instanceKlass java/security/SecureRandomParameters
instanceKlass java/security/Provider$EngineDescription
instanceKlass java/security/Provider$ServiceKey
instanceKlass sun/security/jca/ProviderConfig
instanceKlass sun/security/jca/ProviderList
instanceKlass sun/security/jca/Providers
instanceKlass java/util/UUID$Holder
instanceKlass org/mule/weave/extension/plugin/DWLSPModule$$FastClassByGuice$$7352410
instanceKlass org/mule/weave/extension/api/llm/tools/LLMToolProvider
instanceKlass org/mule/weave/extension/plugin/spell/project/SpellProjectInitializer
instanceKlass org/mule/weave/extension/plugin/sfdc/project/SFDXProjectInitializer
instanceKlass org/mule/weave/extension/plugin/bat/project/BatProjectInitializer
instanceKlass org/mule/weave/extension/plugin/maven/project/MavenProjectInitializer
instanceKlass org/mule/weave/extension/api/project/ProjectInitializer
instanceKlass org/mule/weave/extension/plugin/llm/tools/LLMToolManager
instanceKlass org/mule/weave/extension/plugin/protocol/DefaultDataWeaveProtocolService
instanceKlass org/mule/weave/lsp/extension/protocol/DataWeaveProtocolService
instanceKlass org/mule/weave/extension/plugin/metadata/DefaultDWTypeTransformer
instanceKlass org/mule/weave/extension/api/metadata/DWTypeTransformer
instanceKlass org/mule/weave/extension/plugin/project/DefaultWeaveServiceManager
instanceKlass org/mule/weave/extension/plugin/project/WeaveServiceManager
instanceKlass org/mule/weave/extension/plugin/maven/resolver/DefaultMavenManager
instanceKlass org/mule/weave/extension/plugin/maven/resolver/MavenManager
instanceKlass org/mule/weave/extension/plugin/command/DefaultWeaveCreateInputSampleCommandFactory
instanceKlass org/mule/weave/extension/api/extension/command/WeaveCreateInputSampleCommandFactory
instanceKlass org/mule/weave/extension/plugin/command/DefaultWeaveRunPreviewCommandFactory
instanceKlass org/mule/weave/extension/api/extension/command/WeaveRunPreviewCommandFactory
instanceKlass org/mule/weave/extension/plugin/DefaultWeaveLanguageServerBuilder
instanceKlass org/mule/weave/extension/api/WeaveLanguageServerBuilder
instanceKlass org/mule/weave/extension/plugin/lsp/WorkspaceExtensionsManager
instanceKlass org/mule/weave/extension/plugin/project/ProjectExtensionsManager
instanceKlass org/mule/weave/extension/plugin/project/DefaultProjectKindFactory
instanceKlass org/mule/weave/lsp/project/ProjectKindFactory
instanceKlass org/mule/weave/extension/plugin/lsp/DefaultWorkspaceServiceManager
instanceKlass org/mule/weave/lsp/services/WorkspaceServiceListener
instanceKlass org/mule/weave/lsp/services/WorkspaceServiceManager
instanceKlass org/mule/weave/extension/plugin/lsp/jobs/DefaultJobManagerServiceProvider
instanceKlass org/mule/weave/extension/plugin/lsp/jobs/JobManagerServiceProvider
instanceKlass com/mule/api/contribution/APIModule$$FastClassByGuice$$6927559
instanceKlass com/mule/api/contribution/jsonrpc/validation/DefaultValidationsService
instanceKlass com/mule/api/contribution/jsonrpc/validation/ValidationsService
instanceKlass com/mule/api/contribution/api/project/maven/DefaultAPIMavenRunner
instanceKlass com/mule/api/contribution/api/project/maven/APIMavenRunner
instanceKlass com/mule/api/contribution/api/vcs/proxy/DefaultProxyManager
instanceKlass com/mule/api/contribution/api/vcs/proxy/ProxyManager
instanceKlass com/mule/api/contribution/jsonrpc/dependency/DefaultDependencyManagerService
instanceKlass com/mule/api/contribution/jsonrpc/dependency/DependencyManagerService
instanceKlass com/mule/api/contribution/api/project/dependency/DefaultAPIMavenClient
instanceKlass com/mule/api/contribution/api/project/dependency/APIMavenClient
instanceKlass com/mule/api/contribution/api/project/dependency/DefaultAPIDependencyResolver
instanceKlass com/mule/api/contribution/api/project/dependency/APIDependencyResolver
instanceKlass com/mule/api/contribution/jsonrpc/catalog/DefaultAPICatalogService
instanceKlass com/mule/api/contribution/jsonrpc/catalog/APICatalogService
instanceKlass com/mule/api/contribution/jsonrpc/project/implementation/DefaultImplementationService
instanceKlass com/mule/api/contribution/jsonrpc/project/implementation/ImplementationService
instanceKlass com/mule/api/contribution/jsonrpc/mockingservice/client/DefaultMockingServiceClient
instanceKlass com/mule/api/contribution/jsonrpc/mockingservice/client/MockingServiceClient
instanceKlass com/mule/api/contribution/api/mockingservice/service/DefaultMockingService
instanceKlass com/mule/api/contribution/api/mockingservice/service/MockingService
instanceKlass com/mule/api/contribution/jsonrpc/console/service/DefaultAPIConsoleService
instanceKlass com/mule/api/contribution/jsonrpc/console/service/APIConsoleService
instanceKlass com/mule/api/contribution/api/console/service/DefaultAPIModelsManager
instanceKlass com/mule/api/contribution/api/console/service/APIModelsManager
instanceKlass com/mule/api/contribution/api/editor/ALSNotificationsClient
instanceKlass org/mulesoft/anypoint/server/platform/client/AnypointLanguageClient
instanceKlass org/mulesoft/als/server/protocol/client/AlsLanguageClient
instanceKlass org/mulesoft/apb/repository/client/common/exchange/ExchangeAssetResponse
instanceKlass org/mulesoft/apb/project/client/scala/model/descriptor/Gav
instanceKlass org/mule/dx/platform/api/anypoint/exchange/model/AssetDetails
instanceKlass org/mulesoft/apb/repository/client/common/exchange/ExchangeMetadataResponse
instanceKlass org/mulesoft/apb/repository/client/common/exchange/ExchangeRequestData
instanceKlass org/mule/dx/platform/api/anypoint/exchange/model/AssetFile
instanceKlass org/mule/dx/platform/api/anypoint/exchange/model/AssetDetailsSearchBuilder
instanceKlass org/mule/dx/platform/api/anypoint/exchange/ExchangeClient
instanceKlass com/mule/api/contribution/api/client/DefaultExchangeClientImpl
instanceKlass org/mulesoft/apb/repository/client/platform/exchange/ExchangeClient
instanceKlass com/mule/api/contribution/mcp/DefaultMCPToolsService
instanceKlass com/mule/api/contribution/mcp/MCPToolsService
instanceKlass com/mule/api/contribution/jsonrpc/DefaultAPIService
instanceKlass com/mule/api/contribution/jsonrpc/APIService
instanceKlass com/mule/api/contribution/api/vcs/service/DefaultAPIVCSService
instanceKlass com/mule/api/contribution/api/vcs/service/APIVCSService
instanceKlass com/mule/api/contribution/api/vcs/client/DefaultVCSClient
instanceKlass com/mule/api/contribution/api/vcs/client/VCSClient
instanceKlass com/mule/api/contribution/api/vcs/service/DefaultGitConfigurationService
instanceKlass com/mule/api/contribution/api/vcs/service/GitConfigurationService
instanceKlass com/mule/api/contribution/jsonrpc/project/agentnetwork/DefaultAgentNetworkService
instanceKlass com/mule/api/contribution/jsonrpc/project/agentnetwork/AgentNetworkService
instanceKlass com/mule/api/contribution/jsonrpc/project/agentforce/implementation/DefaultAgentforceService
instanceKlass com/mule/api/contribution/jsonrpc/project/agentforce/AgentforceService
instanceKlass com/mule/api/contribution/jsonrpc/project/agenttopiccenter/DefaultAgentTopicCenterService
instanceKlass com/mule/api/contribution/jsonrpc/project/agenttopiccenter/AgentTopicCenterService
instanceKlass com/mule/api/contribution/api/governance/service/DefaultGovernanceService
instanceKlass com/mule/api/contribution/api/governance/service/GovernanceService
instanceKlass com/mule/api/contribution/api/governance/acv/DefaultACVClient
instanceKlass com/mule/api/contribution/api/governance/acv/ACVClient
instanceKlass org/mulesoft/apb/project/client/platform/model/descriptor/Gav
instanceKlass com/mule/api/contribution/api/governance/model/APIRule
instanceKlass com/mule/api/contribution/api/governance/model/APIRuleset
instanceKlass org/mulesoft/apb/project/client/platform/model/DynamicObject
instanceKlass scala/Serializable
instanceKlass scala/Product
instanceKlass scala/Equals
instanceKlass org/aspectj/lang/ProceedingJoinPoint
instanceKlass com/mule/api/contribution/api/utils/MDCLoggingAspect
instanceKlass org/aspectj/runtime/reflect/SourceLocationImpl
instanceKlass org/aspectj/runtime/reflect/JoinPointImpl$StaticPartImpl
instanceKlass org/aspectj/runtime/reflect/SignatureImpl$Cache
instanceKlass org/aspectj/runtime/reflect/SignatureImpl
instanceKlass org/aspectj/lang/reflect/UnlockSignature
instanceKlass org/aspectj/lang/reflect/LockSignature
instanceKlass org/aspectj/lang/reflect/CatchClauseSignature
instanceKlass org/aspectj/lang/reflect/ConstructorSignature
instanceKlass org/aspectj/lang/reflect/FieldSignature
instanceKlass org/aspectj/lang/reflect/InitializerSignature
instanceKlass org/aspectj/lang/reflect/AdviceSignature
instanceKlass org/aspectj/lang/reflect/SourceLocation
instanceKlass org/aspectj/lang/reflect/MethodSignature
instanceKlass org/aspectj/lang/reflect/CodeSignature
instanceKlass org/aspectj/lang/reflect/MemberSignature
instanceKlass org/aspectj/lang/JoinPoint$EnclosingStaticPart
instanceKlass org/aspectj/lang/JoinPoint$StaticPart
instanceKlass org/aspectj/runtime/reflect/Factory
instanceKlass org/aspectj/lang/Signature
instanceKlass org/aspectj/lang/JoinPoint
instanceKlass com/mule/api/contribution/api/governance/ruleset/client/DefaultRulesetClient
instanceKlass com/mule/api/contribution/api/governance/ruleset/client/RulesetClient
instanceKlass org/mulesoft/ACVRulesetSplitter
instanceKlass com/mule/api/contribution/api/governance/ruleset/splitter/DefaultRulesetSplitter
instanceKlass com/mule/api/contribution/api/governance/service/DefaultGovernanceValidationManager
instanceKlass com/mule/api/contribution/api/governance/service/GovernanceValidationManager
instanceKlass com/mule/api/contribution/jsonrpc/project/properties/service/DefaultProjectPropertiesService
instanceKlass com/mule/api/contribution/jsonrpc/project/properties/service/ProjectPropertiesService
instanceKlass com/mule/api/contribution/jsonrpc/project/service/DefaultAPIProjectService
instanceKlass com/mule/api/contribution/jsonrpc/project/service/APIProjectService
instanceKlass com/mule/api/contribution/api/project/service/DefaultAPIProjectsManager
instanceKlass com/mule/api/contribution/api/project/service/APIProjectsManager
instanceKlass com/mule/api/contribution/api/project/service/WorkspaceContribution
instanceKlass jdk/internal/vm/annotation/IntrinsicCandidate
instanceKlass org/mule/contribution/internal/lsp/extensions/participant/XSDBasedValidator
instanceKlass org/mule/contribution/internal/lsp/extensions/participant/validation/DefaultXSDExtractor
instanceKlass org/mule/contribution/internal/lsp/extensions/participant/validation/XSDExtractor
instanceKlass org/mule/contribution/runtime/client/ConnectorsModule$$FastClassByGuice$$5859760
instanceKlass com/google/inject/internal/RealOptionalBinder$BaseAnnotation
instanceKlass com/google/inject/internal/RealOptionalBinder$Default
instanceKlass com/google/inject/multibindings/OptionalBinderBinding
instanceKlass com/google/common/base/Optional
instanceKlass com/google/inject/internal/RealOptionalBinder$BindingSelection
instanceKlass com/google/inject/internal/RealOptionalBinder
instanceKlass com/google/inject/internal/ProvidesMethodScanner$1
instanceKlass org/mule/contribution/MuleLSPModule$$FastClassByGuice$$5036058
instanceKlass org/mule/contribution/internal/utils/EditorGeneratorUtils
instanceKlass org/mule/dx/platform/api/protocol/embedded/lsp/EmbeddedLanguageServerMediator
instanceKlass org/mule/contribution/internal/lsp/extensions/participant/codeaction/BaseCodeActionDelegate
instanceKlass org/mule/contribution/api/lsp/extensions/CodeActionParticipantDelegate
instanceKlass org/mule/contribution/internal/lsp/extensions/participant/AttributeValueLinkProvider
instanceKlass org/mule/contribution/api/lsp/extensions/DocumentLinksParticipant
instanceKlass org/mule/contribution/internal/lsp/extensions/participant/DefaultMuleSymbolsProviderParticipant
instanceKlass org/mule/contribution/api/lsp/extensions/SymbolsProviderParticipant
instanceKlass org/mule/contribution/internal/lsp/extensions/participant/HttpRequestConfigUrlValidationParticipant
instanceKlass org/mule/contribution/internal/lsp/extensions/participant/MimeTypeValidationParticipant
instanceKlass org/mule/contribution/internal/lsp/extensions/participant/DefaultXmlValidationParticipant
instanceKlass org/mule/contribution/api/lsp/extensions/XmlValidationParticipant
instanceKlass org/mule/contribution/internal/lsp/embedded/EmbeddedReferencesParticipant
instanceKlass org/mule/contribution/api/lsp/extensions/ReferencesParticipant
instanceKlass org/mule/contribution/internal/lsp/embedded/EmbeddedDefinitionParticipant
instanceKlass org/mule/contribution/api/lsp/extensions/DefinitionParticipant
instanceKlass org/mule/contribution/internal/lsp/embedded/EmbeddedCodeActionParticipant
instanceKlass org/mule/contribution/internal/lsp/extensions/participant/MuleCoreCodeActionParticipant
instanceKlass org/mule/contribution/api/lsp/extensions/CodeActionParticipant
instanceKlass org/mule/contribution/internal/lsp/extensions/participant/DataSenseHoverParticipant
instanceKlass org/mule/contribution/internal/lsp/embedded/EmbeddedHoverParticipant
instanceKlass org/mule/contribution/internal/lsp/extensions/participant/PropertiesResolverHoverParticipant
instanceKlass org/mule/contribution/api/lsp/extensions/HoverParticipant
instanceKlass org/mule/contribution/internal/lsp/extensions/participant/OptionsCalculatorCompletionParticipant
instanceKlass org/mule/contribution/internal/lsp/extensions/participant/OnEmptyDocCompletionParticipant
instanceKlass org/mule/contribution/internal/lsp/extensions/participant/SystemPropertiesCompletionParticipant
instanceKlass org/mule/contribution/internal/lsp/embedded/EmbeddedCompletionParticipant
instanceKlass org/mule/contribution/internal/lsp/extensions/participant/MuleCompletionParticipant
instanceKlass org/mule/contribution/api/lsp/extensions/CompletionParticipant
instanceKlass org/mule/contribution/internal/lsp/embedded/EmbeddedCodeLensParticipant
instanceKlass org/mule/contribution/internal/lsp/extensions/participant/ToolingClientCodeLensParticipant
instanceKlass org/mule/contribution/api/lsp/extensions/CodeLensParticipant
instanceKlass org/mule/contribution/internal/lsp/DefaultCompletionItemHelper
instanceKlass org/mule/contribution/api/lsp/extensions/CompletionItemHelper
instanceKlass org/mule/contribution/MuleConfigurationValidator
instanceKlass org/mule/contribution/DOMDocumentValidator
instanceKlass org/mule/contribution/internal/lsp/extensions/participant/MuleRenameParticipant
instanceKlass org/mule/contribution/internal/lsp/embedded/EmbeddedRenameParticipant
instanceKlass org/mule/contribution/api/lsp/extensions/RenameParticipant
instanceKlass org/mule/contribution/internal/lsp/DefaultRenameManager
instanceKlass org/mule/contribution/api/lsp/RenameManager
instanceKlass org/mule/contribution/internal/lsp/DefaultHoverManager
instanceKlass org/mule/contribution/api/lsp/HoverManager
instanceKlass org/eclipse/lsp4j/WorkspaceEdit
instanceKlass org/eclipse/lemminx/customservice/AutoCloseTagResponse
instanceKlass org/eclipse/lemminx/settings/XMLCompletionSettings
instanceKlass org/eclipse/lsp4j/CodeActionContext
instanceKlass org/eclipse/lsp4j/ReferenceContext
instanceKlass org/eclipse/lsp4j/LinkedEditingRanges
instanceKlass org/eclipse/lemminx/settings/XMLSymbolSettings
instanceKlass org/eclipse/lemminx/settings/XMLFoldingSettings
instanceKlass org/eclipse/lemminx/settings/XMLCodeLensSettings
instanceKlass java/util/concurrent/CompletableFuture
instanceKlass java/util/concurrent/CompletionStage
instanceKlass org/eclipse/lemminx/extensions/contentmodel/settings/XMLValidationSettings
instanceKlass org/eclipse/lsp4j/Hover
instanceKlass org/eclipse/lsp4j/Position
instanceKlass org/eclipse/lemminx/settings/SharedSettings
instanceKlass org/eclipse/lsp4j/Range
instanceKlass org/eclipse/lsp4j/TextDocumentItem
instanceKlass org/eclipse/lemminx/services/extensions/IDocumentLifecycleParticipant
instanceKlass org/eclipse/lemminx/services/extensions/IWorkspaceServiceParticipant
instanceKlass org/eclipse/lemminx/services/extensions/format/IFormatterParticipant
instanceKlass org/eclipse/lemminx/services/extensions/IDocumentLinkParticipant
instanceKlass org/eclipse/lemminx/services/extensions/codelens/ICodeLensParticipant
instanceKlass org/eclipse/lemminx/services/extensions/ICodeActionParticipant
instanceKlass org/eclipse/lemminx/services/extensions/IHighlightingParticipant
instanceKlass org/eclipse/lemminx/services/extensions/ITypeDefinitionParticipant
instanceKlass org/eclipse/lemminx/services/extensions/ISymbolsProviderParticipant
instanceKlass org/eclipse/lemminx/services/extensions/IRenameParticipant
instanceKlass org/eclipse/lemminx/services/extensions/diagnostics/IDiagnosticsParticipant
instanceKlass org/eclipse/lemminx/services/extensions/IReferenceParticipant
instanceKlass org/eclipse/lemminx/services/extensions/IDefinitionParticipant
instanceKlass org/eclipse/lemminx/services/IXMLNotificationService
instanceKlass org/eclipse/lemminx/services/extensions/save/ISaveContext
instanceKlass org/eclipse/lsp4j/InitializeParams
instanceKlass org/eclipse/lsp4j/WorkDoneProgressParams
instanceKlass org/eclipse/lemminx/services/extensions/commands/IXMLCommandService
instanceKlass org/eclipse/lemminx/services/IXMLValidationService
instanceKlass org/eclipse/lemminx/services/IXMLDocumentProvider
instanceKlass org/eclipse/lemminx/services/extensions/IHoverParticipant
instanceKlass org/eclipse/lemminx/services/extensions/ICompletionParticipant
instanceKlass org/eclipse/lemminx/services/extensions/IXMLExtension
instanceKlass org/eclipse/lemminx/services/XMLLinkedEditing
instanceKlass org/eclipse/lemminx/services/XMLSelectionRanges
instanceKlass org/eclipse/lemminx/services/extensions/IRenameRequest
instanceKlass org/eclipse/lemminx/services/XMLRename
instanceKlass org/eclipse/lemminx/services/XMLCodeActions
instanceKlass org/eclipse/lemminx/services/extensions/codelens/ICodeLensRequest
instanceKlass org/eclipse/lemminx/services/XMLCodeLens
instanceKlass org/eclipse/lemminx/services/XMLReference
instanceKlass org/eclipse/lemminx/services/extensions/ITypeDefinitionRequest
instanceKlass org/eclipse/lemminx/services/XMLTypeDefinition
instanceKlass org/eclipse/lemminx/services/extensions/IDefinitionRequest
instanceKlass org/eclipse/lemminx/services/XMLDefinition
instanceKlass org/eclipse/lemminx/services/XMLDocumentLink
instanceKlass org/eclipse/lemminx/services/XMLFoldings
instanceKlass org/eclipse/lemminx/services/XMLDiagnostics
instanceKlass org/eclipse/lemminx/services/extensions/IHoverRequest
instanceKlass org/eclipse/lemminx/services/XMLHover
instanceKlass org/eclipse/lemminx/services/extensions/ICompletionRequest
instanceKlass org/eclipse/lemminx/services/extensions/ISharedSettingsRequest
instanceKlass org/eclipse/lemminx/services/extensions/IPositionRequest
instanceKlass org/eclipse/lemminx/services/extensions/ICompletionResponse
instanceKlass org/eclipse/lsp4j/CompletionList
instanceKlass org/eclipse/lemminx/services/XMLCompletions
instanceKlass org/eclipse/lemminx/dom/DOMNode
instanceKlass org/eclipse/lemminx/dom/DOMRange
instanceKlass org/eclipse/lemminx/services/XMLSymbolsProvider
instanceKlass org/eclipse/lemminx/services/XMLHighlighting
instanceKlass org/eclipse/lemminx/services/XMLFormatter
instanceKlass org/eclipse/lemminx/telemetry/TelemetryCache
instanceKlass org/eclipse/lemminx/telemetry/TelemetryManager
instanceKlass org/eclipse/lemminx/uriresolver/URIResolverExtensionManager$DefaultURIResolverExtension
instanceKlass org/eclipse/lemminx/uriresolver/URIResolverExtensionManager
instanceKlass org/eclipse/lemminx/uriresolver/IExternalGrammarLocationProvider
instanceKlass org/eclipse/lemminx/uriresolver/URIResolverExtension
instanceKlass org/apache/xerces/xni/parser/XMLEntityResolver
instanceKlass org/eclipse/lemminx/services/XMLLanguageService$1
instanceKlass org/eclipse/lsp4j/jsonrpc/CancelChecker
instanceKlass org/eclipse/lemminx/services/extensions/XMLExtensionsRegistry
instanceKlass org/eclipse/lemminx/services/extensions/IComponentProvider
instanceKlass org/eclipse/lemminx/services/IXMLFullFormatter
instanceKlass org/mule/contribution/internal/lsp/DefaultSymbolsProviderManager
instanceKlass org/mule/contribution/api/lsp/SymbolsProviderManager
instanceKlass org/mule/contribution/internal/lsp/DefaultDocumentLinksManager
instanceKlass org/mule/contribution/api/lsp/DocumentLinksManager
instanceKlass org/mule/contribution/internal/lsp/DefaultCodeActionManager
instanceKlass org/mule/contribution/api/lsp/CodeActionManager
instanceKlass org/mule/contribution/internal/lsp/DefaultCodeLensManager
instanceKlass org/mule/contribution/api/lsp/CodeLensManager
instanceKlass org/mule/contribution/internal/lsp/DefaultXmlValidatorManager
instanceKlass org/mule/contribution/api/lsp/XmlValidatorManager
instanceKlass org/mule/contribution/internal/lsp/DefaultCompletionManager
instanceKlass org/mule/contribution/api/lsp/CompletionManager
instanceKlass org/mule/contribution/internal/lsp/DefaultReferencesManager
instanceKlass org/mule/contribution/api/lsp/ReferencesManager
instanceKlass org/mule/contribution/internal/lsp/DefaultDefinitionManager
instanceKlass org/mule/contribution/api/lsp/DefinitionManager
instanceKlass org/mule/contribution/datasense/api/impl/DefaultDataSenseProvider
instanceKlass org/mule/dx/platform/api/datasense/DataSenseProvider
instanceKlass org/mule/contribution/internal/lsp/DefaultToolingService
instanceKlass org/mule/contribution/api/lsp/ToolingService
instanceKlass org/mule/contribution/internal/lsp/DefaultMuleTextDocumentService
instanceKlass org/mule/contribution/api/lsp/MuleTextDocumentService
instanceKlass org/eclipse/lsp4j/services/TextDocumentService
instanceKlass org/mule/contribution/internal/lsp/DefaultWorkspaceService
instanceKlass com/google/inject/Key$AnnotationTypeStrategy
instanceKlass org/mule/contribution/api/Mule
instanceKlass org/eclipse/lsp4j/services/WorkspaceService
instanceKlass org/mule/contribution/internal/lsp/DefaultMuleLanguageClientProvider
instanceKlass org/mule/contribution/internal/lsp/MuleLanguageClientProvider
instanceKlass org/mule/contribution/internal/DefaultContextProvider
instanceKlass org/mule/contribution/api/ContextProvider
instanceKlass org/mule/contribution/internal/lsp/DefaultTemplateProcessor
instanceKlass org/mule/contribution/internal/lsp/TemplateProcessor
instanceKlass org/mule/contribution/internal/lsp/model/meta/AttributeOptionsProvider
instanceKlass org/mule/contribution/internal/lsp/model/meta/XMLGenerator
instanceKlass org/mule/contribution/internal/lsp/CompletionItemPrototypeTransformer
instanceKlass org/mule/contribution/internal/ShadowJarResourceProvider
instanceKlass org/mule/contribution/api/ContributionResourceProvider
instanceKlass org/eclipse/lsp4j/services/LanguageClient
instanceKlass org/mule/contribution/dataweave/MuleDxDataweaveComponentModule$$FastClassByGuice$$3252628
instanceKlass org/mule/weave/extension/api/extension/validation/WeaveValidatorProviderExtension
instanceKlass org/mule/dx/platform/api/protocol/embedded/lsp/EmbeddedLanguageHandler
instanceKlass org/mule/dx/platform/api/protocol/LSPProtocolHandler
instanceKlass org/mule/contribution/dataweave/action/MuleCodeActionProviderExtension
instanceKlass org/mule/weave/extension/api/extension/action/WeaveCodeActionProviderExtension
instanceKlass org/mule/contribution/internal/config/BasePropertiesResolverParticipant
instanceKlass org/mule/contribution/api/config/PropertiesResolverParticipant
instanceKlass org/mule/contribution/internal/config/DefaultPropertiesResolver
instanceKlass org/mule/contribution/api/config/PropertiesResolver
instanceKlass org/mule/contribution/WindowsModule$$FastClassByGuice$$3084259
instanceKlass com/google/inject/name/NamedImpl
instanceKlass com/google/inject/name/Named
instanceKlass com/google/inject/name/Names
instanceKlass org/mule/contribution/MuleDevModule$$FastClassByGuice$$1614571
instanceKlass org/mule/contribution/internal/utils/GrpcAssetService
instanceKlass org/mule/contribution/internal/utils/ProtoCompiler
instanceKlass org/mule/dx/platform/api/component/ComponentFactory
instanceKlass org/mule/contribution/runtime/RuntimeStoreManager
instanceKlass org/mule/tooling/integration/cache/utils/GAVUtils
instanceKlass org/mule/contribution/util/ParentPomWatcher
instanceKlass org/mule/contribution/internal/lsp/DefaultMuleXmlLanguageServer
instanceKlass org/mule/contribution/api/lsp/MuleXmlLanguageServer
instanceKlass org/eclipse/lsp4j/services/LanguageServer
instanceKlass org/mule/contribution/connectors/DefaultConnectorLibrariesService
instanceKlass org/mule/contribution/connectors/ConnectorLibrariesService
instanceKlass org/mule/contribution/metadata/DefaultCustomMetadataService
instanceKlass org/mule/contribution/metadata/CustomMetadataService
instanceKlass org/mule/contribution/designservice/client/DefaultDesignService
instanceKlass org/mule/contribution/designservice/client/DesignService
instanceKlass org/mule/contribution/internal/DefaultExtensionModelInfoRegistry
instanceKlass org/mule/contribution/event/MuleProjectAddedEventHandler
instanceKlass org/mule/contribution/event/MuleProjectRemovedEventHandler
instanceKlass org/mule/contribution/api/ExtensionModelInfoRegistry
instanceKlass org/mule/contribution/designservice/DefaultDesignServiceClient
instanceKlass org/mule/dx/flow/design/service/api/designservice/DesignServiceClient
instanceKlass org/mule/contribution/designservice/DefaultDesignServiceInstanceManager
instanceKlass org/mule/contribution/designservice/DesignServiceInstanceManager
instanceKlass org/mule/contribution/internal/lsp/ui/transform/DefaultDataWeaveTransformService
instanceKlass org/mule/contribution/api/lsp/ui/DataWeaveTransformService
instanceKlass org/mule/contribution/internal/project/DefaultProjectPropertiesService
instanceKlass org/mule/contribution/api/project/ProjectPropertiesService
instanceKlass org/mule/contribution/expression/DefaultEmbeddedModuleService
instanceKlass org/mule/contribution/expression/EmbeddedModuleService
instanceKlass org/mule/contribution/maven/DefaultMuleMavenClientProvider
instanceKlass org/mule/contribution/maven/MuleMavenClientProvider
instanceKlass org/mule/contribution/DefaultWorkspaceContribution
instanceKlass org/mule/contribution/WorkspaceContribution
instanceKlass org/mule/contribution/internal/DefaultMulePathHelperFactory
instanceKlass org/mule/contribution/internal/MulePathHelperFactory
instanceKlass org/mule/contribution/dap/deployment/DefaultRedeployService
instanceKlass org/mule/contribution/dap/deployment/RedeployService
instanceKlass org/mule/contribution/ui/generator/DefaultIdGenerator
instanceKlass org/mule/contribution/ui/generator/IdGenerator
instanceKlass org/mule/contribution/ui/generator/DefaultModelMapper
instanceKlass org/mule/contribution/ui/generator/ModelMapper
instanceKlass org/mule/contribution/ui/generator/DefaultIconProvider
instanceKlass org/mule/contribution/ui/generator/IconProvider
instanceKlass org/mule/contribution/internal/lsp/DefaultExchangeCanvasService
instanceKlass org/mule/dx/platform/api/component/WorkspaceLifecycle
instanceKlass org/mule/contribution/api/lsp/exchange/ExchangeCanvasService
instanceKlass org/mule/contribution/internal/lsp/ui/form/DefaultUISchemaProvider
instanceKlass org/mule/contribution/internal/lsp/ui/form/UISchemaProvider
instanceKlass org/mule/contribution/internal/lsp/ui/form/DefaultUISchemaGenerator
instanceKlass org/mule/contribution/internal/lsp/ui/form/UISchemaGenerator
instanceKlass org/mule/contribution/internal/lsp/ui/form/state/AttributeWriter
instanceKlass org/mule/contribution/internal/lsp/ui/form/state/PropertyWriter
instanceKlass org/mule/contribution/internal/lsp/ui/form/state/AdvanceDataTypeReader
instanceKlass org/mule/contribution/internal/lsp/ui/form/state/ElementReader
instanceKlass org/mule/contribution/internal/lsp/ui/form/state/AttributeReader
instanceKlass org/mule/contribution/internal/lsp/ui/form/state/PropertyReader
instanceKlass org/mule/contribution/internal/lsp/ui/form/control/ErrorHandlerRefControlFactoryDelegate
instanceKlass org/mule/contribution/internal/lsp/ui/form/control/ObjectPickerDelegate
instanceKlass org/mule/contribution/internal/lsp/ui/form/control/ValueProviderControlFactoryDelegate
instanceKlass org/mule/contribution/internal/lsp/ui/form/control/ChoiceWhenControlFactoryDelegate
instanceKlass org/mule/contribution/internal/lsp/ui/form/control/MetadataKeyControlFactoryDelegate
instanceKlass org/mule/contribution/internal/lsp/ui/form/control/ObjectControlFactoryDelegate
instanceKlass org/mule/contribution/internal/lsp/ui/form/control/UnionControlFactoryDelegate
instanceKlass org/mule/contribution/internal/lsp/ui/form/control/MimeTypeControlFactoryDelegate
instanceKlass org/mule/contribution/internal/lsp/ui/form/control/FileControlFactoryDelegate
instanceKlass org/mule/contribution/internal/lsp/ui/form/control/SelectControlFactoryDelegate
instanceKlass org/mule/contribution/internal/lsp/ui/form/control/ArrayControlFactoryDelegate
instanceKlass org/mule/contribution/internal/lsp/ui/form/control/FlowRefControlFactoryDelegate
instanceKlass org/mule/contribution/internal/lsp/ui/form/control/ConfigRefControlFactoryDelegate
instanceKlass org/mule/contribution/internal/lsp/ui/form/control/ControlFactoryDelegate
instanceKlass org/mule/contribution/internal/lsp/ui/form/component/DefaultErrorHandlerOptionsCalculatorFactory
instanceKlass org/mule/contribution/internal/lsp/ui/form/component/ErrorHandlerOptionsCalculatorFactory
instanceKlass org/mule/contribution/datasense/resolvers/DefaultValueProvidersResolver
instanceKlass org/mule/contribution/datasense/resolvers/ValueProvidersResolver
instanceKlass org/mule/contribution/internal/lsp/ui/form/component/DefaultValueProviderOptionsCalculatorFactory
instanceKlass org/mule/contribution/internal/lsp/ui/form/component/ValueProviderOptionsCalculatorFactory
instanceKlass org/mule/contribution/internal/lsp/ui/form/options/ValueProviderCache
instanceKlass org/mule/contribution/datasense/resolvers/DefaultMetadataKeysResolver
instanceKlass org/mule/contribution/datasense/resolvers/MetadataKeysResolver
instanceKlass org/mule/contribution/internal/lsp/ui/form/component/DefaultMetadataKeyOptionsCalculatorFactory
instanceKlass org/mule/contribution/internal/lsp/ui/form/component/MetadataKeyOptionsCalculatorFactory
instanceKlass org/mule/contribution/internal/lsp/ui/form/component/DefaultStereotypeBasedGlobalOptionsCalculatorFactory
instanceKlass org/mule/contribution/internal/lsp/ui/form/component/StereotypeBasedGlobalOptionsCalculatorFactory
instanceKlass org/mule/contribution/internal/lsp/ui/form/component/DefaultExternalDependencyConfigLoader
instanceKlass org/mule/contribution/internal/lsp/ui/form/component/ExternalDependencyConfigLoader
instanceKlass org/mule/contribution/internal/lsp/ui/form/action/RefreshValueProvidersHandler
instanceKlass org/mule/contribution/internal/lsp/ui/form/action/RefreshMetadataKeysHandler
instanceKlass org/mule/contribution/internal/lsp/ui/form/action/TestConnectionHandler
instanceKlass com/google/inject/multibindings/Multibinder
instanceKlass org/mule/contribution/internal/lsp/ui/form/ActionHandler
instanceKlass org/mule/contribution/internal/lsp/ui/form/DefaultActionExecutorDelegate
instanceKlass org/mule/contribution/internal/lsp/ui/form/ActionExecutorDelegate
instanceKlass org/mule/contribution/internal/lsp/ui/form/DefaultFormService
instanceKlass org/mule/contribution/api/lsp/ui/FormService
instanceKlass org/mule/contribution/internal/lsp/DefaultCanvasService
instanceKlass org/mule/dx/platform/api/event/DependencyModelChangedEventHandler
instanceKlass org/mule/tooling/client/api/Disposable
instanceKlass org/mule/contribution/ui/MuleConfigurationChangedEventHandler
instanceKlass org/mule/dx/platform/api/utils/eventbus/IEventHandler
instanceKlass org/mule/contribution/api/lsp/CanvasService
instanceKlass org/mule/contribution/internal/lsp/DefaultMuleConfigurationCache
instanceKlass org/mule/contribution/api/lsp/MuleConfigurationCache
instanceKlass org/mule/contribution/internal/lsp/DefaultCanvasModelGenerator
instanceKlass org/mule/contribution/api/lsp/CanvasModelGenerator
instanceKlass org/mule/contribution/runtime/model/DefaultToolingWorkspace
instanceKlass org/mule/contribution/runtime/model/ToolingWorkspace
instanceKlass org/mule/contribution/datasense/cache/DefaultDataweaveExpressionBuilderCache
instanceKlass org/mule/contribution/datasense/cache/DataweaveExpressionBuilderCache
instanceKlass org/mule/contribution/datasense/cache/DefaultMetadataPropagationCache
instanceKlass org/mule/contribution/datasense/cache/MetadataPropagationCache
instanceKlass org/mule/contribution/zip/DefaultZipService
instanceKlass org/mule/contribution/zip/ZipService
instanceKlass org/mule/contribution/zip/PomFileStrategy
instanceKlass org/mule/contribution/zip/InspectingStrategy
instanceKlass org/mule/contribution/datasense/resolvers/DefaultDataSenseResolver
instanceKlass org/mule/contribution/datasense/resolvers/DataSenseResolver
instanceKlass org/mule/contribution/expression/DefaultExpressionBuilderResolver
instanceKlass org/mule/contribution/expression/ExpressionBuilderResolver
instanceKlass org/mule/contribution/internal/DefaultResourceManager
instanceKlass org/mule/contribution/api/ResourceManager
instanceKlass org/mule/contribution/service/DefaultMuleClientProvider
instanceKlass org/mule/contribution/service/MuleClientProvider
instanceKlass org/mule/contribution/api/project/DefaultIntegrationProjectService
instanceKlass org/mule/contribution/api/project/IntegrationProjectService
instanceKlass org/mule/contribution/api/deploy/DefaultDeployToCloudHubService
instanceKlass org/mule/contribution/api/deploy/DeployToCloudHubService
instanceKlass org/mule/contribution/service/DefaultMuleService
instanceKlass org/mule/contribution/service/MuleService
instanceKlass org/mule/contribution/internal/DefaultArgumentsValidator
instanceKlass org/mule/contribution/runtime/ArgumentsValidator
instanceKlass org/mule/contribution/internal/LocalPackagingStrategy
instanceKlass org/mule/contribution/PackagingStrategy
instanceKlass org/mule/contribution/dap/deployment/DefaultDeploymentManager
instanceKlass org/mule/contribution/dap/deployment/DeploymentManager
instanceKlass org/mule/contribution/internal/LocalDeploymentStrategy
instanceKlass org/mule/contribution/DeploymentStrategy
instanceKlass org/mule/contribution/internal/runtime/DefaultMuleRuntimeManager
instanceKlass org/mule/contribution/api/runtime/MuleRuntimeManager
instanceKlass org/mule/contribution/internal/LocalRuntimeManager
instanceKlass org/mule/contribution/RuntimeManager
instanceKlass org/mule/contribution/dap/DebuggingSessionAware
instanceKlass com/google/inject/internal/ConstructionContext
instanceKlass org/aopalliance/intercept/MethodInterceptor
instanceKlass org/aopalliance/intercept/Interceptor
instanceKlass org/aopalliance/aop/Advice
instanceKlass com/google/inject/spi/ProvisionListener
instanceKlass com/google/inject/spi/TypeListener
instanceKlass com/google/inject/spi/Message
instanceKlass com/google/inject/spi/TypeConverter
instanceKlass com/google/inject/matcher/Matcher
instanceKlass com/google/inject/MembersInjector
instanceKlass com/google/inject/internal/ProviderMethodsModule$MethodAndAnnotation
instanceKlass com/google/inject/Exposed
instanceKlass com/google/inject/internal/aop/ImmutableStringTrie
instanceKlass java/util/function/ToIntFunction
instanceKlass org/mule/dx/contributions/MuleDxApikitComponentModule$$FastClassByGuice$$458078
instanceKlass com/google/inject/internal/aop/GeneratedClassDefiner
instanceKlass com/google/inject/internal/aop/UnsafeClassDefiner$ClassLoaderDefineClassHolder
instanceKlass com/google/inject/internal/asm/$Handler
instanceKlass com/google/inject/internal/asm/$Attribute
instanceKlass com/google/inject/internal/aop/BytecodeTasks
instanceKlass com/google/inject/internal/asm/$Handle
instanceKlass com/google/inject/internal/asm/$Label
instanceKlass com/google/inject/internal/asm/$Frame
instanceKlass com/google/inject/internal/asm/$ByteVector
instanceKlass com/google/inject/internal/asm/$Symbol
instanceKlass com/google/inject/internal/asm/$SymbolTable
instanceKlass com/google/inject/internal/asm/$FieldVisitor
instanceKlass com/google/inject/internal/asm/$MethodVisitor
instanceKlass com/google/inject/internal/asm/$AnnotationVisitor
instanceKlass com/google/inject/internal/asm/$ModuleVisitor
instanceKlass com/google/inject/internal/asm/$RecordComponentVisitor
instanceKlass com/google/inject/internal/asm/$ClassVisitor
instanceKlass com/google/inject/internal/aop/AbstractGlueGenerator
instanceKlass com/google/inject/internal/asm/$Type
instanceKlass jdk/internal/vm/annotation/ForceInline
instanceKlass com/google/inject/internal/aop/HiddenClassDefiner
instanceKlass java/lang/StackTraceElement$HashedModules
instanceKlass com/google/inject/internal/aop/AnonymousClassDefiner
instanceKlass com/google/inject/internal/aop/UnsafeClassDefiner
instanceKlass com/google/inject/internal/aop/ClassDefining$ClassDefinerHolder
instanceKlass com/google/inject/internal/aop/ClassDefiner
instanceKlass com/google/inject/internal/aop/ClassDefining
instanceKlass com/google/inject/internal/BytecodeGen$EnhancerBuilder
instanceKlass com/google/inject/internal/aop/ClassBuilding
instanceKlass com/google/common/collect/MapMakerInternalMap$WeakKeyStrongValueEntry$Helper
instanceKlass com/google/common/collect/MapMakerInternalMap$InternalEntry
instanceKlass com/google/common/collect/MapMakerInternalMap$1
instanceKlass com/google/common/collect/MapMakerInternalMap$InternalEntryHelper
instanceKlass com/google/common/collect/MapMakerInternalMap$WeakValueReference
instanceKlass com/google/common/collect/MapMaker
instanceKlass com/google/inject/internal/BytecodeGen
instanceKlass com/google/inject/spi/ProvidesMethodBinding
instanceKlass javax/inject/Named
instanceKlass com/google/inject/Key$AnnotationInstanceStrategy
instanceKlass com/google/inject/internal/RealElement
instanceKlass com/google/inject/internal/Element
instanceKlass com/google/inject/multibindings/MapBinderBinding
instanceKlass com/google/inject/internal/RealMapBinder$BindingSelection
instanceKlass com/google/inject/internal/SingleParameterInjector
instanceKlass com/google/inject/internal/MoreTypes$WildcardTypeImpl
instanceKlass com/google/inject/internal/InjectorImpl
instanceKlass com/google/inject/internal/Lookups
instanceKlass com/google/inject/internal/InternalContext
instanceKlass javax/inject/Inject
instanceKlass com/google/inject/internal/ProvisionListenerStackCallback
instanceKlass com/google/inject/spi/InjectionPoint$InjectableMembers
instanceKlass com/google/inject/multibindings/MultibinderBinding
instanceKlass com/google/inject/spi/ProviderWithExtensionVisitor
instanceKlass com/google/inject/internal/ProvisionListenerStackCallback$ProvisionCallback
instanceKlass com/google/inject/internal/InternalProviderInstanceBindingImpl$Factory
instanceKlass com/google/inject/internal/RealMultibinder$BindingSelection
instanceKlass com/google/inject/internal/RealMultibinder
instanceKlass com/google/inject/internal/MoreTypes$ParameterizedTypeImpl
instanceKlass com/google/inject/internal/MoreTypes$CompositeType
instanceKlass com/google/inject/util/Types
instanceKlass com/google/inject/internal/RealMapBinder
instanceKlass com/google/inject/internal/ProvidesMethodScanner$TypeAndValue
instanceKlass com/google/inject/internal/ProvidesMethodScanner$AnnotationOrError
instanceKlass com/google/common/cache/LocalCache$StrongValueReference
instanceKlass com/google/common/util/concurrent/AbstractFuture$Failure
instanceKlass com/google/common/util/concurrent/AbstractFuture$Cancellation
instanceKlass com/google/common/util/concurrent/AbstractFuture$SetFuture
instanceKlass com/google/common/util/concurrent/Uninterruptibles
instanceKlass com/google/common/util/concurrent/AbstractFuture$Waiter
instanceKlass com/google/common/util/concurrent/AbstractFuture$Listener
instanceKlass com/google/common/util/concurrent/AbstractFuture$UnsafeAtomicHelper$1
instanceKlass sun/misc/Unsafe
instanceKlass com/google/common/util/concurrent/AbstractFuture$AtomicHelper
instanceKlass com/google/common/util/concurrent/internal/InternalFutureFailureAccess
instanceKlass com/google/common/util/concurrent/AbstractFuture$Trusted
instanceKlass com/google/common/util/concurrent/ListenableFuture
instanceKlass com/google/common/collect/ObjectArrays
instanceKlass com/google/inject/spi/Dependency
instanceKlass com/google/inject/internal/Nullability
instanceKlass javax/inject/Qualifier
instanceKlass com/google/inject/BindingAnnotation
instanceKlass javax/inject/Scope
instanceKlass com/google/inject/ScopeAnnotation
instanceKlass com/google/inject/internal/Annotations$AnnotationChecker
instanceKlass com/google/inject/internal/Annotations$TestAnnotation
instanceKlass com/google/inject/internal/Annotations$AnnotationToStringConfig
instanceKlass com/google/common/base/Joiner$MapJoiner
instanceKlass com/google/common/base/Joiner
instanceKlass com/google/inject/internal/Annotations
instanceKlass com/google/inject/internal/KotlinSupport$KotlinUnsupported
instanceKlass com/google/inject/internal/KotlinSupport$KotlinSupportHolder
instanceKlass com/google/inject/internal/KotlinSupportInterface
instanceKlass com/google/inject/internal/KotlinSupport
instanceKlass com/google/inject/spi/InjectionPoint$InjectableMember
instanceKlass com/google/inject/spi/InjectionPoint
instanceKlass com/google/inject/multibindings/MapKey
instanceKlass com/google/inject/multibindings/StringMapKey
instanceKlass com/google/inject/Inject
instanceKlass org/mule/dx/platform/api/protocol/ProtocolHandler
instanceKlass org/mule/dx/contributions/jsonrpc/ApikitServiceImpl
instanceKlass org/mule/dx/contributions/jsonrpc/ApikitService
instanceKlass org/mule/dx/platform/api/protocol/ClientAware
instanceKlass org/mule/dx/contributions/scaffolding/ScaffoldingServiceImpl
instanceKlass com/google/inject/internal/Scoping
instanceKlass com/google/inject/internal/InternalFactory
instanceKlass com/google/inject/internal/InternalFlags$1
instanceKlass com/google/inject/internal/InternalFlags
instanceKlass com/google/inject/spi/ProviderKeyBinding
instanceKlass com/google/inject/spi/ProviderInstanceBinding
instanceKlass com/google/inject/internal/DelayedInitialize
instanceKlass com/google/inject/spi/ConstructorBinding
instanceKlass com/google/inject/spi/InstanceBinding
instanceKlass com/google/inject/spi/HasDependencies
instanceKlass com/google/inject/spi/LinkedKeyBinding
instanceKlass com/google/inject/spi/UntargettedBinding
instanceKlass com/google/inject/internal/BindingImpl
instanceKlass com/google/inject/Key$AnnotationStrategy
instanceKlass com/google/inject/Key
instanceKlass org/mule/dx/contributions/jsonrpc/ScaffoldingService
instanceKlass com/google/inject/RestrictedBindingSource$Permit
instanceKlass com/google/inject/util/Modules$EmptyModule
instanceKlass com/google/inject/util/Modules$OverriddenModuleBuilder
instanceKlass com/google/inject/util/Modules
instanceKlass java/util/stream/Nodes$ArrayNode
instanceKlass com/google/common/collect/Ordering
instanceKlass com/google/inject/internal/DeclaredMembers
instanceKlass com/google/common/base/ExtraObjectsMethodsForWeb
instanceKlass com/google/common/collect/ImmutableMap$Builder
instanceKlass com/google/inject/internal/MoreTypes
instanceKlass com/google/inject/multibindings/ProvidesIntoOptional
instanceKlass com/google/inject/multibindings/ProvidesIntoMap
instanceKlass com/google/inject/multibindings/ProvidesIntoSet
instanceKlass com/google/inject/Provides
instanceKlass com/google/inject/spi/ModuleAnnotatedMethodScanner
instanceKlass javax/inject/Singleton
instanceKlass com/google/inject/spi/ElementSource
instanceKlass com/google/inject/spi/ScopeBinding
instanceKlass com/google/inject/Scopes$2
instanceKlass com/google/inject/Scopes$1
instanceKlass com/google/inject/Provider
instanceKlass javax/inject/Provider
instanceKlass com/google/inject/internal/SingletonScope
instanceKlass com/google/inject/spi/BindingScopingVisitor
instanceKlass com/google/inject/Scope
instanceKlass com/google/inject/Scopes
instanceKlass com/google/inject/Singleton
instanceKlass com/google/inject/spi/Elements$ModuleInfo
instanceKlass com/google/inject/PrivateModule
instanceKlass java/util/stream/Streams$2
instanceKlass java/util/stream/Streams$ConcatSpliterator
instanceKlass sun/reflect/annotation/AnnotatedTypeFactory$AnnotatedTypeBaseImpl
instanceKlass java/lang/reflect/AnnotatedType
instanceKlass sun/reflect/annotation/AnnotatedTypeFactory
instanceKlass sun/reflect/annotation/TypeAnnotation$LocationInfo$Location
instanceKlass sun/reflect/annotation/TypeAnnotation$LocationInfo
instanceKlass sun/reflect/annotation/TypeAnnotation
instanceKlass sun/reflect/annotation/TypeAnnotationParser
instanceKlass com/google/inject/RestrictedBindingSource
instanceKlass com/google/inject/spi/BindingSourceRestriction
instanceKlass com/google/inject/spi/ModuleSource
instanceKlass com/google/inject/internal/ProviderMethodsModule
instanceKlass com/google/inject/spi/BindingSourceRestriction$PermitMapConstruction$PermitMapImpl
instanceKlass com/google/inject/spi/BindingSourceRestriction$PermitMap
instanceKlass com/google/inject/spi/BindingSourceRestriction$PermitMapConstruction
instanceKlass com/google/common/collect/Hashing
instanceKlass com/google/common/math/IntMath$1
instanceKlass com/google/common/math/MathPreconditions
instanceKlass com/google/common/math/IntMath
instanceKlass com/google/inject/internal/AbstractBindingBuilder
instanceKlass com/google/inject/binder/ConstantBindingBuilder
instanceKlass com/google/inject/binder/AnnotatedElementBuilder
instanceKlass com/google/inject/binder/AnnotatedConstantBindingBuilder
instanceKlass com/google/inject/binder/AnnotatedBindingBuilder
instanceKlass com/google/inject/binder/LinkedBindingBuilder
instanceKlass com/google/inject/binder/ScopedBindingBuilder
instanceKlass com/google/inject/spi/Elements$RecordingBinder
instanceKlass com/google/inject/PrivateBinder
instanceKlass com/google/inject/Binding
instanceKlass com/google/inject/spi/DefaultBindingTargetVisitor
instanceKlass com/google/inject/Binder
instanceKlass com/google/inject/spi/BindingTargetVisitor
instanceKlass com/google/inject/spi/Elements
instanceKlass com/google/inject/internal/InjectorShell$RootModule
instanceKlass com/google/common/collect/ListMultimap
instanceKlass com/google/inject/internal/InjectorBindingData
instanceKlass java/util/concurrent/atomic/AtomicReferenceArray
instanceKlass com/google/common/cache/LocalCache$LoadingValueReference
instanceKlass com/google/common/cache/Weigher
instanceKlass com/google/common/base/Predicate
instanceKlass com/google/common/base/Equivalence
instanceKlass java/util/function/BiPredicate
instanceKlass com/google/common/base/MoreObjects
instanceKlass com/google/common/cache/LocalCache$1
instanceKlass com/google/common/cache/ReferenceEntry
instanceKlass com/google/common/cache/CacheLoader
instanceKlass com/google/common/cache/LocalCache$LocalManualCache
instanceKlass com/google/common/cache/RemovalListener
instanceKlass com/google/common/cache/LocalCache$ValueReference
instanceKlass com/google/common/cache/CacheBuilder$2
instanceKlass com/google/common/cache/CacheStats
instanceKlass com/google/common/base/Suppliers$SupplierOfInstance
instanceKlass com/google/common/base/Suppliers
instanceKlass com/google/common/cache/CacheBuilder$1
instanceKlass com/google/common/cache/AbstractCache$StatsCounter
instanceKlass com/google/common/cache/LoadingCache
instanceKlass com/google/common/cache/Cache
instanceKlass com/google/common/base/Supplier
instanceKlass com/google/common/cache/CacheBuilder
instanceKlass com/google/inject/internal/WeakKeySet
instanceKlass com/google/common/collect/Sets
instanceKlass com/google/inject/internal/InjectorJitBindingData
instanceKlass com/google/inject/internal/ProcessedBindingData
instanceKlass com/google/inject/spi/Element
instanceKlass com/google/inject/spi/DefaultElementVisitor
instanceKlass com/google/inject/spi/ElementVisitor
instanceKlass com/google/inject/internal/InjectorShell$Builder
instanceKlass com/google/common/collect/Lists
instanceKlass com/google/common/collect/AbstractMapEntry
instanceKlass com/google/common/collect/LinkedHashMultimap$ValueSetLink
instanceKlass com/google/common/collect/CollectPreconditions
instanceKlass com/google/common/collect/Platform
instanceKlass com/google/common/collect/Multiset
instanceKlass com/google/common/collect/AbstractMultimap
instanceKlass com/google/common/collect/SetMultimap
instanceKlass com/google/common/collect/Maps$EntryTransformer
instanceKlass com/google/common/base/Converter
instanceKlass com/google/common/collect/BiMap
instanceKlass com/google/common/base/Function
instanceKlass com/google/common/collect/ImmutableMap
instanceKlass com/google/common/collect/SortedMapDifference
instanceKlass com/google/common/collect/MapDifference
instanceKlass com/google/common/collect/Maps
instanceKlass com/google/inject/internal/CycleDetectingLock
instanceKlass com/google/common/collect/Multimap
instanceKlass com/google/inject/internal/CycleDetectingLock$CycleDetectingLockFactory
instanceKlass com/google/inject/internal/Initializable
instanceKlass com/google/inject/internal/Initializer
instanceKlass com/google/common/collect/PeekingIterator
instanceKlass com/google/common/collect/UnmodifiableIterator
instanceKlass com/google/common/collect/Iterators
instanceKlass com/google/common/collect/ImmutableCollection$Builder
instanceKlass com/google/common/collect/ImmutableSet$SetBuilderImpl
instanceKlass com/google/inject/internal/util/SourceProvider
instanceKlass com/google/inject/spi/ErrorDetail
instanceKlass com/google/inject/internal/Errors
instanceKlass java/util/concurrent/TimeUnit$1
instanceKlass com/google/inject/internal/util/ContinuousStopwatch
instanceKlass com/google/inject/internal/InternalInjectorCreator
instanceKlass com/google/inject/Guice
instanceKlass org/mule/dx/platform/internal/os/OsModuleFilter$1
instanceKlass org/mule/dx/platform/api/MavenClientFactory
instanceKlass org/mule/maven/client/api/MavenClient
instanceKlass org/mule/dx/platform/api/maven/MavenDependencyModelBuilder
instanceKlass org/mule/dx/platform/api/utils/eventbus/IEventBus
instanceKlass com/google/inject/TypeLiteral
instanceKlass com/mule/api/contribution/api/governance/ruleset/splitter/RulesetSplitter
instanceKlass org/mule/weave/extension/api/extension/indexer/IndexerExtension
instanceKlass org/mule/weave/extension/api/extension/WeaveProjectExtension
instanceKlass org/mule/contribution/runtime/instance/util/WrapperAndPIDFileResolver
instanceKlass org/mule/contribution/internal/utils/GrpcProtocolService
instanceKlass org/mule/tooling/integration/cache/api/DesignServiceCache
instanceKlass com/mule/api/contribution/common/Generated
instanceKlass org/mule/dx/platform/api/os/Windows
instanceKlass org/mule/dx/platform/api/os/Linux
instanceKlass org/mule/dx/platform/api/os/MacOS
instanceKlass org/pf4j/ExtensionWrapper
instanceKlass org/pf4j/ExtensionDescriptor
instanceKlass org/pf4j/Extension
instanceKlass java/io/FilePermissionCollection$1
instanceKlass java/net/URLClassLoader$1
instanceKlass org/pf4j/processor/ExtensionStorage
instanceKlass java/net/URLClassLoader$2
instanceKlass org/pf4j/PluginClassLoader$1
instanceKlass com/google/inject/AbstractModule
instanceKlass com/google/inject/Module
instanceKlass org/pf4j/ExtensionPoint
instanceKlass org/mule/dx/platform/internal/os/OsDetect
instanceKlass org/mule/dx/platform/internal/os/OsModuleFilter
instanceKlass org/mule/dx/platform/internal/InjectorFactory
instanceKlass com/github/zafarkhaja/semver/expr/GreaterOrEqual
instanceKlass com/github/zafarkhaja/semver/expr/CompositeExpression
instanceKlass com/github/zafarkhaja/semver/expr/CompositeExpression$Helper
instanceKlass com/github/zafarkhaja/semver/util/Stream$1
instanceKlass com/github/zafarkhaja/semver/expr/Lexer$Token
instanceKlass java/lang/invoke/MethodHandle$1
instanceKlass com/github/zafarkhaja/semver/expr/Lexer
instanceKlass com/github/zafarkhaja/semver/expr/Expression
instanceKlass com/github/zafarkhaja/semver/expr/ExpressionParser
instanceKlass com/github/zafarkhaja/semver/MetadataVersion
instanceKlass com/github/zafarkhaja/semver/NormalVersion
instanceKlass com/github/zafarkhaja/semver/util/Stream
instanceKlass com/github/zafarkhaja/semver/util/Stream$ElementType
instanceKlass com/github/zafarkhaja/semver/VersionParser
instanceKlass com/github/zafarkhaja/semver/Parser
instanceKlass com/github/zafarkhaja/semver/Version$BuildAwareOrder
instanceKlass com/github/zafarkhaja/semver/Version
instanceKlass org/pf4j/DependencyResolver$Result
instanceKlass org/pf4j/util/DirectedGraph
instanceKlass org/pf4j/PluginDependency
instanceKlass org/pf4j/PluginWrapper
instanceKlass org/pf4j/ClassLoadingStrategy
instanceKlass org/pf4j/util/StringUtils
instanceKlass org/pf4j/Plugin
instanceKlass org/pf4j/DefaultPluginDescriptor
instanceKlass sun/nio/ch/FileChannelImpl$Closer
instanceKlass sun/nio/ch/NativeDispatcher
instanceKlass sun/nio/ch/NativeThreadSet
instanceKlass java/util/stream/SortedOps
instanceKlass com/google/common/base/CommonPattern
instanceKlass com/google/common/base/Platform$JdkPatternCompiler
instanceKlass java/util/logging/Logger$SystemLoggerHelper$1
instanceKlass java/util/logging/Logger$SystemLoggerHelper
instanceKlass com/google/common/base/PatternCompiler
instanceKlass com/google/common/base/Platform
instanceKlass com/google/common/base/Preconditions
instanceKlass com/google/common/base/Ticker
instanceKlass com/google/common/base/Stopwatch
instanceKlass org/pf4j/DependencyResolver
instanceKlass org/pf4j/DefaultVersionManager
instanceKlass org/pf4j/JarPluginLoader
instanceKlass org/pf4j/PluginClasspath
instanceKlass org/pf4j/BasePluginLoader
instanceKlass org/pf4j/CompoundPluginLoader
instanceKlass org/apache/logging/log4j/core/layout/ByteBufferDestinationHelper
instanceKlass org/apache/logging/log4j/core/layout/TextEncoderHelper
instanceKlass java/time/Instant
instanceKlass java/time/Clock
instanceKlass java/time/InstantSource
instanceKlass org/apache/logging/log4j/core/impl/ContextDataFactory
instanceKlass org/apache/logging/log4j/message/SimpleMessage
instanceKlass org/apache/logging/log4j/core/impl/MutableLogEvent
instanceKlass java/time/LocalDate
instanceKlass java/time/chrono/ChronoLocalDate
instanceKlass java/time/zone/ZoneOffsetTransition
instanceKlass java/time/LocalTime
instanceKlass java/time/LocalDateTime
instanceKlass java/time/chrono/ChronoLocalDateTime
instanceKlass java/time/temporal/TemporalAdjuster
instanceKlass java/time/temporal/Temporal
instanceKlass java/time/zone/ZoneOffsetTransitionRule
instanceKlass java/time/zone/ZoneRules
instanceKlass java/time/zone/Ser
instanceKlass java/io/Externalizable
instanceKlass java/time/zone/ZoneRulesProvider$1
instanceKlass java/time/zone/ZoneRulesProvider
instanceKlass java/time/Period
instanceKlass java/time/chrono/ChronoPeriod
instanceKlass java/time/format/DateTimeFormatterBuilder$TextPrinterParser
instanceKlass java/time/format/DateTimeTextProvider$1
instanceKlass java/time/format/DateTimeTextProvider
instanceKlass java/time/format/DateTimeTextProvider$LocaleStore
instanceKlass java/time/format/DateTimeFormatterBuilder$InstantPrinterParser
instanceKlass java/time/format/DateTimeFormatterBuilder$StringLiteralPrinterParser
instanceKlass java/time/format/DateTimeFormatterBuilder$ZoneIdPrinterParser
instanceKlass java/time/format/DateTimeFormatterBuilder$OffsetIdPrinterParser
instanceKlass java/time/format/DecimalStyle
instanceKlass java/time/format/DateTimeFormatterBuilder$CompositePrinterParser
instanceKlass java/time/chrono/AbstractChronology
instanceKlass java/time/chrono/Chronology
instanceKlass java/time/format/DateTimeFormatterBuilder$CharLiteralPrinterParser
instanceKlass java/time/format/DateTimeFormatterBuilder$NumberPrinterParser
instanceKlass java/time/format/DateTimeFormatterBuilder$DateTimePrinterParser
instanceKlass java/time/temporal/JulianFields
instanceKlass java/time/temporal/IsoFields
instanceKlass java/time/temporal/ValueRange
instanceKlass java/time/temporal/TemporalUnit
instanceKlass java/time/temporal/TemporalField
instanceKlass java/time/ZoneId
instanceKlass java/time/temporal/TemporalQuery
instanceKlass java/time/format/DateTimeFormatterBuilder
instanceKlass java/time/format/DateTimeFormatter
instanceKlass org/apache/logging/log4j/message/ParameterFormatter
instanceKlass org/apache/logging/log4j/message/ReusableParameterizedMessage
instanceKlass org/apache/logging/log4j/message/Clearable
instanceKlass org/apache/logging/log4j/message/ParameterVisitable
instanceKlass org/apache/logging/log4j/message/ReusableMessage
instanceKlass java/nio/file/FileVisitor
instanceKlass org/pf4j/util/FileUtils
instanceKlass sun/nio/fs/WindowsPath$1
instanceKlass org/pf4j/DefaultPluginStatusProvider
instanceKlass org/pf4j/AbstractExtensionFinder
instanceKlass org/pf4j/DefaultExtensionFinder
instanceKlass org/pf4j/PluginDescriptor
instanceKlass org/pf4j/ManifestPluginDescriptorFinder
instanceKlass org/pf4j/CompoundPluginDescriptorFinder
instanceKlass org/pf4j/DefaultExtensionFactory
instanceKlass org/pf4j/DefaultPluginFactory
instanceKlass org/pf4j/util/ExtensionFileFilter
instanceKlass java/util/function/BooleanSupplier
instanceKlass org/pf4j/util/NameFileFilter
instanceKlass org/pf4j/util/HiddenFilter
instanceKlass org/pf4j/util/OrFileFilter
instanceKlass org/pf4j/util/NotFileFilter
instanceKlass org/pf4j/util/DirectoryFileFilter
instanceKlass org/pf4j/util/AndFileFilter
instanceKlass java/util/function/ToLongFunction
instanceKlass java/io/FileFilter
instanceKlass org/pf4j/BasePluginRepository
instanceKlass org/pf4j/CompoundPluginRepository
instanceKlass org/pf4j/PluginLoader
instanceKlass org/pf4j/VersionManager
instanceKlass org/pf4j/PluginRepository
instanceKlass org/pf4j/ExtensionFactory
instanceKlass org/pf4j/ExtensionFinder
instanceKlass org/pf4j/PluginDescriptorFinder
instanceKlass org/pf4j/PluginStatusProvider
instanceKlass org/pf4j/PluginFactory
instanceKlass org/pf4j/PluginStateListener
instanceKlass org/pf4j/AbstractPluginManager
instanceKlass org/mule/dx/platform/internal/PluginManagerFactory
instanceKlass sun/nio/fs/WindowsDirectoryStream
instanceKlass java/nio/file/DirectoryStream
instanceKlass sun/nio/fs/WindowsChannelFactory$Flags
instanceKlass sun/nio/fs/WindowsChannelFactory$1
instanceKlass sun/nio/fs/WindowsChannelFactory
instanceKlass org/apache/logging/log4j/core/util/NameUtil
instanceKlass org/apache/logging/log4j/core/Logger$PrivateConfig
instanceKlass org/slf4j/spi/LoggingEventBuilder
instanceKlass org/apache/logging/slf4j/Log4jLogger
instanceKlass org/slf4j/spi/LocationAwareLogger
instanceKlass org/apache/logging/log4j/core/util/DefaultShutdownCallbackRegistry$RegisteredCancellable
instanceKlass org/apache/logging/log4j/core/LoggerContext$1
instanceKlass org/apache/logging/log4j/core/util/ExecutorServices
instanceKlass org/apache/logging/log4j/core/impl/Log4jLogEvent
instanceKlass org/apache/logging/log4j/core/jmx/AppenderAdmin
instanceKlass org/apache/logging/log4j/core/jmx/AppenderAdminMBean
instanceKlass org/apache/logging/log4j/core/jmx/LoggerConfigAdmin
instanceKlass org/apache/logging/log4j/core/jmx/LoggerConfigAdminMBean
instanceKlass org/apache/logging/log4j/core/jmx/ContextSelectorAdmin
instanceKlass org/apache/logging/log4j/core/jmx/ContextSelectorAdminMBean
instanceKlass org/apache/logging/log4j/status/StatusData
instanceKlass org/apache/logging/log4j/core/jmx/StatusLoggerAdminMBean
instanceKlass java/beans/PropertyChangeListener
instanceKlass org/apache/logging/log4j/core/jmx/LoggerContextAdminMBean
instanceKlass com/sun/jmx/mbeanserver/Repository$ObjectNamePattern
instanceKlass java/time/Duration
instanceKlass java/time/temporal/TemporalAmount
instanceKlass jdk/management/jfr/FlightRecorderMXBeanImpl$MXBeanListener
instanceKlass jdk/jfr/FlightRecorderListener
instanceKlass jdk/jfr/FlightRecorder
instanceKlass jdk/jfr/Recording
instanceKlass javax/management/NotificationFilter
instanceKlass javax/management/NotificationListener
instanceKlass javax/management/StandardMBean$MBeanInfoSafeAction
instanceKlass jdk/jfr/internal/management/StreamManager
instanceKlass jdk/management/jfr/EventTypeInfo
instanceKlass jdk/management/jfr/ConfigurationInfo
instanceKlass jdk/management/jfr/RecordingInfo
instanceKlass sun/reflect/generics/tree/VoidDescriptor
instanceKlass sun/reflect/generics/tree/LongSignature
instanceKlass jdk/management/jfr/SettingDescriptorInfo$1
instanceKlass jdk/management/jfr/SettingDescriptorInfo
instanceKlass sun/management/ManagementFactoryHelper$1
instanceKlass java/lang/management/BufferPoolMXBean
instanceKlass sun/nio/ch/FileChannelImpl$2
instanceKlass sun/nio/ch/FileChannelImpl$1
instanceKlass sun/nio/ch/IOUtil
instanceKlass java/nio/channels/spi/AbstractInterruptibleChannel
instanceKlass java/nio/channels/InterruptibleChannel
instanceKlass java/nio/channels/ScatteringByteChannel
instanceKlass java/nio/channels/GatheringByteChannel
instanceKlass java/nio/channels/SeekableByteChannel
instanceKlass java/nio/channels/ByteChannel
instanceKlass java/nio/channels/WritableByteChannel
instanceKlass java/nio/channels/ReadableByteChannel
instanceKlass java/nio/channels/Channel
instanceKlass jdk/internal/misc/VM$BufferPoolsHolder
instanceKlass com/sun/management/VMOption
instanceKlass com/sun/management/internal/HotSpotDiagnostic
instanceKlass com/sun/management/HotSpotDiagnosticMXBean
instanceKlass com/sun/management/GcInfo
instanceKlass javax/management/openmbean/CompositeDataView
instanceKlass java/util/stream/AbstractSpinedBuffer
instanceKlass java/util/stream/Node$Builder
instanceKlass java/util/stream/Node$OfDouble
instanceKlass java/util/stream/Node$OfLong
instanceKlass java/util/stream/Node$OfInt
instanceKlass java/util/stream/Node$OfPrimitive
instanceKlass java/util/stream/Nodes$EmptyNode
instanceKlass java/util/stream/Node
instanceKlass java/util/stream/Nodes
instanceKlass java/util/function/IntFunction
instanceKlass java/lang/StringLatin1$LinesSpliterator
instanceKlass java/util/Formattable
instanceKlass com/sun/management/internal/DiagnosticCommandImpl$Wrapper
instanceKlass jdk/jfr/internal/dcmd/AbstractDCmd
instanceKlass com/sun/management/internal/DiagnosticCommandArgumentInfo
instanceKlass com/sun/management/internal/DiagnosticCommandInfo
instanceKlass com/sun/management/internal/DiagnosticCommandImpl$OperationInfoComparator
instanceKlass sun/management/ClassLoadingImpl
instanceKlass java/lang/management/ClassLoadingMXBean
instanceKlass javax/management/MBeanInfo$ArrayGettersSafeAction
instanceKlass javax/management/openmbean/OpenMBeanOperationInfo
instanceKlass java/util/logging/LogManager$4
instanceKlass jdk/internal/logger/BootstrapLogger$BootstrapExecutors
instanceKlass sun/security/util/SecurityConstants
instanceKlass jdk/internal/logger/LoggerFinderLoader
instanceKlass java/util/stream/Streams
instanceKlass java/util/stream/Stream$Builder
instanceKlass java/util/stream/Streams$AbstractStreamBuilderImpl
instanceKlass java/util/Hashtable$Enumerator
instanceKlass java/util/Collections$3
instanceKlass java/util/logging/LogManager$LoggerContext$1
instanceKlass java/util/logging/LogManager$VisitedLoggers
instanceKlass java/util/logging/Logger$ConfigurationData
instanceKlass java/util/logging/Logger$LoggerBundle
instanceKlass java/util/logging/Handler
instanceKlass java/util/logging/LogManager$2
instanceKlass java/util/logging/Logging
instanceKlass java/util/logging/LogManager$LoggingProviderAccess
instanceKlass java/util/Collections$SynchronizedMap
instanceKlass java/util/logging/LogManager$LogNode
instanceKlass java/util/logging/LogManager$LoggerContext
instanceKlass java/util/logging/LogManager$1
instanceKlass java/util/logging/Level
instanceKlass java/util/logging/LoggingMXBean
instanceKlass java/util/logging/Logger
instanceKlass sun/management/ManagementFactoryHelper$PlatformLoggingImpl
instanceKlass java/lang/management/PlatformLoggingMXBean
instanceKlass sun/management/CompilationImpl
instanceKlass java/lang/management/CompilationMXBean
instanceKlass sun/management/VMManagementImpl$1
instanceKlass java/lang/management/MemoryUsage
instanceKlass sun/management/Sensor
instanceKlass sun/management/MemoryPoolImpl
instanceKlass java/lang/management/MemoryPoolMXBean
instanceKlass com/sun/management/GarbageCollectorMXBean
instanceKlass java/lang/management/GarbageCollectorMXBean
instanceKlass java/lang/management/MemoryManagerMXBean
instanceKlass java/lang/management/MemoryMXBean
instanceKlass javax/management/DescriptorKey
instanceKlass sun/management/BaseOperatingSystemImpl
instanceKlass com/sun/management/OperatingSystemMXBean
instanceKlass java/lang/management/OperatingSystemMXBean
instanceKlass com/sun/jmx/mbeanserver/PerInterface$MethodAndSig
instanceKlass java/lang/management/LockInfo
instanceKlass java/lang/management/ThreadInfo
instanceKlass sun/management/ThreadImpl
instanceKlass com/sun/management/ThreadMXBean
instanceKlass java/lang/management/ThreadMXBean
instanceKlass com/sun/jmx/mbeanserver/WeakIdentityHashMap
instanceKlass com/sun/jmx/mbeanserver/MXBeanLookup
instanceKlass com/sun/jmx/mbeanserver/PerInterface$InitMaps
instanceKlass com/sun/jmx/mbeanserver/PerInterface
instanceKlass javax/management/openmbean/OpenMBeanAttributeInfo
instanceKlass javax/management/openmbean/OpenMBeanParameterInfo
instanceKlass com/sun/jmx/mbeanserver/MBeanIntrospector$MBeanInfoMaker
instanceKlass com/sun/jmx/mbeanserver/MBeanAnalyzer$MBeanVisitor
instanceKlass sun/reflect/generics/tree/TypeVariableSignature
instanceKlass sun/reflect/generics/tree/MethodTypeSignature
instanceKlass com/sun/jmx/mbeanserver/MBeanAnalyzer$AttrMethods
instanceKlass com/sun/jmx/mbeanserver/MXBeanMapping
instanceKlass javax/management/openmbean/TabularData
instanceKlass javax/management/openmbean/CompositeData
instanceKlass javax/management/openmbean/OpenType
instanceKlass com/sun/jmx/mbeanserver/MXBeanMappingFactory
instanceKlass com/sun/jmx/mbeanserver/ConvertingMethod
instanceKlass com/sun/jmx/mbeanserver/MBeanAnalyzer$MethodOrder
instanceKlass com/sun/jmx/mbeanserver/MBeanAnalyzer
instanceKlass com/sun/jmx/mbeanserver/MBeanIntrospector
instanceKlass javax/management/MXBean
instanceKlass com/sun/jmx/mbeanserver/MBeanSupport
instanceKlass com/sun/jmx/mbeanserver/DescriptorCache
instanceKlass javax/management/JMX
instanceKlass javax/management/StandardMBean
instanceKlass java/util/AbstractMap$SimpleImmutableEntry
instanceKlass com/sun/jmx/mbeanserver/JmxMBeanServer$3
instanceKlass javax/management/ObjectInstance
instanceKlass com/sun/jmx/mbeanserver/NamedObject
instanceKlass com/sun/jmx/interceptor/DefaultMBeanServerInterceptor$ResourceContext$1
instanceKlass com/sun/jmx/interceptor/DefaultMBeanServerInterceptor$ResourceContext
instanceKlass com/sun/jmx/mbeanserver/Repository$RegistrationContext
instanceKlass com/sun/jmx/mbeanserver/DynamicMBean2
instanceKlass sun/util/logging/PlatformLogger
instanceKlass sun/util/logging/PlatformLogger$ConfigurableBridge$LoggerConfiguration
instanceKlass jdk/internal/logger/BootstrapLogger$RedirectedLoggers
instanceKlass com/sun/jmx/defaults/JmxProperties
instanceKlass com/sun/jmx/mbeanserver/Introspector
instanceKlass com/sun/jmx/mbeanserver/JmxMBeanServer$2
instanceKlass com/sun/jmx/interceptor/DefaultMBeanServerInterceptor
instanceKlass com/sun/jmx/interceptor/MBeanServerInterceptor
instanceKlass com/sun/jmx/mbeanserver/Repository
instanceKlass com/sun/jmx/mbeanserver/JmxMBeanServer$1
instanceKlass com/sun/jmx/mbeanserver/SecureClassLoaderRepository
instanceKlass com/sun/jmx/mbeanserver/MBeanInstantiator
instanceKlass com/sun/jmx/mbeanserver/ClassLoaderRepositorySupport$LoaderEntry
instanceKlass com/sun/jmx/mbeanserver/ClassLoaderRepositorySupport
instanceKlass com/sun/jmx/mbeanserver/ModifiableClassLoaderRepository
instanceKlass javax/management/loading/ClassLoaderRepository
instanceKlass javax/management/ImmutableDescriptor
instanceKlass javax/management/Descriptor
instanceKlass jdk/internal/logger/LazyLoggers$LazyLoggerAccessor
instanceKlass jdk/internal/logger/LazyLoggers$LoggerAccessor
instanceKlass jdk/internal/logger/AbstractLoggerWrapper
instanceKlass sun/util/logging/internal/LoggingProviderImpl$LogManagerAccess
instanceKlass jdk/internal/logger/BootstrapLogger$DetectBackend$1
instanceKlass jdk/internal/logger/BootstrapLogger$DetectBackend
instanceKlass jdk/internal/logger/BootstrapLogger
instanceKlass sun/util/logging/PlatformLogger$ConfigurableBridge
instanceKlass sun/util/logging/PlatformLogger$Bridge
instanceKlass jdk/internal/logger/DefaultLoggerFinder$1
instanceKlass java/lang/System$LoggerFinder
instanceKlass jdk/internal/logger/LazyLoggers$LazyLoggerFactories
instanceKlass jdk/internal/logger/LazyLoggers$1
instanceKlass jdk/internal/logger/LazyLoggers
instanceKlass com/sun/jmx/remote/util/ClassLogger
instanceKlass java/lang/System$Logger
instanceKlass javax/management/NotificationBroadcasterSupport$1
instanceKlass javax/management/NotificationBroadcasterSupport
instanceKlass java/util/ComparableTimSort
instanceKlass javax/management/ObjectName$Property
instanceKlass javax/management/ObjectName
instanceKlass javax/management/QueryExp
instanceKlass com/sun/jmx/mbeanserver/Util
instanceKlass javax/management/MBeanInfo
instanceKlass javax/management/MBeanFeatureInfo
instanceKlass javax/management/DescriptorRead
instanceKlass javax/management/MBeanServerDelegate
instanceKlass javax/management/MBeanServerDelegateMBean
instanceKlass javax/management/MBeanRegistration
instanceKlass com/sun/jmx/mbeanserver/JmxMBeanServer
instanceKlass com/sun/jmx/mbeanserver/SunJmxMBeanServer
instanceKlass javax/management/MBeanServer
instanceKlass javax/management/MBeanServerConnection
instanceKlass javax/management/MBeanServerBuilder
instanceKlass com/sun/jmx/mbeanserver/GetPropertyAction
instanceKlass javax/management/MBeanServerFactory
instanceKlass java/util/concurrent/ThreadPoolExecutor$AbortPolicy
instanceKlass java/util/concurrent/RejectedExecutionHandler
instanceKlass java/util/concurrent/AbstractExecutorService
instanceKlass org/apache/logging/log4j/core/util/Log4jThreadFactory
instanceKlass org/apache/logging/log4j/core/jmx/Server
instanceKlass java/util/EventObject
instanceKlass org/apache/logging/log4j/core/config/Loggers
instanceKlass java/util/concurrent/atomic/AtomicBoolean
instanceKlass org/apache/logging/log4j/core/config/AwaitCompletionReliabilityStrategy
instanceKlass org/apache/logging/log4j/core/config/ReliabilityStrategyFactory
instanceKlass org/apache/logging/log4j/core/config/LoggerConfig$LevelAndRefs
instanceKlass java/lang/Deprecated
instanceKlass org/apache/logging/log4j/core/config/LoggerConfig$RootLogger$Builder
instanceKlass java/lang/Byte$ByteCache
instanceKlass java/lang/Short$ShortCache
instanceKlass org/apache/logging/log4j/core/config/plugins/PluginAttribute
instanceKlass org/apache/logging/log4j/core/config/plugins/PluginFactory
instanceKlass sun/nio/fs/WindowsSecurityDescriptor
instanceKlass java/nio/file/attribute/FileAttribute
instanceKlass org/apache/logging/log4j/core/appender/ConfigurationFactoryData
instanceKlass org/apache/logging/log4j/core/appender/FileManager$FileManagerFactory
instanceKlass org/apache/logging/log4j/core/lookup/DefaultLookupResult
instanceKlass org/apache/logging/log4j/core/util/Assert
instanceKlass org/apache/logging/log4j/core/config/plugins/validation/validators/RequiredValidator
instanceKlass org/apache/logging/log4j/core/config/plugins/validation/ConstraintValidator
instanceKlass org/apache/logging/log4j/util/EnglishEnums
instanceKlass org/apache/logging/log4j/core/config/plugins/convert/EnumConverter
instanceKlass org/apache/logging/log4j/core/config/plugins/validation/constraints/Required
instanceKlass org/apache/logging/log4j/core/filter/AbstractFilterable$Builder
instanceKlass org/apache/logging/log4j/core/util/datetime/FastDateParser$StrategyAndWidth
instanceKlass org/apache/logging/log4j/core/util/datetime/FastDateParser$StrategyParser
instanceKlass sun/util/locale/Extension
instanceKlass java/lang/Character$CharacterCache
instanceKlass sun/util/locale/LocaleExtensions
instanceKlass org/apache/logging/log4j/core/util/datetime/FastDateParser$Strategy
instanceKlass org/apache/logging/log4j/core/util/datetime/FastDateParser
instanceKlass org/apache/logging/log4j/core/util/datetime/FastDatePrinter$TwoDigitNumberField
instanceKlass org/apache/logging/log4j/core/util/datetime/FastDatePrinter$TwoDigitMonthField
instanceKlass org/apache/logging/log4j/core/util/datetime/FastDatePrinter$CharacterLiteral
instanceKlass org/apache/logging/log4j/core/util/datetime/FastDatePrinter$PaddedNumberField
instanceKlass sun/util/resources/Bundles$2
instanceKlass java/util/ArrayList$SubList$1
instanceKlass sun/util/resources/LocaleData$LocaleDataResourceBundleProvider
instanceKlass java/util/spi/ResourceBundleProvider
instanceKlass java/text/DateFormatSymbols
instanceKlass org/apache/logging/log4j/core/util/datetime/FastDatePrinter$NumberRule
instanceKlass org/apache/logging/log4j/core/util/datetime/FastDatePrinter$Rule
instanceKlass org/apache/logging/log4j/core/util/datetime/FastDatePrinter
instanceKlass org/apache/logging/log4j/core/util/datetime/FormatCache$MultipartKey
instanceKlass org/apache/logging/log4j/core/util/datetime/FormatCache
instanceKlass org/apache/logging/log4j/core/util/datetime/Format
instanceKlass org/apache/logging/log4j/core/util/datetime/DatePrinter
instanceKlass org/apache/logging/log4j/core/util/datetime/DateParser
instanceKlass org/apache/logging/log4j/core/config/plugins/validation/Constraint
instanceKlass org/apache/logging/log4j/core/config/plugins/validation/ConstraintValidators
instanceKlass org/apache/logging/log4j/core/config/plugins/PluginConfiguration
instanceKlass org/apache/logging/log4j/core/config/plugins/PluginElement
instanceKlass jdk/internal/reflect/UnsafeFieldAccessorFactory
instanceKlass org/apache/logging/log4j/util/StringBuilders
instanceKlass org/apache/logging/log4j/core/appender/rolling/action/Duration
instanceKlass org/apache/logging/log4j/core/util/CronExpression
instanceKlass java/lang/reflect/WildcardType
instanceKlass sun/reflect/generics/tree/Wildcard
instanceKlass sun/reflect/generics/tree/BottomSignature
instanceKlass sun/reflect/generics/tree/CharSignature
instanceKlass sun/reflect/generics/tree/ArrayTypeSignature
instanceKlass sun/reflect/generics/tree/ByteSignature
instanceKlass sun/reflect/generics/reflectiveObjects/LazyReflectiveObjectGenerator
instanceKlass sun/reflect/generics/reflectiveObjects/ParameterizedTypeImpl
instanceKlass java/lang/reflect/ParameterizedType
instanceKlass sun/reflect/generics/tree/ClassSignature
instanceKlass sun/reflect/generics/tree/Signature
instanceKlass sun/reflect/generics/tree/FormalTypeParameter
instanceKlass java/lang/reflect/TypeVariable
instanceKlass sun/reflect/generics/repository/AbstractRepository
instanceKlass org/apache/logging/log4j/core/config/plugins/convert/TypeConverterRegistry
instanceKlass org/apache/logging/log4j/core/config/plugins/convert/TypeConverters
instanceKlass org/apache/logging/log4j/core/config/plugins/visitors/AbstractPluginVisitor
instanceKlass org/apache/logging/log4j/core/config/plugins/visitors/PluginVisitor
instanceKlass org/apache/logging/log4j/core/config/plugins/visitors/PluginVisitors
instanceKlass org/apache/logging/log4j/core/config/plugins/PluginVisitorStrategy
instanceKlass org/apache/logging/log4j/core/config/plugins/PluginBuilderAttribute
instanceKlass org/apache/logging/log4j/core/util/TypeUtil
instanceKlass org/apache/logging/log4j/core/config/plugins/PluginBuilderFactory
instanceKlass org/apache/logging/log4j/core/config/plugins/util/PluginBuilder
instanceKlass org/apache/logging/log4j/core/config/plugins/PluginAliases
instanceKlass org/apache/logging/log4j/core/config/Scheduled
instanceKlass com/sun/org/apache/xerces/internal/dom/CharacterDataImpl$1
instanceKlass org/w3c/dom/Text
instanceKlass org/w3c/dom/CharacterData
instanceKlass java/util/Formatter$FixedString
instanceKlass java/util/Formatter$Flags
instanceKlass java/util/Formatter$FormatSpecifier
instanceKlass java/util/Formatter$FormatString
instanceKlass java/util/Formatter$Conversion
instanceKlass java/util/regex/CharPredicates
instanceKlass java/util/Formatter
instanceKlass org/apache/logging/log4j/core/Version
instanceKlass java/net/InetAddress$CachedLocalHost
instanceKlass java/net/InetAddress$CachedAddresses
instanceKlass sun/net/InetAddressCachePolicy$2
instanceKlass sun/net/InetAddressCachePolicy$1
instanceKlass sun/net/InetAddressCachePolicy
instanceKlass java/net/Inet6Address$Inet6AddressHolder
instanceKlass java/net/InetAddress$NameServiceAddresses
instanceKlass java/net/InetAddress$Addresses
instanceKlass java/net/InetAddress$PlatformNameService
instanceKlass java/net/InetAddress$NameService
instanceKlass java/net/Inet6AddressImpl
instanceKlass java/net/InetAddressImpl
instanceKlass java/net/InetAddressImplFactory
instanceKlass java/net/InetAddress$InetAddressHolder
instanceKlass java/net/InetAddress$1
instanceKlass jdk/internal/access/JavaNetInetAddressAccess
instanceKlass java/net/InetAddress
instanceKlass org/apache/logging/log4j/core/util/NetUtils
instanceKlass java/util/concurrent/LinkedBlockingQueue$Itr
instanceKlass org/apache/logging/log4j/status/StatusConsoleListener
instanceKlass org/apache/logging/log4j/status/StatusListener
instanceKlass java/util/EventListener
instanceKlass org/apache/logging/log4j/core/config/status/StatusConfiguration
instanceKlass org/w3c/dom/Attr
instanceKlass com/sun/org/apache/xerces/internal/dom/NamedNodeMapImpl
instanceKlass org/w3c/dom/NamedNodeMap
instanceKlass com/sun/org/apache/xerces/internal/dom/DeferredDocumentImpl$RefCount
instanceKlass com/sun/org/apache/xerces/internal/dom/NodeListCache
instanceKlass org/w3c/dom/TypeInfo
instanceKlass org/w3c/dom/ElementTraversal
instanceKlass org/w3c/dom/Element
instanceKlass org/w3c/dom/DocumentType
instanceKlass com/sun/org/apache/xerces/internal/dom/NodeImpl
instanceKlass org/w3c/dom/events/EventTarget
instanceKlass org/w3c/dom/NodeList
instanceKlass org/w3c/dom/Document
instanceKlass org/w3c/dom/ranges/DocumentRange
instanceKlass org/w3c/dom/events/DocumentEvent
instanceKlass org/w3c/dom/traversal/DocumentTraversal
instanceKlass com/sun/org/apache/xerces/internal/dom/DeferredNode
instanceKlass org/w3c/dom/Node
instanceKlass com/sun/org/apache/xerces/internal/impl/Constants$ArrayEnumeration
instanceKlass com/sun/org/apache/xerces/internal/impl/Constants
instanceKlass com/sun/org/apache/xerces/internal/util/IntStack
instanceKlass com/sun/org/apache/xerces/internal/xinclude/XIncludeMessageFormatter
instanceKlass com/sun/org/apache/xerces/internal/util/XMLLocatorWrapper
instanceKlass com/sun/org/apache/xerces/internal/util/XMLSymbols
instanceKlass com/sun/org/apache/xerces/internal/xinclude/XIncludeHandler
instanceKlass com/sun/org/apache/xerces/internal/util/XMLChar
instanceKlass com/sun/xml/internal/stream/Entity
instanceKlass com/sun/xml/internal/stream/util/BufferAllocator
instanceKlass com/sun/xml/internal/stream/util/ThreadLocalBufferAllocator
instanceKlass com/sun/org/apache/xerces/internal/impl/XMLEntityManager$EncodingInfo
instanceKlass com/sun/org/apache/xerces/internal/util/URI
instanceKlass com/sun/org/apache/xerces/internal/utils/XMLLimitAnalyzer
instanceKlass com/sun/org/apache/xerces/internal/xni/parser/XMLInputSource
instanceKlass com/sun/org/apache/xerces/internal/util/FeatureState
instanceKlass com/sun/org/apache/xerces/internal/util/PropertyState
instanceKlass com/sun/org/apache/xerces/internal/impl/msg/XMLMessageFormatter
instanceKlass com/sun/org/apache/xerces/internal/util/MessageFormatter
instanceKlass com/sun/org/apache/xerces/internal/impl/XMLVersionDetector
instanceKlass com/sun/org/apache/xerces/internal/impl/validation/ValidationManager
instanceKlass com/sun/org/apache/xerces/internal/impl/dv/dtd/NMTOKENDatatypeValidator
instanceKlass com/sun/org/apache/xerces/internal/impl/dv/dtd/NOTATIONDatatypeValidator
instanceKlass com/sun/org/apache/xerces/internal/impl/dv/dtd/ENTITYDatatypeValidator
instanceKlass com/sun/org/apache/xerces/internal/impl/dv/dtd/ListDatatypeValidator
instanceKlass com/sun/org/apache/xerces/internal/impl/dv/dtd/IDREFDatatypeValidator
instanceKlass com/sun/org/apache/xerces/internal/impl/dv/dtd/IDDatatypeValidator
instanceKlass com/sun/org/apache/xerces/internal/impl/dv/dtd/StringDatatypeValidator
instanceKlass com/sun/org/apache/xerces/internal/impl/dv/DatatypeValidator
instanceKlass com/sun/org/apache/xerces/internal/impl/dv/DTDDVFactory
instanceKlass com/sun/org/apache/xerces/internal/impl/dtd/DTDGrammarBucket
instanceKlass com/sun/org/apache/xerces/internal/impl/dtd/XMLAttributeDecl
instanceKlass com/sun/org/apache/xerces/internal/impl/dtd/XMLSimpleType
instanceKlass com/sun/org/apache/xerces/internal/impl/dtd/XMLElementDecl
instanceKlass com/sun/org/apache/xerces/internal/impl/validation/ValidationState
instanceKlass com/sun/org/apache/xerces/internal/impl/dv/ValidationContext
instanceKlass com/sun/org/apache/xerces/internal/impl/dtd/XMLDTDValidator
instanceKlass com/sun/org/apache/xerces/internal/impl/RevalidationHandler
instanceKlass com/sun/org/apache/xerces/internal/impl/dtd/XMLDTDValidatorFilter
instanceKlass com/sun/org/apache/xerces/internal/xni/parser/XMLDocumentFilter
instanceKlass com/sun/org/apache/xerces/internal/impl/dtd/XMLEntityDecl
instanceKlass com/sun/org/apache/xerces/internal/impl/dtd/XMLDTDProcessor
instanceKlass com/sun/org/apache/xerces/internal/xni/parser/XMLDTDContentModelFilter
instanceKlass com/sun/org/apache/xerces/internal/xni/parser/XMLDTDFilter
instanceKlass com/sun/org/apache/xerces/internal/xni/parser/XMLDTDScanner
instanceKlass com/sun/org/apache/xerces/internal/xni/parser/XMLDTDContentModelSource
instanceKlass com/sun/org/apache/xerces/internal/xni/parser/XMLDTDSource
instanceKlass com/sun/org/apache/xerces/internal/xni/grammars/XMLDTDDescription
instanceKlass com/sun/org/apache/xerces/internal/xni/grammars/XMLGrammarDescription
instanceKlass com/sun/org/apache/xerces/internal/impl/XMLDocumentScannerImpl$TrailingMiscDriver
instanceKlass com/sun/org/apache/xerces/internal/impl/XMLDocumentScannerImpl$PrologDriver
instanceKlass com/sun/org/apache/xerces/internal/impl/XMLDocumentScannerImpl$XMLDeclDriver
instanceKlass com/sun/org/apache/xerces/internal/util/NamespaceSupport
instanceKlass com/sun/org/apache/xerces/internal/xni/NamespaceContext
instanceKlass com/sun/org/apache/xerces/internal/util/XMLAttributesImpl$Attribute
instanceKlass com/sun/org/apache/xerces/internal/util/XMLAttributesImpl
instanceKlass com/sun/org/apache/xerces/internal/xni/XMLAttributes
instanceKlass com/sun/org/apache/xerces/internal/impl/XMLDocumentFragmentScannerImpl$FragmentContentDriver
instanceKlass com/sun/org/apache/xerces/internal/impl/XMLDocumentFragmentScannerImpl$Driver
instanceKlass com/sun/org/apache/xerces/internal/impl/XMLDocumentFragmentScannerImpl$ElementStack2
instanceKlass com/sun/org/apache/xerces/internal/xni/QName
instanceKlass com/sun/org/apache/xerces/internal/impl/XMLDocumentFragmentScannerImpl$ElementStack
instanceKlass com/sun/org/apache/xerces/internal/xni/XMLString
instanceKlass com/sun/org/apache/xerces/internal/impl/XMLScanner
instanceKlass com/sun/xml/internal/stream/XMLBufferListener
instanceKlass com/sun/org/apache/xerces/internal/impl/XMLEntityHandler
instanceKlass com/sun/org/apache/xerces/internal/xni/parser/XMLDocumentScanner
instanceKlass com/sun/org/apache/xerces/internal/xni/parser/XMLDocumentSource
instanceKlass com/sun/org/apache/xerces/internal/impl/XMLErrorReporter
instanceKlass com/sun/org/apache/xerces/internal/impl/XMLEntityScanner
instanceKlass com/sun/org/apache/xerces/internal/xni/XMLLocator
instanceKlass com/sun/xml/internal/stream/XMLEntityStorage
instanceKlass com/sun/org/apache/xerces/internal/util/AugmentationsImpl$AugmentationsItemsContainer
instanceKlass com/sun/org/apache/xerces/internal/util/AugmentationsImpl
instanceKlass com/sun/org/apache/xerces/internal/xni/Augmentations
instanceKlass com/sun/org/apache/xerces/internal/util/XMLResourceIdentifierImpl
instanceKlass com/sun/org/apache/xerces/internal/xni/XMLResourceIdentifier
instanceKlass com/sun/org/apache/xerces/internal/impl/XMLEntityManager
instanceKlass com/sun/org/apache/xerces/internal/xni/parser/XMLEntityResolver
instanceKlass com/sun/org/apache/xerces/internal/xni/parser/XMLComponent
instanceKlass com/sun/org/apache/xerces/internal/util/SymbolTable$Entry
instanceKlass com/sun/org/apache/xerces/internal/util/SymbolTable
instanceKlass jdk/xml/internal/JdkConstants
instanceKlass javax/xml/parsers/SAXParserFactory
instanceKlass jdk/xml/internal/JdkXmlUtils
instanceKlass com/sun/org/apache/xerces/internal/util/ParserConfigurationSettings
instanceKlass com/sun/org/apache/xerces/internal/parsers/XML11Configurable
instanceKlass com/sun/org/apache/xerces/internal/xni/parser/XMLPullParserConfiguration
instanceKlass com/sun/org/apache/xerces/internal/xni/parser/XMLParserConfiguration
instanceKlass com/sun/org/apache/xerces/internal/xni/parser/XMLComponentManager
instanceKlass com/sun/org/apache/xerces/internal/parsers/XMLParser
instanceKlass com/sun/org/apache/xerces/internal/xni/XMLDTDContentModelHandler
instanceKlass com/sun/org/apache/xerces/internal/xni/XMLDTDHandler
instanceKlass com/sun/org/apache/xerces/internal/xni/XMLDocumentHandler
instanceKlass javax/xml/parsers/DocumentBuilder
instanceKlass com/sun/org/apache/xerces/internal/jaxp/JAXPConstants
instanceKlass com/sun/org/apache/xerces/internal/utils/XMLSecurityPropertyManager
instanceKlass com/sun/org/apache/xerces/internal/utils/XMLSecurityManager
instanceKlass javax/xml/parsers/FactoryFinder$1
instanceKlass java/lang/invoke/LambdaFormEditor$1
instanceKlass java/lang/invoke/MethodHandles$1
instanceKlass java/lang/Long$LongCache
instanceKlass jdk/xml/internal/SecuritySupport
instanceKlass javax/xml/parsers/FactoryFinder
instanceKlass javax/xml/parsers/DocumentBuilderFactory
instanceKlass org/xml/sax/InputSource
instanceKlass org/apache/logging/log4j/core/util/Closer
instanceKlass org/apache/logging/log4j/core/config/plugins/util/ResolverUtil
instanceKlass javax/xml/transform/Source
instanceKlass org/apache/logging/log4j/core/config/Reconfigurable
instanceKlass org/apache/logging/log4j/core/util/Source
instanceKlass org/apache/logging/log4j/core/net/UrlConnectionFactory
instanceKlass org/apache/logging/log4j/core/util/FileUtils
instanceKlass org/apache/logging/log4j/core/util/BasicAuthorizationProvider
instanceKlass com/fasterxml/jackson/core/JsonParser
instanceKlass com/fasterxml/jackson/databind/JsonSerializable$Base
instanceKlass com/fasterxml/jackson/databind/JsonSerializable
instanceKlass com/fasterxml/jackson/core/TreeNode
instanceKlass com/fasterxml/jackson/core/TreeCodec
instanceKlass com/fasterxml/jackson/core/Versioned
instanceKlass org/apache/logging/log4j/core/config/Order
instanceKlass java/util/TimSort
instanceKlass java/util/Arrays$LegacyMergeSort
instanceKlass org/apache/logging/log4j/core/config/OrderComparator
instanceKlass org/apache/logging/log4j/core/util/AuthorizationProvider
instanceKlass org/apache/logging/log4j/core/config/builder/api/ConfigurationBuilder
instanceKlass org/apache/logging/log4j/core/appender/DefaultErrorHandler
instanceKlass org/apache/logging/log4j/core/appender/ConsoleAppender$FactoryData
instanceKlass org/apache/logging/log4j/core/appender/ConsoleAppender$ConsoleManagerFactory
instanceKlass org/apache/logging/log4j/core/layout/ByteBufferDestination
instanceKlass org/apache/logging/log4j/core/ErrorHandler
instanceKlass org/apache/logging/log4j/core/layout/PatternLayout$PatternFormatterPatternSerializer
instanceKlass org/apache/logging/log4j/core/pattern/PlainTextRenderer
instanceKlass org/apache/logging/log4j/core/impl/ThrowableFormatOptions
instanceKlass org/apache/logging/log4j/core/pattern/PatternFormatter
instanceKlass org/apache/logging/log4j/core/pattern/TextRenderer
instanceKlass org/apache/logging/log4j/core/util/Integers
instanceKlass org/apache/logging/log4j/core/pattern/NameAbbreviator
instanceKlass org/apache/logging/log4j/core/util/OptionConverter
instanceKlass sun/util/calendar/CalendarUtils
instanceKlass sun/util/calendar/CalendarDate
instanceKlass sun/util/resources/Bundles$CacheKeyReference
instanceKlass java/util/ResourceBundle$ResourceBundleProviderHelper
instanceKlass sun/util/resources/Bundles$CacheKey
instanceKlass java/util/ResourceBundle$1
instanceKlass jdk/internal/access/JavaUtilResourceBundleAccess
instanceKlass sun/util/resources/Bundles
instanceKlass sun/util/resources/LocaleData$LocaleDataStrategy
instanceKlass sun/util/resources/Bundles$Strategy
instanceKlass sun/util/resources/LocaleData$1
instanceKlass sun/util/resources/LocaleData
instanceKlass sun/util/locale/provider/LocaleResources
instanceKlass java/util/LinkedList$Node
instanceKlass java/util/ResourceBundle
instanceKlass java/util/ResourceBundle$Control
instanceKlass sun/util/locale/provider/CalendarDataUtility$CalendarWeekParameterGetter
instanceKlass sun/util/locale/provider/LocaleServiceProviderPool$LocalizedObjectGetter
instanceKlass sun/util/locale/provider/LocaleServiceProviderPool
instanceKlass java/util/Locale$Builder
instanceKlass sun/util/locale/provider/CalendarDataUtility
instanceKlass sun/util/calendar/CalendarSystem$GregorianHolder
instanceKlass sun/util/calendar/CalendarSystem
instanceKlass java/util/Calendar$Builder
instanceKlass java/util/StringTokenizer
instanceKlass sun/util/locale/provider/AvailableLanguageTags
instanceKlass sun/util/resources/cldr/provider/CLDRLocaleDataMetaInfo
instanceKlass jdk/internal/module/ModulePatcher$PatchedModuleReader
instanceKlass sun/util/locale/InternalLocaleBuilder$CaseInsensitiveChar
instanceKlass sun/util/locale/InternalLocaleBuilder
instanceKlass sun/util/locale/StringTokenIterator
instanceKlass sun/util/locale/ParseStatus
instanceKlass sun/util/locale/LanguageTag
instanceKlass sun/util/cldr/CLDRBaseLocaleDataMetaInfo
instanceKlass sun/util/locale/provider/LocaleDataMetaInfo
instanceKlass sun/util/locale/provider/ResourceBundleBasedAdapter
instanceKlass sun/util/locale/provider/LocaleProviderAdapter$1
instanceKlass sun/util/locale/provider/LocaleProviderAdapter
instanceKlass java/util/spi/LocaleServiceProvider
instanceKlass java/util/Calendar
instanceKlass sun/util/calendar/ZoneInfoFile$ZoneOffsetTransitionRule
instanceKlass sun/util/calendar/ZoneInfoFile$1
instanceKlass sun/util/calendar/ZoneInfoFile
instanceKlass org/apache/logging/log4j/core/time/MutableInstant
instanceKlass java/time/temporal/TemporalAccessor
instanceKlass org/apache/logging/log4j/core/pattern/DatePatternConverter$CachedTime
instanceKlass org/apache/logging/log4j/core/util/datetime/FixedDateFormat
instanceKlass java/util/TimeZone
instanceKlass java/util/Date
instanceKlass org/apache/logging/log4j/core/pattern/DatePatternConverter$Formatter
instanceKlass org/apache/logging/log4j/core/time/Instant
instanceKlass org/apache/logging/log4j/core/pattern/PatternParser$1
instanceKlass org/apache/logging/log4j/core/pattern/FormattingInfo
instanceKlass jdk/internal/reflect/ClassDefiner$1
instanceKlass jdk/internal/reflect/ClassDefiner
instanceKlass jdk/internal/reflect/MethodAccessorGenerator$1
instanceKlass jdk/internal/reflect/Label$PatchInfo
instanceKlass jdk/internal/reflect/Label
instanceKlass jdk/internal/reflect/UTF8
instanceKlass jdk/internal/reflect/ClassFileAssembler
instanceKlass jdk/internal/reflect/ByteVectorImpl
instanceKlass jdk/internal/reflect/ByteVector
instanceKlass jdk/internal/reflect/ByteVectorFactory
instanceKlass jdk/internal/reflect/AccessorGenerator
instanceKlass jdk/internal/reflect/ClassFileConstants
instanceKlass java/lang/Class$AnnotationData
instanceKlass java/lang/annotation/Target
instanceKlass java/lang/reflect/Proxy$ProxyBuilder$1
instanceKlass jdk/internal/org/objectweb/asm/Edge
instanceKlass java/lang/reflect/ProxyGenerator$PrimitiveTypeInfo
instanceKlass java/util/StringJoiner
instanceKlass java/lang/reflect/ProxyGenerator$ProxyMethod
instanceKlass jdk/internal/module/Checks
instanceKlass java/lang/module/ModuleDescriptor$Builder
instanceKlass java/lang/reflect/Proxy$ProxyBuilder
instanceKlass java/lang/reflect/Proxy
instanceKlass sun/reflect/annotation/AnnotationInvocationHandler
instanceKlass java/lang/reflect/InvocationHandler
instanceKlass sun/reflect/annotation/AnnotationParser$1
instanceKlass java/lang/annotation/Documented
instanceKlass java/lang/annotation/Inherited
instanceKlass java/lang/annotation/Retention
instanceKlass sun/reflect/annotation/ExceptionProxy
instanceKlass sun/reflect/annotation/AnnotationType$1
instanceKlass sun/reflect/annotation/AnnotationType
instanceKlass java/lang/reflect/GenericArrayType
instanceKlass org/apache/logging/log4j/core/config/plugins/Plugin
instanceKlass sun/reflect/generics/visitor/Reifier
instanceKlass sun/reflect/generics/visitor/TypeTreeVisitor
instanceKlass sun/reflect/generics/factory/CoreReflectionFactory
instanceKlass sun/reflect/generics/factory/GenericsFactory
instanceKlass sun/reflect/generics/scope/AbstractScope
instanceKlass sun/reflect/generics/scope/Scope
instanceKlass sun/reflect/generics/tree/ClassTypeSignature
instanceKlass sun/reflect/generics/tree/SimpleClassTypeSignature
instanceKlass sun/reflect/generics/tree/FieldTypeSignature
instanceKlass sun/reflect/generics/tree/BaseType
instanceKlass sun/reflect/generics/tree/TypeSignature
instanceKlass sun/reflect/generics/tree/ReturnType
instanceKlass sun/reflect/generics/tree/TypeArgument
instanceKlass sun/reflect/generics/tree/TypeTree
instanceKlass sun/reflect/generics/tree/Tree
instanceKlass sun/reflect/generics/parser/SignatureParser
instanceKlass org/apache/logging/log4j/core/pattern/ConverterKeys
instanceKlass org/apache/logging/log4j/core/pattern/PatternParser
instanceKlass org/apache/logging/log4j/core/layout/StringBuilderEncoder
instanceKlass org/apache/logging/log4j/core/layout/PatternLayout$PatternSerializer
instanceKlass org/apache/logging/log4j/core/layout/AbstractStringLayout$Serializer
instanceKlass org/apache/logging/log4j/core/layout/PatternLayout$SerializerBuilder
instanceKlass org/apache/logging/log4j/core/layout/PatternLayout$Builder
instanceKlass org/apache/logging/log4j/core/layout/AbstractStringLayout$Serializer2
instanceKlass org/apache/logging/log4j/spi/LoggerRegistry$ConcurrentMapFactory
instanceKlass org/apache/logging/log4j/spi/LoggerRegistry$MapFactory
instanceKlass org/apache/logging/log4j/spi/LoggerRegistry
instanceKlass org/apache/logging/log4j/core/config/Node
instanceKlass org/apache/logging/log4j/core/util/DummyNanoClock
instanceKlass org/apache/logging/log4j/core/util/WatchEventService
instanceKlass java/util/UUID
instanceKlass org/apache/logging/log4j/core/util/WatchManager$LocalUUID
instanceKlass java/util/concurrent/Future
instanceKlass java/util/concurrent/ScheduledExecutorService
instanceKlass java/util/concurrent/ExecutorService
instanceKlass java/util/concurrent/Executor
instanceKlass org/apache/logging/log4j/core/config/DefaultReliabilityStrategy
instanceKlass org/apache/logging/log4j/core/config/LocationAwareReliabilityStrategy
instanceKlass sun/reflect/misc/ReflectUtil
instanceKlass java/util/concurrent/atomic/AtomicReferenceFieldUpdater$AtomicReferenceFieldUpdaterImpl$1
instanceKlass java/util/concurrent/atomic/AtomicReferenceFieldUpdater
instanceKlass org/apache/logging/log4j/core/config/AppenderControlArraySet
instanceKlass org/apache/logging/log4j/core/util/SystemClock
instanceKlass org/apache/logging/log4j/core/time/PreciseClock
instanceKlass org/apache/logging/log4j/core/util/Clock
instanceKlass org/apache/logging/log4j/core/util/ClockFactory
instanceKlass org/apache/logging/log4j/core/impl/ReusableLogEventFactory
instanceKlass org/apache/logging/log4j/core/LogEvent
instanceKlass org/apache/logging/log4j/core/impl/LogEventFactory
instanceKlass org/apache/logging/log4j/core/impl/LocationAwareLogEventFactory
instanceKlass org/apache/logging/log4j/core/config/ReliabilityStrategy
instanceKlass java/util/DualPivotQuicksort
instanceKlass org/apache/logging/log4j/core/lookup/StrMatcher
instanceKlass sun/management/Util
instanceKlass java/util/Collections$2
instanceKlass sun/management/RuntimeImpl
instanceKlass java/util/stream/ReduceOps$2ReducingSink
instanceKlass java/util/Collections$1
instanceKlass jdk/management/jfr/internal/FlightRecorderMXBeanProvider$SingleMBeanComponent
instanceKlass jdk/management/jfr/FlightRecorderMXBean
instanceKlass java/lang/management/DefaultPlatformMBeanProvider$11
instanceKlass java/lang/management/DefaultPlatformMBeanProvider$10
instanceKlass java/lang/management/DefaultPlatformMBeanProvider$9
instanceKlass java/util/logging/LogManager
instanceKlass sun/management/ManagementFactoryHelper$LoggingMXBeanAccess$1
instanceKlass sun/management/ManagementFactoryHelper$LoggingMXBeanAccess
instanceKlass java/lang/management/DefaultPlatformMBeanProvider$8
instanceKlass java/lang/management/DefaultPlatformMBeanProvider$7
instanceKlass java/lang/management/DefaultPlatformMBeanProvider$6
instanceKlass java/lang/management/DefaultPlatformMBeanProvider$5
instanceKlass java/lang/management/DefaultPlatformMBeanProvider$4
instanceKlass java/lang/management/DefaultPlatformMBeanProvider$3
instanceKlass java/lang/management/DefaultPlatformMBeanProvider$2
instanceKlass java/lang/management/DefaultPlatformMBeanProvider$1
instanceKlass java/util/concurrent/Callable
instanceKlass com/sun/management/internal/PlatformMBeanProviderImpl$5
instanceKlass sun/management/VMManagementImpl
instanceKlass sun/management/VMManagement
instanceKlass sun/management/ManagementFactoryHelper
instanceKlass sun/management/NotificationEmitterSupport
instanceKlass javax/management/NotificationEmitter
instanceKlass javax/management/NotificationBroadcaster
instanceKlass com/sun/management/DiagnosticCommandMBean
instanceKlass javax/management/DynamicMBean
instanceKlass com/sun/management/internal/PlatformMBeanProviderImpl$4
instanceKlass com/sun/management/internal/PlatformMBeanProviderImpl$3
instanceKlass com/sun/management/internal/PlatformMBeanProviderImpl$2
instanceKlass java/util/function/BiConsumer
instanceKlass java/util/stream/Collectors$CollectorImpl
instanceKlass java/util/stream/Collector
instanceKlass java/util/stream/Collectors
instanceKlass com/sun/management/internal/PlatformMBeanProviderImpl$1
instanceKlass sun/management/spi/PlatformMBeanProvider$PlatformComponent
instanceKlass sun/management/spi/PlatformMBeanProvider
instanceKlass java/security/Security$2
instanceKlass jdk/internal/access/JavaSecurityPropertiesAccess
instanceKlass java/io/FileInputStream$1
instanceKlass java/util/Properties$LineReader
instanceKlass java/security/Security$1
instanceKlass java/security/Security
instanceKlass sun/security/util/SecurityProperties
instanceKlass sun/security/util/FilePermCompat
instanceKlass java/io/FilePermission$1
instanceKlass jdk/internal/access/JavaIOFilePermissionAccess
instanceKlass java/lang/management/ManagementFactory$PlatformMBeanFinder$1
instanceKlass java/lang/management/ManagementFactory$PlatformMBeanFinder
instanceKlass java/lang/management/RuntimeMXBean
instanceKlass java/lang/management/PlatformManagedObject
instanceKlass java/lang/management/ManagementFactory
instanceKlass org/apache/logging/log4j/core/net/JndiManager$JndiManagerFactory
instanceKlass javax/naming/Context
instanceKlass org/apache/logging/log4j/core/appender/ManagerFactory
instanceKlass org/apache/logging/log4j/core/appender/AbstractManager
instanceKlass org/apache/logging/log4j/core/impl/ThreadContextDataProvider
instanceKlass org/apache/logging/log4j/core/util/ContextDataProvider
instanceKlass java/util/concurrent/ConcurrentLinkedDeque$Node
instanceKlass org/apache/logging/log4j/core/impl/ThreadContextDataInjector
instanceKlass org/apache/logging/log4j/core/impl/ThreadContextDataInjector$ForCopyOnWriteThreadContextMap
instanceKlass org/apache/logging/log4j/spi/DefaultThreadContextStack
instanceKlass org/apache/logging/log4j/spi/DefaultThreadContextMap
instanceKlass org/apache/logging/log4j/spi/GarbageFreeSortedArrayThreadContextMap
instanceKlass java/io/ObjectInputFilter$FilterInfo
instanceKlass org/apache/logging/log4j/util/internal/DefaultObjectInputFilter
instanceKlass java/io/ObjectInputFilter
instanceKlass java/io/ObjectInputStream$GetField
instanceKlass java/io/ObjectInputValidation
instanceKlass java/lang/PublicMethods
instanceKlass org/apache/logging/log4j/util/TriConsumer
instanceKlass java/io/ObjectStreamConstants
instanceKlass java/io/ObjectInput
instanceKlass org/apache/logging/log4j/util/SortedArrayStringMap
instanceKlass org/apache/logging/log4j/util/IndexedStringMap
instanceKlass org/apache/logging/log4j/util/IndexedReadOnlyStringMap
instanceKlass org/apache/logging/log4j/util/StringMap
instanceKlass org/apache/logging/log4j/util/ReadOnlyStringMap
instanceKlass org/apache/logging/log4j/spi/CopyOnWriteSortedArrayThreadContextMap
instanceKlass org/apache/logging/log4j/spi/CopyOnWrite
instanceKlass org/apache/logging/log4j/spi/ObjectThreadContextMap
instanceKlass org/apache/logging/log4j/spi/CleanableThreadContextMap
instanceKlass org/apache/logging/log4j/spi/ThreadContextMap2
instanceKlass org/apache/logging/log4j/spi/ReadOnlyThreadContextMap
instanceKlass org/apache/logging/log4j/spi/ThreadContextMapFactory
instanceKlass org/apache/logging/log4j/ThreadContext$EmptyIterator
instanceKlass org/apache/logging/log4j/spi/ThreadContextMap
instanceKlass org/apache/logging/log4j/spi/ThreadContextStack
instanceKlass org/apache/logging/log4j/ThreadContext$ContextStack
instanceKlass org/apache/logging/log4j/ThreadContext
instanceKlass org/apache/logging/log4j/core/ContextDataInjector
instanceKlass org/apache/logging/log4j/core/impl/ContextDataInjectorFactory
instanceKlass org/apache/logging/log4j/core/util/ReflectionUtil
instanceKlass java/util/concurrent/CopyOnWriteArrayList$COWIterator
instanceKlass org/apache/logging/log4j/util/Supplier
instanceKlass org/apache/logging/log4j/core/util/AbstractWatcher
instanceKlass org/apache/logging/log4j/core/config/plugins/convert/TypeConverters$UuidConverter
instanceKlass org/apache/logging/log4j/core/config/plugins/convert/TypeConverters$UrlConverter
instanceKlass org/apache/logging/log4j/core/config/plugins/convert/TypeConverters$UriConverter
instanceKlass org/apache/logging/log4j/core/config/plugins/convert/TypeConverters$StringConverter
instanceKlass org/apache/logging/log4j/core/config/plugins/convert/TypeConverters$ShortConverter
instanceKlass org/apache/logging/log4j/core/config/plugins/convert/TypeConverters$SecurityProviderConverter
instanceKlass org/apache/logging/log4j/core/config/plugins/convert/TypeConverters$PatternConverter
instanceKlass org/apache/logging/log4j/core/config/plugins/convert/TypeConverters$PathConverter
instanceKlass org/apache/logging/log4j/core/config/plugins/convert/TypeConverters$LongConverter
instanceKlass org/apache/logging/log4j/core/config/plugins/convert/TypeConverters$LevelConverter
instanceKlass org/apache/logging/log4j/core/config/plugins/convert/TypeConverters$IntegerConverter
instanceKlass org/apache/logging/log4j/core/config/plugins/convert/TypeConverters$InetAddressConverter
instanceKlass org/apache/logging/log4j/core/config/plugins/convert/TypeConverters$FloatConverter
instanceKlass org/apache/logging/log4j/core/config/plugins/convert/TypeConverters$FileConverter
instanceKlass org/apache/logging/log4j/core/config/plugins/convert/TypeConverters$DurationConverter
instanceKlass org/apache/logging/log4j/core/config/plugins/convert/TypeConverters$DoubleConverter
instanceKlass org/apache/logging/log4j/core/config/plugins/convert/TypeConverters$CronExpressionConverter
instanceKlass org/apache/logging/log4j/core/config/plugins/convert/TypeConverters$ClassConverter
instanceKlass org/apache/logging/log4j/core/config/plugins/convert/TypeConverters$CharsetConverter
instanceKlass org/apache/logging/log4j/core/config/plugins/convert/TypeConverters$CharArrayConverter
instanceKlass org/apache/logging/log4j/core/config/plugins/convert/TypeConverters$CharacterConverter
instanceKlass org/apache/logging/log4j/core/config/plugins/convert/TypeConverters$ByteArrayConverter
instanceKlass org/apache/logging/log4j/core/config/plugins/convert/TypeConverters$ByteConverter
instanceKlass org/apache/logging/log4j/core/config/plugins/convert/TypeConverters$BooleanConverter
instanceKlass org/apache/logging/log4j/core/config/plugins/convert/TypeConverters$BigIntegerConverter
instanceKlass org/apache/logging/log4j/core/config/plugins/convert/TypeConverters$BigDecimalConverter
instanceKlass org/apache/logging/log4j/core/config/plugins/convert/TypeConverter
instanceKlass org/apache/logging/log4j/core/lookup/UpperLookup
instanceKlass org/apache/logging/log4j/core/lookup/StructuredDataLookup
instanceKlass org/apache/logging/log4j/core/lookup/LowerLookup
instanceKlass org/apache/logging/log4j/core/lookup/MapLookup
instanceKlass org/apache/logging/log4j/core/lookup/DateLookup
instanceKlass org/apache/logging/log4j/core/lookup/ContextMapLookup
instanceKlass org/apache/logging/log4j/core/pattern/FileDatePatternConverter
instanceKlass org/apache/logging/log4j/core/config/arbiters/SystemPropertyArbiter
instanceKlass org/apache/logging/log4j/core/net/ssl/SslConfiguration
instanceKlass org/apache/logging/log4j/core/appender/rolling/action/PathSortByModificationTime
instanceKlass org/apache/logging/log4j/core/appender/rolling/action/PathSorter
instanceKlass org/apache/logging/log4j/core/net/SocketPerformancePreferences
instanceKlass org/apache/logging/log4j/core/net/SocketOptions
instanceKlass org/apache/logging/log4j/core/util/Builder
instanceKlass org/apache/logging/log4j/core/net/SocketAddress
instanceKlass org/apache/logging/log4j/core/config/arbiters/SelectArbiter
instanceKlass org/apache/logging/log4j/core/config/ScriptsPlugin
instanceKlass org/apache/logging/log4j/core/layout/ScriptPatternSelector
instanceKlass org/apache/logging/log4j/core/appender/rolling/action/ScriptCondition
instanceKlass org/apache/logging/log4j/core/config/arbiters/ScriptArbiter
instanceKlass org/apache/logging/log4j/core/script/AbstractScript
instanceKlass org/apache/logging/log4j/core/appender/routing/Routes
instanceKlass org/apache/logging/log4j/core/appender/routing/Route
instanceKlass org/apache/logging/log4j/core/pattern/RegexReplacement
instanceKlass org/apache/logging/log4j/core/appender/rewrite/PropertiesRewritePolicy
instanceKlass org/apache/logging/log4j/core/config/PropertiesPlugin
instanceKlass org/apache/logging/log4j/core/layout/PatternMatch
instanceKlass org/apache/logging/log4j/core/net/MulticastDnsAdvertiser
instanceKlass org/apache/logging/log4j/core/layout/MarkerPatternSelector
instanceKlass org/apache/logging/log4j/core/appender/rewrite/MapRewritePolicy
instanceKlass org/apache/logging/log4j/core/config/LoggersPlugin
instanceKlass org/apache/logging/log4j/core/appender/rewrite/LoggerNameLevelRewritePolicy
instanceKlass org/apache/logging/log4j/core/appender/rewrite/RewritePolicy
instanceKlass org/apache/logging/log4j/core/layout/LoggerFields
instanceKlass org/apache/logging/log4j/core/async/LinkedTransferQueueFactory
instanceKlass org/apache/logging/log4j/core/layout/LevelPatternSelector
instanceKlass org/apache/logging/log4j/core/layout/PatternSelector
instanceKlass org/apache/logging/log4j/core/util/KeyValuePair
instanceKlass org/apache/logging/log4j/core/net/ssl/StoreConfiguration
instanceKlass org/apache/logging/log4j/core/async/JCToolsBlockingQueueFactory
instanceKlass org/apache/logging/log4j/core/appender/rolling/action/IfNot
instanceKlass org/apache/logging/log4j/core/appender/rolling/action/IfLastModified
instanceKlass org/apache/logging/log4j/core/appender/rolling/action/IfFileName
instanceKlass org/apache/logging/log4j/core/appender/rolling/action/IfAny
instanceKlass org/apache/logging/log4j/core/appender/rolling/action/IfAll
instanceKlass org/apache/logging/log4j/core/appender/rolling/action/IfAccumulatedFileSize
instanceKlass org/apache/logging/log4j/core/appender/rolling/action/IfAccumulatedFileCount
instanceKlass org/apache/logging/log4j/core/appender/rolling/action/PathCondition
instanceKlass org/apache/logging/log4j/core/appender/routing/PurgePolicy
instanceKlass org/apache/logging/log4j/core/appender/FailoversPlugin
instanceKlass org/apache/logging/log4j/core/async/DisruptorBlockingQueueFactory
instanceKlass org/apache/logging/log4j/core/appender/rolling/DirectFileRolloverStrategy
instanceKlass org/apache/logging/log4j/core/appender/rolling/action/AbstractAction
instanceKlass org/apache/logging/log4j/core/appender/rolling/action/Action
instanceKlass org/apache/logging/log4j/core/appender/rolling/AbstractRolloverStrategy
instanceKlass org/apache/logging/log4j/core/appender/rolling/RolloverStrategy
instanceKlass org/apache/logging/log4j/core/config/arbiters/DefaultArbiter
instanceKlass org/apache/logging/log4j/core/config/CustomLevels
instanceKlass org/apache/logging/log4j/core/config/CustomLevelConfig
instanceKlass org/apache/logging/log4j/core/layout/AbstractLayout
instanceKlass org/apache/logging/log4j/core/StringLayout
instanceKlass org/apache/logging/log4j/core/appender/rolling/TriggeringPolicy
instanceKlass org/apache/logging/log4j/core/appender/db/jdbc/ConnectionSource
instanceKlass org/apache/logging/log4j/core/appender/db/ColumnMapping
instanceKlass org/apache/logging/log4j/core/appender/db/jdbc/ColumnConfig
instanceKlass org/apache/logging/log4j/core/config/arbiters/ClassArbiter
instanceKlass org/apache/logging/log4j/core/config/arbiters/Arbiter
instanceKlass org/apache/logging/log4j/core/async/AsyncWaitStrategyFactoryConfig
instanceKlass org/apache/logging/log4j/core/async/ArrayBlockingQueueFactory
instanceKlass org/apache/logging/log4j/core/async/BlockingQueueFactory
instanceKlass org/apache/logging/log4j/core/appender/AppenderSet
instanceKlass org/apache/logging/log4j/core/config/AppendersPlugin
instanceKlass org/apache/logging/log4j/core/config/AppenderRef
instanceKlass org/apache/logging/log4j/core/pattern/AnsiConverter
instanceKlass org/apache/logging/log4j/core/pattern/ArrayPatternConverter
instanceKlass org/apache/logging/log4j/core/impl/LocationAware
instanceKlass org/apache/logging/log4j/core/pattern/AbstractPatternConverter
instanceKlass org/apache/logging/log4j/core/pattern/PatternConverter
instanceKlass org/apache/logging/log4j/core/config/plugins/util/PluginType
instanceKlass org/apache/logging/log4j/core/config/builder/api/ConfigurationBuilderFactory
instanceKlass org/apache/logging/log4j/core/config/plugins/processor/PluginEntry
instanceKlass jdk/internal/misc/ScopedMemoryAccess$Scope
instanceKlass org/apache/logging/log4j/core/config/plugins/processor/PluginCache
instanceKlass org/apache/logging/log4j/core/config/plugins/util/ResolverUtil$Test
instanceKlass org/apache/logging/log4j/core/config/plugins/util/PluginRegistry
instanceKlass org/apache/logging/log4j/core/config/plugins/util/PluginManager
instanceKlass org/apache/logging/log4j/core/lookup/PropertiesLookup
instanceKlass org/apache/logging/log4j/core/lookup/LookupResult
instanceKlass org/apache/logging/log4j/core/lookup/AbstractLookup
instanceKlass org/apache/logging/log4j/core/config/LoggerContextAware
instanceKlass org/apache/logging/log4j/core/config/DefaultAdvertiser
instanceKlass org/apache/logging/log4j/core/config/Property
instanceKlass org/apache/logging/log4j/core/config/ConfigurationSource
instanceKlass org/apache/logging/log4j/core/Appender
instanceKlass org/apache/logging/log4j/core/Layout
instanceKlass org/apache/logging/log4j/core/layout/Encoder
instanceKlass org/apache/logging/log4j/core/util/Watcher
instanceKlass org/apache/logging/log4j/core/async/AsyncLoggerConfigDelegate
instanceKlass org/apache/logging/log4j/core/util/NanoClock
instanceKlass org/apache/logging/log4j/core/lookup/StrLookup
instanceKlass org/apache/logging/log4j/core/net/Advertiser
instanceKlass org/apache/logging/log4j/core/lookup/StrSubstitutor
instanceKlass org/apache/logging/log4j/core/config/ConfigurationAware
instanceKlass org/apache/logging/log4j/core/Filter
instanceKlass org/apache/logging/log4j/core/AbstractLifeCycle
instanceKlass org/apache/logging/log4j/spi/LoggerContextShutdownEnabled
instanceKlass org/apache/logging/log4j/core/config/ConfigurationListener
instanceKlass org/apache/logging/log4j/spi/Terminable
instanceKlass java/util/stream/WhileOps$DropWhileSink
instanceKlass java/util/stream/WhileOps$DropWhileOp
instanceKlass java/util/stream/WhileOps
instanceKlass java/lang/StackStreamFactory$FrameBuffer
instanceKlass java/lang/StackStreamFactory$1
instanceKlass java/lang/StackStreamFactory
instanceKlass org/apache/logging/log4j/util/StackLocator
instanceKlass org/apache/logging/log4j/util/StackLocatorUtil
instanceKlass org/apache/logging/log4j/internal/LogManagerStatus
instanceKlass java/lang/Shutdown$Lock
instanceKlass java/lang/Shutdown
instanceKlass java/lang/ApplicationShutdownHooks$1
instanceKlass java/lang/ApplicationShutdownHooks
instanceKlass java/util/concurrent/Executors$DefaultThreadFactory
instanceKlass java/util/concurrent/Executors
instanceKlass org/apache/logging/log4j/core/util/Cancellable
instanceKlass org/apache/logging/log4j/core/util/DefaultShutdownCallbackRegistry
instanceKlass org/apache/logging/log4j/core/LifeCycle2
instanceKlass java/util/concurrent/atomic/AtomicReference
instanceKlass org/apache/logging/log4j/core/selector/ClassLoaderContextSelector
instanceKlass org/apache/logging/log4j/core/util/Loader
instanceKlass org/apache/logging/log4j/core/util/Constants
instanceKlass org/apache/logging/log4j/core/selector/ContextSelector
instanceKlass org/apache/logging/log4j/core/config/Configuration
instanceKlass org/apache/logging/log4j/core/filter/Filterable
instanceKlass org/apache/logging/log4j/core/LifeCycle
instanceKlass org/apache/logging/log4j/spi/LoggerContext
instanceKlass org/apache/logging/log4j/core/impl/Log4jContextFactory
instanceKlass org/apache/logging/log4j/core/util/ShutdownCallbackRegistry
instanceKlass org/apache/logging/log4j/spi/Provider
instanceKlass org/apache/logging/log4j/util/ProviderUtil
instanceKlass org/apache/logging/log4j/spi/LoggerContextFactory
instanceKlass org/apache/logging/log4j/LogManager
instanceKlass org/apache/logging/slf4j/Log4jMDCAdapter$ThreadLocalMapOfStacks
instanceKlass org/apache/logging/slf4j/Log4jMDCAdapter
instanceKlass org/apache/logging/log4j/spi/AbstractLoggerAdapter
instanceKlass org/apache/logging/log4j/spi/LoggerContextShutdownAware
instanceKlass org/apache/logging/log4j/spi/LoggerAdapter
instanceKlass java/text/Format
instanceKlass java/util/RegularEnumSet$EnumSetIterator
instanceKlass org/apache/logging/log4j/util/Strings
instanceKlass org/apache/logging/log4j/Level
instanceKlass java/util/concurrent/ConcurrentLinkedQueue$Node
instanceKlass java/util/concurrent/locks/ReentrantReadWriteLock$WriteLock
instanceKlass java/util/concurrent/locks/ReentrantReadWriteLock$ReadLock
instanceKlass java/util/concurrent/locks/ReentrantReadWriteLock
instanceKlass org/apache/logging/log4j/message/ExitMessage
instanceKlass org/apache/logging/log4j/message/EntryMessage
instanceKlass org/apache/logging/log4j/message/FlowMessage
instanceKlass org/apache/logging/log4j/status/SimpleLoggerFactory
instanceKlass org/apache/logging/log4j/internal/DefaultLogBuilder
instanceKlass org/apache/logging/log4j/BridgeAware
instanceKlass org/apache/logging/log4j/message/DefaultFlowMessageFactory
instanceKlass org/apache/logging/log4j/message/FlowMessageFactory
instanceKlass java/util/regex/Pattern$1
instanceKlass java/util/concurrent/ConcurrentSkipListMap$Iter
instanceKlass java/util/regex/IntHashSet
instanceKlass java/util/regex/Matcher
instanceKlass java/util/regex/MatchResult
instanceKlass java/util/regex/Pattern$TreeInfo
instanceKlass java/util/regex/Pattern$BitClass
instanceKlass java/util/regex/Pattern$BmpCharPredicate
instanceKlass java/util/regex/Pattern$CharPredicate
instanceKlass java/util/regex/ASCII
instanceKlass java/util/regex/Pattern$Node
instanceKlass java/util/regex/Pattern
instanceKlass org/apache/logging/log4j/util/PropertySource$Util
instanceKlass java/util/HashMap$HashMapSpliterator
instanceKlass java/lang/ProcessEnvironment$CheckedEntry
instanceKlass java/lang/ProcessEnvironment$CheckedEntrySet$1
instanceKlass java/lang/ProcessEnvironment$EntryComparator
instanceKlass java/lang/ProcessEnvironment$NameComparator
instanceKlass java/util/Collections$UnmodifiableCollection$1
instanceKlass java/util/concurrent/ConcurrentHashMap$MapEntry
instanceKlass java/util/stream/ReduceOps$Box
instanceKlass java/util/stream/ReduceOps$AccumulatingSink
instanceKlass java/util/stream/ReduceOps$ReduceOp
instanceKlass java/util/stream/ReduceOps
instanceKlass java/util/function/BinaryOperator
instanceKlass java/util/concurrent/ConcurrentSkipListMap$CSLMSpliterator
instanceKlass org/apache/logging/log4j/util/SystemPropertiesPropertySource
instanceKlass org/apache/logging/log4j/util/EnvironmentPropertySource
instanceKlass java/util/stream/ForEachOps$ForEachOp
instanceKlass java/util/stream/ForEachOps
instanceKlass java/util/stream/Sink$ChainedReference
instanceKlass java/util/stream/FindOps$FindOp
instanceKlass java/util/stream/TerminalOp
instanceKlass java/util/stream/FindOps$FindSink
instanceKlass java/util/stream/TerminalSink
instanceKlass java/util/stream/Sink
instanceKlass java/util/stream/FindOps
instanceKlass java/util/function/Predicate
instanceKlass java/util/ArrayList$ArrayListSpliterator
instanceKlass org/osgi/framework/BundleReference
instanceKlass org/osgi/framework/Bundle
instanceKlass org/osgi/framework/connect/FrameworkUtilHelper
instanceKlass org/osgi/framework/Filter
instanceKlass org/osgi/framework/FrameworkUtil
instanceKlass org/apache/logging/log4j/util/OsgiServiceLocator
instanceKlass java/lang/invoke/MethodHandleImpl$ArrayAccessor
instanceKlass java/lang/invoke/MethodHandleImpl$2
instanceKlass java/lang/invoke/MethodHandleImpl$LoopClauses
instanceKlass java/lang/invoke/MethodHandleImpl$CasesHolder
instanceKlass java/lang/invoke/MethodHandleImpl$BindCaller
instanceKlass org/apache/logging/log4j/util/ServiceLoaderUtil$ServiceLoaderSpliterator
instanceKlass org/apache/logging/log4j/util/ServiceLoaderUtil
instanceKlass java/util/concurrent/atomic/Striped64$1
instanceKlass jdk/internal/util/random/RandomSupport
instanceKlass java/util/Random
instanceKlass java/util/random/RandomGenerator
instanceKlass java/lang/invoke/VarHandle$AccessDescriptor
instanceKlass java/util/Collections$SynchronizedCollection
instanceKlass java/util/Properties$EntrySet
instanceKlass org/apache/logging/log4j/util/BiConsumer
instanceKlass java/util/concurrent/ConcurrentSkipListMap$Node
instanceKlass java/lang/invoke/VarForm
instanceKlass java/lang/invoke/VarHandleGuards
instanceKlass jdk/internal/util/Preconditions$1
instanceKlass java/lang/invoke/VarHandle$1
instanceKlass java/lang/ClassValue$Version
instanceKlass java/lang/ClassValue$Identity
instanceKlass java/lang/ClassValue
instanceKlass java/lang/invoke/VarHandles
instanceKlass java/util/concurrent/ConcurrentSkipListMap$Index
instanceKlass java/util/concurrent/ConcurrentNavigableMap
instanceKlass org/apache/logging/log4j/util/PropertySource$Comparator
instanceKlass org/apache/logging/log4j/util/PropertiesUtil$Environment
instanceKlass org/apache/logging/log4j/util/LoaderUtil$ThreadContextClassLoaderGetter
instanceKlass org/apache/logging/log4j/util/LoaderUtil
instanceKlass org/apache/logging/log4j/util/PropertiesPropertySource
instanceKlass org/apache/logging/log4j/util/PropertySource
instanceKlass org/apache/logging/log4j/util/PropertiesUtil
instanceKlass org/apache/logging/log4j/util/Constants
instanceKlass org/apache/logging/log4j/message/AbstractMessageFactory
instanceKlass org/apache/logging/log4j/message/ReusableMessageFactory
instanceKlass org/apache/logging/log4j/MarkerManager$Log4jMarker
instanceKlass org/apache/logging/log4j/util/StringBuilderFormattable
instanceKlass org/apache/logging/log4j/Marker
instanceKlass org/apache/logging/log4j/MarkerManager
instanceKlass java/util/concurrent/locks/ReadWriteLock
instanceKlass org/apache/logging/log4j/message/MessageFactory2
instanceKlass org/apache/logging/log4j/LogBuilder
instanceKlass org/apache/logging/log4j/message/Message
instanceKlass org/apache/logging/log4j/message/MessageFactory
instanceKlass org/apache/logging/log4j/spi/AbstractLogger
instanceKlass org/apache/logging/log4j/spi/LocationAwareLogger
instanceKlass org/apache/logging/log4j/spi/ExtendedLogger
instanceKlass org/apache/logging/log4j/Logger
instanceKlass org/apache/logging/slf4j/Log4jMarkerFactory
instanceKlass java/util/ServiceLoader$ProviderImpl
instanceKlass java/util/ServiceLoader$Provider
instanceKlass java/util/ServiceLoader$1
instanceKlass org/apache/logging/slf4j/SLF4JServiceProvider
instanceKlass java/util/LinkedHashMap$LinkedHashIterator
instanceKlass java/nio/charset/CoderResult
instanceKlass java/io/Reader
instanceKlass java/lang/Readable
instanceKlass sun/net/www/MessageHeader
instanceKlass sun/net/www/protocol/jar/JarFileFactory
instanceKlass sun/net/www/protocol/jar/URLJarFile$URLJarFileCloseController
instanceKlass java/net/URLConnection
instanceKlass jdk/internal/loader/URLClassPath$1
instanceKlass java/lang/CompoundEnumeration
instanceKlass jdk/internal/loader/BuiltinClassLoader$1
instanceKlass java/util/Collections$EmptyEnumeration
instanceKlass java/util/Collections$EmptyIterator
instanceKlass jdk/internal/jimage/ImageLocation
instanceKlass jdk/internal/jimage/decompressor/Decompressor
instanceKlass jdk/internal/jimage/ImageStringsReader
instanceKlass jdk/internal/jimage/ImageStrings
instanceKlass jdk/internal/jimage/ImageHeader
instanceKlass jdk/internal/jimage/NativeImageBuffer$1
instanceKlass jdk/internal/jimage/NativeImageBuffer
instanceKlass jdk/internal/jimage/BasicImageReader$1
instanceKlass jdk/internal/jimage/BasicImageReader
instanceKlass jdk/internal/jimage/ImageReader
instanceKlass jdk/internal/jimage/ImageReaderFactory$1
instanceKlass java/net/URI$Parser
instanceKlass java/nio/file/FileSystems$DefaultFileSystemHolder$1
instanceKlass java/nio/file/FileSystems$DefaultFileSystemHolder
instanceKlass java/nio/file/FileSystems
instanceKlass java/nio/file/Paths
instanceKlass jdk/internal/jimage/ImageReaderFactory
instanceKlass jdk/internal/module/SystemModuleFinders$SystemImage
instanceKlass jdk/internal/module/SystemModuleFinders$SystemModuleReader
instanceKlass java/lang/module/ModuleReader
instanceKlass jdk/internal/loader/BuiltinClassLoader$5
instanceKlass jdk/internal/loader/BuiltinClassLoader$2
instanceKlass jdk/internal/module/Resources
instanceKlass java/util/ServiceLoader$3
instanceKlass java/util/ServiceLoader$2
instanceKlass java/util/ServiceLoader$LazyClassPathLookupIterator
instanceKlass java/util/Spliterators$1Adapter
instanceKlass java/util/function/Consumer
instanceKlass sun/reflect/annotation/AnnotationParser
instanceKlass java/lang/Class$3
instanceKlass java/util/EnumMap$1
instanceKlass java/util/stream/StreamOpFlag$MaskBuilder
instanceKlass java/util/stream/Stream
instanceKlass java/util/stream/BaseStream
instanceKlass java/util/stream/PipelineHelper
instanceKlass java/util/stream/StreamSupport
instanceKlass java/util/Spliterators$ArraySpliterator
instanceKlass java/util/Spliterator$OfDouble
instanceKlass java/util/Spliterator$OfLong
instanceKlass java/util/Spliterator$OfInt
instanceKlass java/util/Spliterator$OfPrimitive
instanceKlass java/util/Spliterator
instanceKlass java/util/Spliterators$EmptySpliterator
instanceKlass java/util/Spliterators
instanceKlass java/util/ServiceLoader$ModuleServicesLookupIterator
instanceKlass java/util/ServiceLoader
instanceKlass org/slf4j/helpers/Util
instanceKlass org/slf4j/helpers/NOPMDCAdapter
instanceKlass org/slf4j/helpers/NOPLoggerFactory
instanceKlass org/slf4j/helpers/NOP_FallbackServiceProvider
instanceKlass org/slf4j/helpers/ThreadLocalMapOfStacks
instanceKlass org/slf4j/helpers/BasicMDCAdapter
instanceKlass org/slf4j/Marker
instanceKlass org/slf4j/helpers/BasicMarkerFactory
instanceKlass java/util/concurrent/LinkedBlockingQueue$Node
instanceKlass java/util/concurrent/locks/AbstractQueuedSynchronizer$ConditionObject
instanceKlass java/util/concurrent/locks/Condition
instanceKlass java/util/concurrent/BlockingQueue
instanceKlass org/slf4j/Logger
instanceKlass org/slf4j/helpers/SubstituteLoggerFactory
instanceKlass org/slf4j/ILoggerFactory
instanceKlass org/slf4j/spi/MDCAdapter
instanceKlass org/slf4j/IMarkerFactory
instanceKlass org/slf4j/helpers/SubstituteServiceProvider
instanceKlass org/slf4j/event/LoggingEvent
instanceKlass org/slf4j/spi/SLF4JServiceProvider
instanceKlass org/slf4j/LoggerFactory
instanceKlass java/lang/PublicMethods$Key
instanceKlass java/lang/PublicMethods$MethodList
instanceKlass com/google/inject/Injector
instanceKlass org/pf4j/PluginManager
instanceKlass org/mule/dx/platform/MuleDXLauncher
instanceKlass java/security/SecureClassLoader$DebugHolder
instanceKlass java/security/PermissionCollection
instanceKlass java/security/SecureClassLoader$1
instanceKlass java/security/SecureClassLoader$CodeSourceKey
instanceKlass java/util/zip/Checksum$1
instanceKlass java/util/zip/CRC32
instanceKlass java/util/zip/Checksum
instanceKlass sun/nio/ByteBuffered
instanceKlass java/lang/Package$VersionInfo
instanceKlass java/lang/NamedPackage
instanceKlass jdk/internal/loader/Resource
instanceKlass jdk/internal/util/jar/JarIndex
instanceKlass jdk/internal/loader/FileURLMapper
instanceKlass jdk/internal/loader/URLClassPath$JarLoader$1
instanceKlass jdk/internal/loader/URLClassPath$Loader
instanceKlass jdk/internal/loader/URLClassPath$3
instanceKlass java/security/PrivilegedExceptionAction
instanceKlass sun/net/util/URLUtil
instanceKlass java/io/RandomAccessFile$1
instanceKlass java/util/jar/Attributes$Name
instanceKlass java/util/jar/Attributes
instanceKlass java/security/CodeSigner
instanceKlass java/util/jar/JarVerifier
instanceKlass sun/security/action/GetIntegerAction
instanceKlass sun/security/util/Debug
instanceKlass sun/security/util/SignatureFileVerifier
instanceKlass java/util/zip/ZipFile$InflaterCleanupAction
instanceKlass java/util/zip/Inflater$InflaterZStreamRef
instanceKlass java/util/zip/Inflater
instanceKlass java/util/zip/ZipEntry
instanceKlass java/nio/Bits$1
instanceKlass jdk/internal/misc/VM$BufferPool
instanceKlass java/nio/Bits
instanceKlass sun/nio/ch/DirectBuffer
instanceKlass jdk/internal/perf/PerfCounter$CoreCounters
instanceKlass jdk/internal/perf/Perf
instanceKlass jdk/internal/perf/Perf$GetPerfAction
instanceKlass jdk/internal/perf/PerfCounter
instanceKlass sun/util/locale/LocaleObjectCache
instanceKlass sun/util/locale/BaseLocale$Key
instanceKlass sun/util/locale/LocaleUtils
instanceKlass sun/util/locale/BaseLocale
instanceKlass java/util/Locale
instanceKlass java/nio/file/attribute/FileTime
instanceKlass java/util/TreeMap$PrivateEntryIterator
instanceKlass java/util/TreeMap$Entry
instanceKlass java/util/NavigableMap
instanceKlass java/util/SortedMap
instanceKlass java/util/NavigableSet
instanceKlass java/util/SortedSet
instanceKlass java/util/zip/ZipUtils
instanceKlass java/util/zip/ZipFile$Source$End
instanceKlass java/io/RandomAccessFile$2
instanceKlass jdk/internal/access/JavaIORandomAccessFileAccess
instanceKlass java/io/RandomAccessFile
instanceKlass java/io/DataInput
instanceKlass java/io/DataOutput
instanceKlass sun/nio/fs/WindowsNativeDispatcher$CompletionStatus
instanceKlass sun/nio/fs/WindowsNativeDispatcher$AclInformation
instanceKlass sun/nio/fs/WindowsNativeDispatcher$Account
instanceKlass sun/nio/fs/WindowsNativeDispatcher$DiskFreeSpace
instanceKlass sun/nio/fs/WindowsNativeDispatcher$VolumeInformation
instanceKlass sun/nio/fs/WindowsNativeDispatcher$FirstStream
instanceKlass sun/nio/fs/WindowsNativeDispatcher$FirstFile
instanceKlass java/util/Enumeration
instanceKlass java/util/concurrent/ConcurrentHashMap$Traverser
instanceKlass java/util/concurrent/ConcurrentHashMap$CollectionView
instanceKlass jdk/internal/loader/NativeLibraries$NativeLibraryImpl
instanceKlass jdk/internal/loader/NativeLibrary
instanceKlass java/util/ArrayDeque$DeqIterator
instanceKlass jdk/internal/loader/NativeLibraries$1
instanceKlass jdk/internal/loader/NativeLibraries$LibraryPaths
instanceKlass sun/nio/fs/WindowsNativeDispatcher
instanceKlass sun/nio/fs/NativeBuffer$Deallocator
instanceKlass sun/nio/fs/NativeBuffer
instanceKlass java/lang/ThreadLocal$ThreadLocalMap
instanceKlass sun/nio/fs/NativeBuffers
instanceKlass sun/nio/fs/WindowsFileAttributes
instanceKlass java/nio/file/attribute/DosFileAttributes
instanceKlass sun/nio/fs/AbstractBasicFileAttributeView
instanceKlass sun/nio/fs/DynamicFileAttributeView
instanceKlass sun/nio/fs/WindowsFileAttributeViews
instanceKlass sun/nio/fs/Util
instanceKlass java/nio/file/attribute/BasicFileAttributeView
instanceKlass java/nio/file/attribute/FileAttributeView
instanceKlass java/nio/file/attribute/AttributeView
instanceKlass java/nio/file/Files
instanceKlass java/nio/file/CopyOption
instanceKlass java/nio/file/attribute/BasicFileAttributes
instanceKlass sun/nio/fs/WindowsPath
instanceKlass java/nio/file/Path
instanceKlass java/nio/file/Watchable
instanceKlass java/util/zip/ZipFile$Source$Key
instanceKlass sun/nio/fs/WindowsPathParser$Result
instanceKlass sun/nio/fs/WindowsPathParser
instanceKlass java/util/Collections$UnmodifiableCollection
instanceKlass java/util/Arrays$ArrayItr
instanceKlass java/nio/file/FileSystem
instanceKlass java/nio/file/OpenOption
instanceKlass java/nio/file/spi/FileSystemProvider
instanceKlass sun/nio/fs/DefaultFileSystemProvider
instanceKlass java/util/zip/ZipFile$Source
instanceKlass java/util/zip/ZipCoder
instanceKlass java/util/zip/ZipFile$CleanableResource
instanceKlass java/lang/Runtime$Version
instanceKlass java/util/jar/JavaUtilJarAccessImpl
instanceKlass jdk/internal/access/JavaUtilJarAccess
instanceKlass java/util/zip/ZipFile$1
instanceKlass jdk/internal/access/JavaUtilZipFileAccess
instanceKlass java/util/zip/ZipFile
instanceKlass java/util/zip/ZipConstants
instanceKlass java/lang/StringCoding
instanceKlass sun/nio/cs/ArrayDecoder
instanceKlass java/nio/charset/CharsetDecoder
instanceKlass sun/launcher/LauncherHelper
instanceKlass java/lang/invoke/StringConcatFactory$3
instanceKlass java/lang/invoke/StringConcatFactory$2
instanceKlass java/lang/invoke/StringConcatFactory$1
instanceKlass java/lang/invoke/StringConcatFactory
instanceKlass java/util/function/BiFunction
instanceKlass java/lang/WeakPairMap$Pair$Lookup
instanceKlass java/lang/WeakPairMap$Pair
instanceKlass java/lang/WeakPairMap
instanceKlass java/lang/Module$ReflectionData
instanceKlass java/lang/ref/Cleaner$Cleanable
instanceKlass jdk/internal/ref/CleanerImpl
instanceKlass java/lang/ref/Cleaner$1
instanceKlass java/lang/ref/Cleaner
instanceKlass jdk/internal/ref/CleanerFactory$1
instanceKlass java/util/concurrent/ThreadFactory
instanceKlass jdk/internal/ref/CleanerFactory
instanceKlass jdk/internal/org/objectweb/asm/FieldVisitor
instanceKlass java/util/ArrayList$Itr
instanceKlass java/lang/invoke/InvokerBytecodeGenerator$ClassData
instanceKlass jdk/internal/org/objectweb/asm/Frame
instanceKlass java/lang/invoke/LambdaFormBuffer
instanceKlass java/lang/invoke/LambdaFormEditor$TransformKey
instanceKlass java/lang/invoke/LambdaFormEditor
instanceKlass sun/invoke/util/Wrapper$1
instanceKlass java/lang/invoke/DelegatingMethodHandle$Holder
instanceKlass java/lang/invoke/DirectMethodHandle$2
instanceKlass sun/invoke/empty/Empty
instanceKlass sun/invoke/util/VerifyType
instanceKlass java/lang/invoke/ClassSpecializer$Factory
instanceKlass java/lang/invoke/ClassSpecializer$SpeciesData
instanceKlass java/lang/invoke/ClassSpecializer$1
instanceKlass java/lang/invoke/ClassSpecializer
instanceKlass java/lang/invoke/InnerClassLambdaMetafactory$1
instanceKlass java/lang/invoke/MethodHandles$Lookup$ClassDefiner
instanceKlass jdk/internal/org/objectweb/asm/ClassReader
instanceKlass java/lang/invoke/MethodHandles$Lookup$ClassFile
instanceKlass jdk/internal/org/objectweb/asm/AnnotationVisitor
instanceKlass jdk/internal/org/objectweb/asm/Attribute
instanceKlass jdk/internal/org/objectweb/asm/Handler
instanceKlass jdk/internal/org/objectweb/asm/Label
instanceKlass jdk/internal/org/objectweb/asm/MethodVisitor
instanceKlass java/lang/invoke/LambdaProxyClassArchive
instanceKlass jdk/internal/org/objectweb/asm/ByteVector
instanceKlass jdk/internal/org/objectweb/asm/Symbol
instanceKlass jdk/internal/org/objectweb/asm/SymbolTable
instanceKlass jdk/internal/org/objectweb/asm/ClassVisitor
instanceKlass java/lang/invoke/InfoFromMemberName
instanceKlass java/lang/invoke/MethodHandleInfo
instanceKlass jdk/internal/org/objectweb/asm/ConstantDynamic
instanceKlass sun/invoke/util/BytecodeDescriptor
instanceKlass jdk/internal/org/objectweb/asm/Handle
instanceKlass sun/security/action/GetBooleanAction
instanceKlass jdk/internal/org/objectweb/asm/Type
instanceKlass java/lang/invoke/AbstractValidatingLambdaMetafactory
instanceKlass java/lang/invoke/MethodHandleImpl$1
instanceKlass jdk/internal/access/JavaLangInvokeAccess
instanceKlass java/lang/invoke/Invokers$Holder
instanceKlass java/lang/invoke/BootstrapMethodInvoker
instanceKlass java/lang/invoke/InvokerBytecodeGenerator$2
instanceKlass java/lang/invoke/InvokerBytecodeGenerator
instanceKlass java/lang/invoke/LambdaForm$Holder
instanceKlass java/lang/invoke/LambdaForm$Name
instanceKlass java/lang/reflect/Array
instanceKlass java/lang/invoke/Invokers
instanceKlass java/lang/invoke/MethodHandleImpl
instanceKlass sun/invoke/util/ValueConversions
instanceKlass java/lang/invoke/DirectMethodHandle$Holder
instanceKlass java/lang/invoke/LambdaForm$NamedFunction
instanceKlass sun/invoke/util/Wrapper$Format
instanceKlass java/lang/invoke/MethodTypeForm
instanceKlass java/lang/Void
instanceKlass java/lang/invoke/MethodType$ConcurrentWeakInternSet
instanceKlass java/lang/invoke/LambdaMetafactory
instanceKlass java/lang/ModuleLayer$Controller
instanceKlass java/util/concurrent/CopyOnWriteArrayList
instanceKlass jdk/internal/module/ServicesCatalog$ServiceProvider
instanceKlass jdk/internal/loader/AbstractClassLoaderValue$Memoizer
instanceKlass java/util/ImmutableCollections$ListItr
instanceKlass java/util/ListIterator
instanceKlass java/lang/ModuleLayer
instanceKlass jdk/internal/module/ModuleLoaderMap$Modules
instanceKlass jdk/internal/module/ModuleLoaderMap$Mapper
instanceKlass java/util/function/Function
instanceKlass jdk/internal/module/ModuleLoaderMap
instanceKlass java/util/AbstractMap$1$1
instanceKlass java/lang/module/ResolvedModule
instanceKlass java/lang/module/Configuration
instanceKlass jdk/internal/loader/BuiltinClassLoader$LoadedModule
instanceKlass jdk/internal/loader/AbstractClassLoaderValue
instanceKlass jdk/internal/module/ServicesCatalog
instanceKlass jdk/internal/util/Preconditions
instanceKlass sun/net/util/IPAddressUtil
instanceKlass java/net/URLStreamHandler
instanceKlass java/util/HexFormat
instanceKlass sun/net/www/ParseUtil
instanceKlass java/net/URL$3
instanceKlass jdk/internal/access/JavaNetURLAccess
instanceKlass java/net/URL$DefaultFactory
instanceKlass java/net/URLStreamHandlerFactory
instanceKlass jdk/internal/loader/URLClassPath
instanceKlass java/security/Principal
instanceKlass java/security/ProtectionDomain$Key
instanceKlass java/security/ProtectionDomain$JavaSecurityAccessImpl
instanceKlass jdk/internal/access/JavaSecurityAccess
instanceKlass java/lang/ClassLoader$ParallelLoaders
instanceKlass java/security/cert/Certificate
instanceKlass jdk/internal/loader/ArchivedClassLoaders
instanceKlass java/util/Deque
instanceKlass java/util/Queue
instanceKlass jdk/internal/loader/ClassLoaderHelper
instanceKlass jdk/internal/loader/NativeLibraries
instanceKlass jdk/internal/loader/BootLoader
instanceKlass java/util/Optional
instanceKlass jdk/internal/module/SystemModuleFinders$SystemModuleFinder
instanceKlass java/lang/module/ModuleFinder
instanceKlass jdk/internal/module/SystemModuleFinders$3
instanceKlass jdk/internal/module/ModuleHashes$HashSupplier
instanceKlass jdk/internal/module/SystemModuleFinders$2
instanceKlass java/util/function/Supplier
instanceKlass java/lang/module/ModuleReference
instanceKlass jdk/internal/module/ModuleResolution
instanceKlass java/util/Collections$UnmodifiableMap
instanceKlass jdk/internal/module/ModuleHashes$Builder
instanceKlass jdk/internal/module/ModuleHashes
instanceKlass jdk/internal/module/ModuleTarget
instanceKlass java/util/ImmutableCollections$Set12$1
instanceKlass java/lang/Enum
instanceKlass java/lang/module/ModuleDescriptor$Version
instanceKlass java/lang/module/ModuleDescriptor$Provides
instanceKlass java/lang/module/ModuleDescriptor$Opens
instanceKlass java/util/ImmutableCollections$SetN$SetNIterator
instanceKlass java/lang/module/ModuleDescriptor$Exports
instanceKlass java/lang/module/ModuleDescriptor$Requires
instanceKlass jdk/internal/module/Builder
instanceKlass jdk/internal/module/SystemModules$default
instanceKlass jdk/internal/module/SystemModules
instanceKlass jdk/internal/module/SystemModulesMap
instanceKlass java/net/URI$1
instanceKlass jdk/internal/access/JavaNetUriAccess
instanceKlass java/net/URI
instanceKlass jdk/internal/module/SystemModuleFinders
instanceKlass jdk/internal/module/ArchivedModuleGraph
instanceKlass jdk/internal/module/ArchivedBootLayer
instanceKlass jdk/internal/module/ModuleBootstrap$Counters
instanceKlass jdk/internal/module/ModulePatcher
instanceKlass java/io/FileSystem
instanceKlass java/io/DefaultFileSystem
instanceKlass java/io/File
instanceKlass java/lang/module/ModuleDescriptor$1
instanceKlass jdk/internal/access/JavaLangModuleAccess
instanceKlass sun/invoke/util/VerifyAccess
instanceKlass java/lang/module/ModuleDescriptor
instanceKlass jdk/internal/module/ModuleBootstrap
instanceKlass java/lang/invoke/MethodHandleStatics
instanceKlass java/util/Collections
instanceKlass sun/io/Win32ErrorMode
instanceKlass jdk/internal/misc/OSEnvironment
instanceKlass jdk/internal/misc/Signal$NativeHandler
instanceKlass java/util/Hashtable$Entry
instanceKlass jdk/internal/misc/Signal
instanceKlass java/lang/Terminator$1
instanceKlass jdk/internal/misc/Signal$Handler
instanceKlass java/lang/Terminator
instanceKlass java/nio/ByteOrder
instanceKlass java/nio/Buffer$1
instanceKlass jdk/internal/access/JavaNioAccess
instanceKlass jdk/internal/misc/ScopedMemoryAccess
instanceKlass java/nio/charset/CodingErrorAction
instanceKlass sun/nio/cs/SingleByte
instanceKlass java/lang/StringUTF16
instanceKlass sun/nio/cs/MS1252$Holder
instanceKlass sun/nio/cs/ArrayEncoder
instanceKlass java/nio/charset/CharsetEncoder
instanceKlass java/lang/reflect/Modifier
instanceKlass java/lang/Class$1
instanceKlass java/lang/Class$Atomic
instanceKlass java/lang/Class$ReflectionData
instanceKlass jdk/internal/util/ArraysSupport
instanceKlass java/nio/charset/StandardCharsets
instanceKlass sun/nio/cs/HistoricallyNamedCharset
instanceKlass sun/security/action/GetPropertyAction
instanceKlass java/lang/ThreadLocal
instanceKlass java/nio/charset/spi/CharsetProvider
instanceKlass java/nio/charset/Charset
instanceKlass java/io/Writer
instanceKlass java/io/OutputStream
instanceKlass java/io/Flushable
instanceKlass java/io/FileDescriptor$1
instanceKlass jdk/internal/access/JavaIOFileDescriptorAccess
instanceKlass java/io/FileDescriptor
instanceKlass jdk/internal/util/StaticProperty
instanceKlass java/util/HashMap$HashIterator
instanceKlass java/lang/Integer$IntegerCache
instanceKlass java/lang/CharacterData
instanceKlass java/util/Arrays
instanceKlass java/lang/VersionProps
instanceKlass java/lang/StringConcatHelper
instanceKlass jdk/internal/util/SystemProps$Raw
instanceKlass jdk/internal/util/SystemProps
instanceKlass jdk/internal/misc/VM
instanceKlass java/lang/System$2
instanceKlass jdk/internal/access/JavaLangAccess
instanceKlass java/lang/ref/Reference$1
instanceKlass jdk/internal/access/JavaLangRefAccess
instanceKlass java/lang/ref/ReferenceQueue$Lock
instanceKlass java/lang/ref/ReferenceQueue
instanceKlass jdk/internal/reflect/ReflectionFactory
instanceKlass jdk/internal/reflect/ReflectionFactory$GetReflectionFactoryAction
instanceKlass java/security/PrivilegedAction
instanceKlass java/util/concurrent/locks/LockSupport
instanceKlass java/util/concurrent/ConcurrentHashMap$Node
instanceKlass java/util/concurrent/ConcurrentHashMap$CounterCell
instanceKlass java/util/concurrent/locks/ReentrantLock
instanceKlass java/util/concurrent/locks/Lock
instanceKlass java/lang/Runtime
instanceKlass java/util/HashMap$Node
instanceKlass java/util/KeyValueHolder
instanceKlass java/util/Map$Entry
instanceKlass java/util/ImmutableCollections$MapN$MapNIterator
instanceKlass java/lang/Math
instanceKlass jdk/internal/reflect/Reflection
instanceKlass java/lang/invoke/MethodHandles$Lookup
instanceKlass java/lang/StringLatin1
instanceKlass java/security/Permission
instanceKlass java/security/Guard
instanceKlass java/lang/invoke/MemberName$Factory
instanceKlass java/lang/invoke/MethodHandles
instanceKlass jdk/internal/access/SharedSecrets
instanceKlass java/lang/reflect/ReflectAccess
instanceKlass jdk/internal/access/JavaLangReflectAccess
instanceKlass java/util/ImmutableCollections
instanceKlass java/util/Objects
instanceKlass java/util/Set
instanceKlass jdk/internal/misc/CDS
instanceKlass java/lang/Module$ArchivedData
instanceKlass java/lang/String$CaseInsensitiveComparator
instanceKlass java/util/Comparator
instanceKlass java/io/ObjectStreamField
instanceKlass jdk/internal/vm/vector/VectorSupport$VectorPayload
instanceKlass jdk/internal/vm/vector/VectorSupport
instanceKlass java/lang/reflect/RecordComponent
instanceKlass java/util/Iterator
instanceKlass java/lang/Number
instanceKlass java/lang/Character
instanceKlass java/lang/Boolean
instanceKlass java/util/concurrent/locks/AbstractOwnableSynchronizer
instanceKlass java/lang/LiveStackFrame
instanceKlass java/lang/StackFrameInfo
instanceKlass java/lang/StackWalker$StackFrame
instanceKlass java/lang/StackStreamFactory$AbstractStackWalker
instanceKlass java/lang/StackWalker
instanceKlass java/nio/Buffer
instanceKlass java/lang/StackTraceElement
instanceKlass java/util/RandomAccess
instanceKlass java/util/List
instanceKlass java/util/AbstractCollection
instanceKlass java/util/Collection
instanceKlass java/lang/Iterable
instanceKlass java/util/concurrent/ConcurrentMap
instanceKlass java/util/AbstractMap
instanceKlass java/security/CodeSource
instanceKlass jdk/internal/loader/ClassLoaders
instanceKlass java/util/jar/Manifest
instanceKlass java/net/URL
instanceKlass java/io/InputStream
instanceKlass java/io/Closeable
instanceKlass java/lang/AutoCloseable
instanceKlass jdk/internal/module/Modules
instanceKlass jdk/internal/misc/Unsafe
instanceKlass jdk/internal/misc/UnsafeConstants
instanceKlass java/lang/AbstractStringBuilder
instanceKlass java/lang/Appendable
instanceKlass java/lang/AssertionStatusDirectives
instanceKlass java/lang/invoke/MethodHandleNatives$CallSiteContext
instanceKlass jdk/internal/invoke/NativeEntryPoint
instanceKlass java/lang/invoke/CallSite
instanceKlass java/lang/invoke/MethodType
instanceKlass java/lang/invoke/TypeDescriptor$OfMethod
instanceKlass java/lang/invoke/LambdaForm
instanceKlass java/lang/invoke/MethodHandleNatives
instanceKlass java/lang/invoke/ResolvedMethodName
instanceKlass java/lang/invoke/MemberName
instanceKlass java/lang/invoke/VarHandle
instanceKlass java/lang/invoke/MethodHandle
instanceKlass jdk/internal/reflect/CallerSensitive
instanceKlass java/lang/annotation/Annotation
instanceKlass jdk/internal/reflect/FieldAccessor
instanceKlass jdk/internal/reflect/ConstantPool
instanceKlass jdk/internal/reflect/ConstructorAccessor
instanceKlass jdk/internal/reflect/MethodAccessor
instanceKlass jdk/internal/reflect/MagicAccessorImpl
instanceKlass java/lang/reflect/Parameter
instanceKlass java/lang/reflect/Member
instanceKlass java/lang/reflect/AccessibleObject
instanceKlass java/lang/Module
instanceKlass java/util/Map
instanceKlass java/util/Dictionary
instanceKlass java/lang/ThreadGroup
instanceKlass java/lang/Thread$UncaughtExceptionHandler
instanceKlass java/lang/Thread
instanceKlass java/lang/Runnable
instanceKlass java/lang/ref/Reference
instanceKlass java/lang/Record
instanceKlass java/security/AccessController
instanceKlass java/security/AccessControlContext
instanceKlass java/security/ProtectionDomain
instanceKlass java/lang/SecurityManager
instanceKlass java/lang/Throwable
instanceKlass java/lang/System
instanceKlass java/lang/ClassLoader
instanceKlass java/lang/Cloneable
instanceKlass java/lang/Class
instanceKlass java/lang/invoke/TypeDescriptor$OfField
instanceKlass java/lang/invoke/TypeDescriptor
instanceKlass java/lang/reflect/Type
instanceKlass java/lang/reflect/GenericDeclaration
instanceKlass java/lang/reflect/AnnotatedElement
instanceKlass java/lang/String
instanceKlass java/lang/constant/ConstantDesc
instanceKlass java/lang/constant/Constable
instanceKlass java/lang/CharSequence
instanceKlass java/lang/Comparable
instanceKlass java/io/Serializable
ciInstanceKlass java/lang/Object 1 1 92 7 1 10 12 1 1 10 7 12 1 1 1 10 7 12 1 1 1 10 12 1 1 8 1 10 12 1 1 10 7 12 1 1 1 10 12 1 10 12 1 1 100 1 8 1 10 12 1 3 8 1 100 1 5 0 1 1 1 1 1 1 1 1 1 1 1 1 1 1 1 1 7 1 1 1 7 1 1 1 1 1 1 1 7 1 1 1 1 1 1 1
ciMethod java/lang/Object equals (Ljava/lang/Object;)Z 776 0 152708 0 96
ciInstanceKlass java/lang/Class 1 1 1611 10 7 12 1 1 1 9 7 12 1 1 1 9 12 1 1 7 1 10 10 12 1 1 8 1 10 12 1 8 1 8 1 10 12 1 1 10 12 1 1 10 12 1 10 10 12 1 10 12 1 1 10 12 1 1 10 7 12 1 1 10 12 1 10 12 1 10 12 1 8 1 10 12 1 8 1 10 12 1 8 1 8 1 10 12 1 1 10 7 12 1 1 1 18 12 1 1 11 7 12 1 1 1 8 1 8 1 8 1 10 7 12 1 1 1 11 12 1 1 7 1 8 1 10 12 1 11 100 12 1 1 1 10 12 1 1 11 8 1 18 8 1 10 12 1 10 7 12 1 1 10 7 12 1 1 1 10 12 1 1 10 7 12 1 1 1 9 100 12 1 1 1 10 100 12 1 1 1 10 7 12 1 1 1 10 12 1 1 18 12 1 1 10 7 12 1 1 1 10 7 12 1 1 10 12 1 1 10 7 1 100 1 10 12 1 1 9 12 1 1 7 1 8 1 10 12 1 10 12 1 1 10 12 1 1 10 7 12 1 1 1 7 1 10 12 1 7 1 7 1 10 10 12 1 1 10 12 1 1 100 1 10 100 12 1 1 1 10 12 1 1 10 12 1 1 9 12 1 1 10 12 1 10 12 1 10 12 1 1 9 12 1 1 9 12 1 1 10 12 1 1 10 7 1 10 12 1 10 12 1 10 12 1 1 10 9 12 1 10 12 1 8 1 10 12 1 1 10 12 1 1 10 12 1 10 12 1 1 10 12 1 1 10 12 1 1 9 7 12 1 1 1 10 7 12 1 1 10 12 10 12 1 10 12 1 1 10 100 12 1 1 10 12 1 10 12 1 1 10 100 12 1 1 1 10 12 1 10 12 1 1 10 12 1 10 12 1 10 12 1 1 10 7 1 10 10 10 12 1 1 10 12 1 1 10 12 10 12 1 1 100 1 8 1 10 10 12 1 1 10 12 1 100 1 11 12 1 10 100 12 1 1 10 12 1 10 12 1 10 100 12 1 1 10 10 12 1 1 8 1 10 12 1 10 12 1 1 8 1 9 12 1 10 12 1 10 12 1 10 12 1 10 12 100 1 9 12 1 10 12 1 9 12 1 10 12 1 10 12 1 10 12 1 10 10 12 1 10 12 1 10 12 1 10 12 1 10 12 1 10 12 1 100 1 10 12 1 10 12 1 1 10 12 1 1 10 12 1 1 10 12 1 1 10 12 1 1 10 12 1 1 7 1 10 10 12 1 1 10 12 1 1 10 12 1 1 10 10 12 1 10 12 1 1 10 12 1 1 10 12 1 1 10 12 1 1 7 1 10 10 12 11 100 12 1 1 10 12 1 1 10 12 1 10 7 12 1 1 1 10 12 1 1 10 10 12 1 1 100 1 10 10 12 1 1 10 100 12 1 1 1 100 1 7 1 10 12 1 1 10 12 1 10 10 12 1 1 10 12 1 10 12 1 10 12 1 10 100 12 1 1 1 11 7 12 1 1 10 12 1 10 12 1 9 12 1 10 12 1 1 10 12 1 9 12 1 1 100 1 10 9 12 1 1 10 12 100 1 10 12 1 9 12 1 10 100 12 1 1 1 10 12 1 10 12 1 10 100 12 1 1 1 10 12 1 10 12 10 12 1 1 100 1 10 8 1 10 12 1 11 11 12 1 1 11 7 12 1 1 11 12 1 8 1 10 12 1 10 12 1 1 9 12 1 9 12 1 1 10 7 12 1 1 9 12 1 10 12 1 1 10 10 12 1 10 7 12 1 1 1 10 7 12 1 1 10 7 12 1 1 9 12 1 1 10 12 1 9 12 1 10 12 1 10 12 1 1 9 12 1 1 9 12 1 10 12 1 10 12 1 1 9 12 1 100 1 10 10 12 1 1 7 1 10 12 1 1 100 11 100 1 9 12 1 1 9 12 1 100 1 10 12 1 9 12 1 1 9 12 1 10 12 1 10 12 1 1 9 12 1 7 1 10 10 12 1 1 10 10 12 1 1 10 12 10 10 12 1 9 12 1 10 12 1 1 10 7 12 1 1 1 10 12 1 1 10 12 1 8 10 7 8 1 18 8 1 8 1 10 12 1 9 12 1 9 12 1 1 10 12 1 7 1 7 1 10 12 1 9 12 1 1 7 1 10 10 12 1 10 7 1 9 12 1 8 1 10 12 1 7 1 10 12 1 10 12 1 1 9 12 1 100 1 8 1 10 7 1 4 10 10 12 11 7 12 1 1 1 10 12 1 7 1 10 12 1 1 10 8 1 8 1 10 12 1 1 9 7 12 1 1 11 12 7 1 11 7 12 1 1 9 12 1 10 100 12 1 1 1 10 7 12 1 1 10 12 1 1 9 12 1 9 10 12 1 1 10 12 1 1 10 12 1 1 10 12 1 1 10 12 1 1 11 12 1 7 1 11 12 1 10 7 12 1 1 1 10 12 1 7 1 11 12 1 10 7 12 1 1 1 10 12 1 10 11 12 1 11 12 1 1 10 12 1 10 12 1 1 9 12 1 1 9 7 12 1 1 10 12 1 10 7 12 1 1 1 10 12 1 1 10 12 1 10 12 1 10 12 1 10 7 12 1 1 1 10 12 1 8 1 10 12 1 10 12 1 10 12 1 10 100 12 1 1 1 11 100 12 1 1 1 10 12 1 1 10 12 1 18 12 1 1 11 12 1 1 18 11 12 1 18 12 1 11 12 1 10 12 1 1 10 12 1 10 12 1 10 12 10 12 1 8 1 10 12 1 7 1 9 12 1 1 100 1 100 1 100 1 100 1 100 1 1 1 3 1 3 1 3 1 1 1 1 1 1 1 5 0 1 1 1 1 1 1 1 1 1 1 1 1 1 1 1 1 1 1 1 1 1 1 1 100 1 1 1 1 1 1 1 100 1 1 1 1 1 1 7 1 1 1 1 1 1 1 1 1 1 1 1 1 1 1 1 1 1 1 1 1 1 1 1 1 1 1 1 1 1 1 1 1 1 1 1 1 1 100 1 1 1 1 1 1 1 1 1 1 1 1 1 1 1 1 1 1 1 1 1 1 1 1 1 1 1 1 100 1 1 1 1 1 1 1 1 1 1 1 1 1 1 1 1 1 1 1 1 1 1 1 1 1 1 1 1 1 1 1 1 1 1 1 1 1 1 1 1 1 1 1 1 1 1 1 1 1 1 1 1 1 100 1 100 1 1 1 1 1 1 1 1 1 1 1 1 1 1 1 1 1 1 1 1 1 1 1 1 1 1 1 1 1 1 1 1 1 1 1 1 1 1 1 1 1 1 1 1 1 1 1 1 1 1 1 1 1 1 1 1 1 1 1 1 1 1 1 100 1 1 1 1 1 1 1 1 1 1 1 1 1 1 1 1 1 1 1 1 1 1 1 1 1 1 1 1 1 1 1 1 1 1 1 1 1 1 1 1 1 1 1 1 1 1 1 1 1 1 1 1 1 1 1 1 1 1 1 1 1 1 1 1 1 1 1 1 15 10 7 12 1 1 1 16 15 10 12 16 15 11 12 16 1 16 15 16 15 10 12 16 16 15 10 12 16 15 16 1 15 10 12 16 1 1 1 1 1 1 1 1 100 1 1 100 1 100 1 1 100 1 100 1 1
staticfield java/lang/Class EMPTY_CLASS_ARRAY [Ljava/lang/Class; 0 [Ljava/lang/Class;
staticfield java/lang/Class serialPersistentFields [Ljava/io/ObjectStreamField; 0 [Ljava/io/ObjectStreamField;
ciInstanceKlass java/io/Serializable 1 0 7 100 1 100 1 1 1
instanceKlass jdk/internal/vm/vector/VectorSupport$VectorShuffle
instanceKlass jdk/internal/vm/vector/VectorSupport$VectorMask
instanceKlass jdk/internal/vm/vector/VectorSupport$Vector
ciInstanceKlass jdk/internal/vm/vector/VectorSupport$VectorPayload 0 0 32 10 100 12 1 1 1 9 100 12 1 1 1 10 100 12 1 1 1 1 1 1 1 1 1 1 1 1 1 1 1 1
ciInstanceKlass jdk/internal/vm/vector/VectorSupport$VectorShuffle 0 0 28 10 100 12 1 1 1 100 1 1 1 1 1 1 1 1 1 1 1 1 1 1 1 100 1 1 1 1
ciInstanceKlass jdk/internal/vm/vector/VectorSupport$VectorMask 0 0 28 10 100 12 1 1 1 100 1 1 1 1 1 1 1 1 1 1 1 1 1 1 1 100 1 1 1 1
ciInstanceKlass jdk/internal/vm/vector/VectorSupport$Vector 0 0 28 10 100 12 1 1 1 100 1 1 1 1 1 1 1 1 1 1 1 1 1 1 1 100 1 1 1 1
ciInstanceKlass jdk/internal/vm/vector/VectorSupport 0 0 487 100 1 10 100 12 1 1 1 9 12 1 1 10 12 1 1 100 1 10 12 1 11 100 12 1 1 1 11 100 12 1 1 1 11 100 12 1 1 11 100 12 1 1 1 11 100 1 100 1 10 12 1 1 11 100 12 1 1 11 100 12 1 1 100 1 11 100 12 1 1 11 100 12 1 1 11 100 12 1 1 1 11 100 12 1 1 1 11 100 12 1 1 1 11 100 12 1 1 1 100 1 10 12 1 1 11 100 12 1 1 100 1 11 100 12 1 1 11 100 12 1 1 11 100 12 1 1 11 100 1 100 1 9 12 1 1 10 100 12 1 1 11 100 12 1 1 10 12 1 1 10 100 12 1 1 1 10 12 1 10 12 1 1 10 12 1 1 1 1 1 3 1 3 1 3 1 3 1 3 1 3 1 3 1 3 1 3 1 3 1 3 1 3 1 3 1 3 1 3 1 3 1 3 1 3 1 3 1 3 1 3 1 3 1 3 1 3 1 3 1 3 1 3 1 3 1 3 1 3 1 3 1 3 1 3 1 3 1 3 1 3 1 3 1 3 1 3 1 1 1 1 1 3 1 1 1 1 1 1 3 1 1 1 1 1 1 1 1 1 1 1 1 1 1 1 1 1 1 1 1 1 1 1 1 1 1 1 1 1 1 1 1 1 1 1 1 1 1 1 1 1 1 1 1 1 1 1 1 1 1 1 1 1 1 1 1 1 1 1 1 1 1 1 1 1 1 1 1 1 1 1 1 1 1 1 1 1 1 1 1 1 1 1 1 1 1 1 1 1 1 1 1 1 1 1 1 1 1 1 1 1 1 1 1 1 1 1 1 1 1 1 1 1 1 1 1 1 1 1 1 1 1 1 1 1 1 1 1 1 1 1 1 1 1 1 1 1 1 1 1 1 1 1 1 1 1 1 1 1 1 1 1 1 1 1 1 1 1 1 1 1 1 1 1 1 1 1 1 1 1 1 1 1 1 1 1 1 1 1 1 1 1 1 1 1 1 1 1 1 1 1 1 1 1 1 1 1 1 1 100 1 100 1 1 1 1 1 1 1 1 1 1 1 1 1 1 1 1 1 1 1 1 1 1 1 1
ciInstanceKlass java/lang/reflect/RecordComponent 1 0 196 10 100 12 1 1 1 9 100 12 1 1 1 9 12 1 1 9 12 1 10 12 1 1 10 12 1 1 10 100 12 1 1 1 10 12 1 1 9 12 1 1 10 12 1 1 10 12 1 1 10 12 1 10 100 12 1 1 10 100 12 1 1 9 12 1 1 10 100 12 1 1 1 11 100 12 1 1 1 10 9 100 12 1 1 1 10 100 12 1 1 1 9 12 1 1 10 100 12 1 1 1 10 12 1 1 11 100 12 1 1 10 100 12 1 1 100 1 9 12 1 9 12 1 1 9 12 1 10 100 12 1 1 1 10 12 1 1 10 12 1 1 100 1 10 10 12 1 10 12 1 1 8 1 10 12 1 10 12 1 9 12 1 100 1 1 1 1 1 1 1 1 1 1 1 1 1 1 1 1 1 1 1 1 1 1 100 1 1 1 1 1 1 100 1 1
ciInstanceKlass java/util/Iterator 1 1 53 100 1 8 1 10 12 1 1 10 7 12 1 1 1 11 7 12 1 1 1 11 12 1 1 11 7 12 1 1 1 100 1 1 1 1 1 1 1 1 1 1 1 1 1 1 1 1 1 1 1 1 1
ciInstanceKlass java/lang/System 1 1 803 10 100 12 1 1 1 9 7 12 1 1 1 10 12 1 10 12 1 1 10 12 1 1 10 12 1 9 12 1 1 10 7 12 1 1 1 11 100 12 1 1 1 10 100 12 1 1 1 10 12 1 1 10 12 1 1 100 1 8 1 10 12 1 10 100 12 1 1 1 10 7 12 1 1 1 18 12 1 1 10 100 12 1 1 1 100 1 10 12 1 1 10 100 12 1 1 1 10 12 1 10 7 12 1 1 1 9 100 12 1 1 1 10 100 12 1 1 1 11 7 12 1 1 1 10 12 1 1 10 7 12 1 1 1 100 1 10 10 12 1 1 8 1 10 12 1 8 1 10 12 1 9 12 1 1 8 1 10 7 12 1 1 1 10 12 1 1 100 1 8 1 10 9 12 1 1 8 1 10 12 1 1 10 100 12 1 1 1 8 1 10 12 1 100 1 10 12 1 8 1 10 12 1 10 12 1 1 100 1 10 12 10 12 1 9 12 1 1 9 12 1 1 10 7 12 1 1 1 10 7 12 1 1 1 10 12 1 1 10 12 1 10 12 1 10 7 12 1 1 1 10 12 1 100 1 100 1 8 1 10 12 1 10 12 1 1 7 1 10 12 1 100 1 8 1 10 10 12 1 100 1 8 1 10 8 1 10 7 12 1 1 8 1 10 12 100 1 8 1 10 10 12 1 1 10 7 12 1 1 1 100 1 18 12 1 100 1 9 100 12 1 1 1 10 12 1 100 1 10 12 1 1 10 12 1 1 10 7 12 1 1 1 10 12 1 1 10 12 1 10 12 1 10 12 1 1 10 12 1 7 1 10 12 1 10 12 1 100 1 10 12 1 10 7 12 1 1 1 100 1 8 1 10 9 12 1 9 12 1 10 12 1 10 100 12 1 1 10 12 1 10 12 1 1 8 1 10 12 1 1 8 1 11 12 1 10 12 11 12 1 1 11 7 12 1 1 1 11 7 12 1 1 11 12 1 1 7 1 11 12 1 10 12 1 8 1 10 12 1 1 8 1 8 1 8 1 8 1 11 12 1 10 12 1 10 12 1 10 12 1 10 7 12 1 1 8 1 7 1 9 7 12 1 1 1 10 12 1 7 1 9 12 10 9 12 7 1 10 12 8 1 10 12 1 1 8 1 10 7 12 1 1 10 12 1 10 7 12 1 1 1 10 12 1 1 10 7 12 1 1 1 10 12 10 7 12 1 1 1 9 12 1 1 100 1 8 1 10 12 1 1 10 7 12 1 1 1 7 1 10 12 1 1 8 1 10 8 1 8 1 8 1 8 1 10 10 7 12 1 1 10 12 1 1 10 12 1 1 10 12 1 1 10 12 1 10 100 12 1 1 1 10 100 1 8 1 10 10 10 12 1 1 10 12 1 1 8 1 10 12 1 8 1 10 12 1 10 12 1 1 7 1 10 10 12 1 10 12 1 9 12 1 1 1 3 1 3 1 1 1 1 1 1 1 1 1 1 1 1 100 1 1 100 1 1 1 1 1 1 1 1 1 1 1 100 1 100 1 1 1 1 1 1 1 1 1 1 1 1 1 1 1 1 1 1 1 1 1 1 1 1 1 1 1 1 1 1 1 1 1 1 1 1 1 1 1 1 1 1 1 1 1 1 1 1 1 1 1 1 1 1 1 1 1 1 100 1 1 1 1 1 1 1 1 1 1 1 1 1 1 1 1 1 1 1 1 1 1 1 1 1 1 1 1 1 1 1 1 1 100 1 1 15 10 100 12 1 1 1 16 15 10 12 1 1 16 15 10 12 16 1 1 1 1 1 1 1 100 1 100 1 1
staticfield java/lang/System in Ljava/io/InputStream; java/io/BufferedInputStream
staticfield java/lang/System out Ljava/io/PrintStream; java/io/PrintStream
staticfield java/lang/System err Ljava/io/PrintStream; java/io/PrintStream
instanceKlass jdk/internal/reflect/DelegatingClassLoader
instanceKlass java/security/SecureClassLoader
ciInstanceKlass java/lang/ClassLoader 1 1 1098 9 7 12 1 1 1 10 7 12 1 1 1 9 12 1 1 10 7 12 1 1 1 7 1 10 12 1 1 10 12 1 1 9 12 1 1 10 12 1 1 100 1 10 12 1 10 12 1 1 10 7 12 1 1 1 100 1 8 1 10 12 1 10 7 12 1 1 1 10 100 12 1 10 7 1 10 7 1 7 1 7 1 10 12 1 10 12 1 9 12 1 1 10 10 7 12 1 1 1 9 12 1 1 9 12 1 9 12 1 1 9 12 1 9 12 1 1 9 12 1 1 7 1 10 12 1 9 12 1 1 10 12 1 1 10 7 12 1 1 1 9 12 1 9 12 1 1 9 12 1 10 12 1 1 9 12 10 12 1 1 7 1 10 8 1 10 12 1 1 10 12 1 10 7 1 7 1 10 12 1 1 10 7 12 1 1 1 8 1 10 12 1 10 12 1 10 12 1 1 10 12 1 1 10 12 1 1 10 12 1 1 10 12 1 1 10 12 1 7 1 10 12 1 10 100 12 1 1 1 10 12 1 1 10 12 1 10 12 1 10 12 1 10 12 1 10 12 1 1 10 10 12 1 10 12 1 10 100 12 1 1 10 12 1 1 10 12 1 1 10 12 1 100 1 10 12 1 100 1 10 12 1 10 100 12 1 1 1 10 10 12 1 1 10 12 1 1 100 1 8 1 10 8 1 10 12 1 10 12 1 100 1 8 1 10 12 1 1 10 12 1 1 10 10 12 1 1 10 12 1 1 10 12 1 1 10 7 1 10 12 1 1 10 12 1 1 10 12 1 1 10 12 1 1 10 12 1 1 10 12 1 1 10 12 1 10 7 12 1 1 1 10 12 1 10 12 1 10 12 1 1 10 12 1 10 12 1 10 12 1 10 12 1 1 10 12 1 10 12 1 1 8 1 9 12 1 10 12 1 1 8 1 8 1 10 7 12 1 1 100 1 10 10 12 10 12 1 10 12 1 10 12 1 10 12 1 1 10 7 12 1 1 10 12 1 10 7 1 7 1 10 12 1 1 10 12 1 10 7 1 10 12 1 100 1 18 12 1 10 100 12 1 1 1 10 100 12 1 1 1 10 7 12 1 1 10 12 1 1 10 12 1 10 12 1 1 100 1 10 12 1 10 12 1 1 10 7 12 1 1 10 12 1 8 1 100 1 10 10 12 1 9 12 1 10 7 12 1 1 10 12 1 100 1 8 1 10 12 1 10 8 1 8 1 10 12 1 1 10 12 1 1 10 12 1 1 10 100 12 1 1 1 100 1 100 1 10 12 1 1 100 1 100 1 10 100 12 1 1 10 12 1 10 12 1 1 10 12 1 10 12 1 1 10 12 1 1 9 100 12 1 1 1 10 12 1 1 10 12 1 10 12 1 10 12 1 1 10 12 1 8 1 10 12 1 7 1 18 12 1 1 10 12 1 1 10 12 1 10 12 1 10 12 1 8 1 10 12 1 10 12 1 18 12 1 11 100 12 1 1 1 100 1 10 12 1 1 10 12 1 10 11 12 1 1 10 18 10 12 1 1 11 100 12 1 18 12 1 11 12 1 1 10 12 10 12 1 1 10 12 1 1 100 1 8 1 10 10 12 1 8 1 8 1 10 100 12 1 1 10 12 1 100 1 10 10 12 1 8 1 8 1 8 1 10 12 1 10 12 1 1 10 12 1 10 100 12 1 1 1 11 100 12 1 1 100 1 10 11 10 12 1 10 12 1 10 12 1 1 9 100 12 1 1 9 12 1 1 9 12 9 12 1 9 12 1 9 12 1 8 10 12 1 1 10 7 12 1 1 1 10 12 1 1 10 12 1 1 10 12 1 10 10 12 1 11 12 1 1 10 100 12 1 1 1 100 1 10 12 1 10 12 1 10 12 1 1 1 1 1 1 1 1 1 1 1 1 1 1 1 1 1 1 1 1 1 1 1 1 1 1 1 1 100 1 1 1 1 1 1 1 1 1 1 1 1 1 1 1 1 1 1 1 1 1 100 1 1 1 1 1 1 1 1 1 1 100 1 1 1 1 1 1 1 1 1 1 1 1 1 1 1 1 1 1 1 1 1 1 1 1 1 1 1 1 1 1 1 1 1 1 1 1 1 1 1 1 1 100 1 1 1 1 1 1 1 1 1 1 1 1 1 1 1 1 1 1 100 1 1 1 1 1 1 1 1 1 1 1 1 1 1 1 1 1 1 1 1 1 1 1 1 1 1 1 1 1 1 1 1 1 1 1 1 1 1 1 1 1 1 1 1 1 1 1 1 1 1 1 100 1 1 1 1 1 1 1 1 1 1 1 1 1 1 1 1 1 1 1 1 1 1 1 1 1 1 1 1 1 1 1 1 1 1 1 1 1 1 1 1 1 1 1 1 1 1 15 10 100 12 1 1 1 16 1 15 10 12 16 1 16 15 10 12 16 1 16 1 15 10 12 16 15 10 12 16 15 10 12 16 1 1 100 1 100 1 1
staticfield java/lang/ClassLoader nocerts [Ljava/security/cert/Certificate; 0 [Ljava/security/cert/Certificate;
staticfield java/lang/ClassLoader $assertionsDisabled Z 1
ciInstanceKlass jdk/internal/reflect/DelegatingClassLoader 1 1 18 10 7 12 1 1 1 100 1 1 1 1 1 1 1 1 1 1
instanceKlass java/net/URLClassLoader
instanceKlass jdk/internal/loader/BuiltinClassLoader
ciInstanceKlass java/security/SecureClassLoader 1 1 102 10 7 12 1 1 1 7 1 10 12 1 9 7 12 1 1 1 10 12 1 10 12 1 10 12 1 1 10 12 1 1 10 12 1 7 1 10 7 1 10 12 1 7 1 10 12 1 11 7 12 1 1 1 7 1 11 12 1 10 12 1 1 1 1 1 1 1 1 1 1 1 1 1 1 1 1 1 1 1 1 1 1 1 1 1 1 1 1 1 1 1 1 1 1 1 1 100 1 1 1 1
instanceKlass jdk/internal/loader/ClassLoaders$BootClassLoader
instanceKlass jdk/internal/loader/ClassLoaders$PlatformClassLoader
instanceKlass jdk/internal/loader/ClassLoaders$AppClassLoader
ciInstanceKlass jdk/internal/loader/BuiltinClassLoader 1 1 737 9 7 12 1 1 1 10 7 12 1 1 1 10 7 12 1 1 1 9 12 1 1 9 12 1 1 7 1 10 12 1 9 12 1 10 12 1 9 12 1 10 7 12 1 1 1 10 7 12 1 1 1 10 7 12 1 1 1 11 7 12 1 1 1 100 1 100 1 10 10 12 1 1 8 1 10 12 1 10 12 7 1 10 12 1 10 12 1 1 11 7 12 1 1 1 11 7 12 1 1 1 11 12 1 1 7 1 8 1 8 1 10 9 12 1 1 10 7 12 1 1 11 12 1 1 10 12 1 1 10 12 1 1 10 12 1 1 10 7 12 1 1 1 10 12 1 10 100 12 1 1 1 10 12 1 1 11 7 12 1 1 1 10 7 12 1 1 7 1 10 7 12 1 1 1 10 12 1 100 1 8 1 10 12 1 1 10 8 1 10 12 1 1 10 12 1 1 10 12 1 1 11 7 12 1 1 11 12 1 7 1 10 11 12 1 1 11 10 12 1 1 7 1 10 12 1 10 7 12 1 10 12 1 7 1 10 12 1 10 7 12 1 1 1 100 1 10 12 1 1 11 12 1 100 1 100 1 10 12 1 10 12 1 1 100 1 100 1 10 12 1 10 12 1 18 12 1 1 10 12 1 10 12 1 1 18 100 1 10 7 12 1 1 1 7 1 10 10 12 1 1 10 12 1 1 10 12 1 1 10 12 1 9 12 1 1 100 1 10 10 12 1 1 10 12 1 1 10 12 1 10 12 10 12 1 1 10 12 1 1 10 12 1 1 10 12 1 10 12 1 1 18 12 1 7 1 10 12 1 1 10 12 1 10 12 1 1 10 12 1 100 1 10 12 1 7 1 10 12 1 10 7 12 1 1 1 10 12 1 11 12 1 7 1 10 12 1 7 1 100 1 10 12 1 10 12 1 11 12 1 1 10 12 1 1 10 12 1 1 10 12 1 1 10 12 1 1 10 12 1 10 12 1 10 12 1 10 12 1 8 1 10 12 1 1 10 7 12 1 1 10 12 1 100 1 8 1 8 1 10 10 12 1 8 1 8 1 10 7 12 1 1 1 11 7 12 1 1 1 9 7 12 1 1 1 10 7 12 1 1 1 9 12 1 9 12 1 9 12 1 9 12 1 9 12 1 9 12 1 10 7 12 1 1 1 8 1 10 12 1 7 1 10 12 1 1 10 12 1 7 1 10 11 12 1 1 10 12 10 12 1 10 12 1 100 1 10 12 1 10 12 1 10 10 12 1 10 7 12 1 1 8 1 10 7 12 1 1 10 12 1 1 1 1 1 1 1 1 1 1 1 1 1 1 1 1 1 1 1 1 1 1 1 1 1 1 1 1 1 1 1 1 1 1 1 1 1 1 1 1 1 1 1 1 1 1 1 1 1 1 1 1 1 1 1 1 100 1 1 1 1 1 1 1 1 1 1 1 1 1 1 1 1 1 1 100 1 100 1 1 1 1 1 1 1 1 1 1 1 1 1 1 1 1 1 1 1 1 1 1 1 1 1 1 1 1 1 1 1 1 1 1 1 1 1 1 1 1 1 1 1 1 1 1 1 1 1 1 1 100 1 1 15 10 100 12 1 1 1 16 15 10 12 16 15 10 12 16 15 10 12 16 1 1 1 100 1 1 1 1 1 100 1 100 1 1
staticfield jdk/internal/loader/BuiltinClassLoader packageToModule Ljava/util/Map; java/util/concurrent/ConcurrentHashMap
staticfield jdk/internal/loader/BuiltinClassLoader $assertionsDisabled Z 1
ciInstanceKlass java/security/AccessController 1 1 295 10 100 12 1 1 1 10 7 12 1 1 1 10 7 12 1 1 1 10 12 1 1 10 12 1 1 10 7 12 1 1 1 10 12 1 1 10 12 1 10 12 1 1 10 12 1 100 1 8 1 10 12 1 10 12 1 10 12 1 1 10 12 1 7 1 7 1 10 12 1 1 10 12 1 10 12 1 10 12 1 1 10 7 12 1 1 1 10 12 1 1 9 100 12 1 1 1 10 100 12 1 1 1 10 12 1 10 12 1 9 100 12 1 1 1 10 12 1 10 12 1 1 9 12 1 1 10 100 1 10 11 7 12 1 1 1 10 7 12 1 1 11 7 1 100 1 10 12 1 10 12 1 10 12 1 8 1 10 12 1 1 8 1 10 100 12 1 1 1 8 1 100 1 10 10 12 1 1 10 12 1 10 7 12 1 1 1 10 12 1 8 1 10 100 12 1 1 8 1 8 1 10 12 1 8 1 10 12 1 10 12 1 1 10 12 1 1 1 1 1 1 1 1 1 1 1 1 1 1 1 1 1 1 1 1 1 1 1 1 1 1 1 1 100 1 1 1 1 1 1 1 1 1 1 1 1 1 1 1 1 1 1 1 1 1 1 1 1 1 1 1 1 1 1 1 1 1 1 100 1 100 1 1 1 1 1 1 1 1 1 3 1 1 1
staticfield java/security/AccessController $assertionsDisabled Z 1
instanceKlass jdk/internal/reflect/GeneratedConstructorAccessor36
instanceKlass jdk/internal/reflect/GeneratedConstructorAccessor35
instanceKlass jdk/internal/reflect/GeneratedConstructorAccessor34
instanceKlass jdk/internal/reflect/GeneratedConstructorAccessor33
instanceKlass jdk/internal/reflect/GeneratedConstructorAccessor32
instanceKlass jdk/internal/reflect/GeneratedConstructorAccessor31
instanceKlass jdk/internal/reflect/GeneratedConstructorAccessor30
instanceKlass jdk/internal/reflect/GeneratedConstructorAccessor29
instanceKlass jdk/internal/reflect/GeneratedConstructorAccessor28
instanceKlass jdk/internal/reflect/GeneratedConstructorAccessor27
instanceKlass jdk/internal/reflect/GeneratedConstructorAccessor26
instanceKlass jdk/internal/reflect/GeneratedConstructorAccessor25
instanceKlass jdk/internal/reflect/GeneratedConstructorAccessor24
instanceKlass jdk/internal/reflect/GeneratedConstructorAccessor23
instanceKlass jdk/internal/reflect/GeneratedConstructorAccessor22
instanceKlass jdk/internal/reflect/GeneratedConstructorAccessor21
instanceKlass jdk/internal/reflect/GeneratedConstructorAccessor20
instanceKlass jdk/internal/reflect/GeneratedConstructorAccessor19
instanceKlass jdk/internal/reflect/GeneratedConstructorAccessor18
instanceKlass jdk/internal/reflect/GeneratedConstructorAccessor17
instanceKlass jdk/internal/reflect/GeneratedConstructorAccessor16
instanceKlass jdk/internal/reflect/GeneratedConstructorAccessor15
instanceKlass jdk/internal/reflect/GeneratedConstructorAccessor14
instanceKlass jdk/internal/reflect/GeneratedConstructorAccessor13
instanceKlass jdk/internal/reflect/GeneratedConstructorAccessor12
instanceKlass jdk/internal/reflect/GeneratedConstructorAccessor11
instanceKlass jdk/internal/reflect/GeneratedConstructorAccessor10
instanceKlass jdk/internal/reflect/GeneratedConstructorAccessor9
instanceKlass jdk/internal/reflect/GeneratedConstructorAccessor8
instanceKlass jdk/internal/reflect/GeneratedConstructorAccessor7
instanceKlass jdk/internal/reflect/GeneratedConstructorAccessor6
instanceKlass jdk/internal/reflect/GeneratedConstructorAccessor5
instanceKlass jdk/internal/reflect/GeneratedConstructorAccessor4
instanceKlass jdk/internal/reflect/GeneratedConstructorAccessor3
instanceKlass jdk/internal/reflect/GeneratedConstructorAccessor2
instanceKlass jdk/internal/reflect/BootstrapConstructorAccessorImpl
instanceKlass jdk/internal/reflect/GeneratedConstructorAccessor1
instanceKlass jdk/internal/reflect/DelegatingConstructorAccessorImpl
instanceKlass jdk/internal/reflect/NativeConstructorAccessorImpl
ciInstanceKlass jdk/internal/reflect/ConstructorAccessorImpl 1 1 27 10 7 12 1 1 1 100 1 100 1 1 1 1 1 1 1 1 1 100 1 100 1 100 1 1 1
instanceKlass jdk/internal/reflect/FieldAccessorImpl
instanceKlass jdk/internal/reflect/ConstructorAccessorImpl
instanceKlass jdk/internal/reflect/MethodAccessorImpl
ciInstanceKlass jdk/internal/reflect/MagicAccessorImpl 1 1 16 10 7 12 1 1 1 100 1 1 1 1 1 1 1 1
instanceKlass jdk/internal/reflect/GeneratedMethodAccessor1
instanceKlass jdk/internal/reflect/DelegatingMethodAccessorImpl
instanceKlass jdk/internal/reflect/NativeMethodAccessorImpl
ciInstanceKlass jdk/internal/reflect/MethodAccessorImpl 1 1 25 10 7 12 1 1 1 100 1 100 1 1 1 1 1 1 1 1 1 100 1 100 1 1 1
ciInstanceKlass java/lang/Module 1 1 959 10 7 12 1 1 1 9 7 12 1 1 1 10 7 12 1 1 1 9 12 1 9 12 1 1 9 12 1 1 10 12 1 1 10 12 1 10 12 1 1 10 7 12 1 1 1 7 1 10 7 12 1 1 1 10 12 1 1 11 7 12 1 1 1 10 12 1 1 10 7 12 1 1 1 10 12 1 1 10 7 12 1 1 1 9 100 12 1 1 1 10 100 12 1 1 1 10 12 1 8 1 10 7 12 1 1 1 10 7 12 1 1 1 9 12 1 1 9 12 1 1 10 12 1 9 12 1 1 11 12 1 9 7 12 1 1 10 7 12 1 1 1 10 7 12 1 1 1 10 12 1 1 100 1 100 1 10 10 12 1 1 8 1 10 12 1 10 12 10 12 1 10 12 1 1 10 12 1 1 10 12 1 1 9 7 12 1 1 1 10 12 1 1 10 12 1 1 9 12 1 10 12 1 10 12 1 9 12 1 1 11 7 12 1 1 10 12 1 1 9 12 1 9 12 1 10 12 1 10 12 1 100 1 8 1 10 10 12 1 1 10 12 1 8 1 10 12 1 1 8 1 8 1 10 12 1 1 10 12 1 10 12 1 1 18 12 1 1 10 12 1 1 11 12 1 9 12 1 11 12 10 100 12 1 1 100 1 8 1 10 7 1 11 12 1 1 10 12 1 10 12 1 10 12 1 1 11 12 1 1 11 7 12 1 1 11 12 1 1 9 12 1 11 12 1 10 12 1 1 10 12 1 1 9 12 1 10 12 10 7 12 1 1 10 7 12 1 1 10 7 1 18 12 1 1 11 100 12 1 1 1 18 12 1 11 12 1 1 10 100 12 1 1 1 11 12 1 1 10 7 12 1 1 4 7 1 11 12 1 7 1 7 1 10 10 7 12 1 1 1 10 11 7 12 1 8 1 10 10 12 1 1 10 7 12 1 1 10 12 1 10 12 1 7 1 10 12 1 10 11 12 1 1 10 12 10 12 1 1 9 12 1 100 1 10 10 12 1 1 11 100 1 10 12 1 1 11 12 1 10 10 12 1 11 10 12 1 1 10 12 1 1 10 12 1 1 10 7 12 1 1 10 12 1 10 12 1 1 10 10 12 1 1 10 12 1 18 12 1 11 12 1 18 12 1 10 12 1 10 12 1 10 12 7 1 10 12 1 10 12 1 10 12 1 9 12 1 7 1 10 10 10 10 12 1 10 12 1 10 12 1 10 12 1 1 10 12 1 1 10 12 1 9 12 1 18 12 1 1 10 100 12 1 1 1 100 1 8 1 10 12 1 1 10 12 1 1 10 100 12 1 1 100 1 10 12 1 1 100 1 8 1 100 1 10 100 1 100 1 3 10 12 1 100 1 10 12 1 10 12 1 1 10 12 1 1 100 1 10 12 1 10 12 1 1 100 1 100 1 10 12 8 1 10 12 1 1 10 12 1 1 10 7 12 1 1 10 12 1 1 10 12 1 10 12 10 12 1 1 100 1 10 10 12 1 1 10 100 12 1 1 1 100 1 8 1 10 12 1 1 10 100 12 1 1 8 1 10 12 1 8 1 10 12 1 10 12 10 12 1 8 1 10 10 100 12 1 1 7 1 10 10 12 1 10 7 12 1 1 9 12 1 9 12 1 9 12 1 9 12 1 10 12 11 12 1 10 12 1 100 1 1 1 1 1 1 1 1 1 1 1 1 1 1 1 1 100 1 1 1 1 1 1 1 1 1 1 1 1 1 1 1 1 1 1 1 1 1 1 1 1 1 1 1 1 1 1 1 1 1 1 1 1 1 1 1 1 1 1 1 1 1 1 1 1 1 1 1 1 1 1 1 1 1 1 1 1 1 1 1 1 1 1 1 1 1 1 1 1 1 1 1 1 1 1 1 1 1 1 1 100 100 1 1 1 1 1 1 1 1 1 1 1 1 1 1 1 1 1 1 1 1 1 1 1 1 1 1 1 1 1 1 1 1 1 1 100 1 100 1 100 1 1 1 1 1 1 1 1 1 1 1 1 1 1 1 1 1 1 1 1 1 1 1 1 1 1 1 1 15 10 7 12 1 1 1 16 15 10 12 16 16 15 10 12 16 16 15 10 16 1 15 10 12 16 1 15 10 12 16 1 16 15 10 12 16 1 1 1 1 1 1 1 100 1 100 1 1
staticfield java/lang/Module ALL_UNNAMED_MODULE Ljava/lang/Module; java/lang/Module
staticfield java/lang/Module ALL_UNNAMED_MODULE_SET Ljava/util/Set; java/util/ImmutableCollections$Set12
staticfield java/lang/Module EVERYONE_MODULE Ljava/lang/Module; java/lang/Module
staticfield java/lang/Module EVERYONE_SET Ljava/util/Set; java/util/ImmutableCollections$Set12
staticfield java/lang/Module $assertionsDisabled Z 1
instanceKlass org/eclipse/lemminx/services/LimitList
ciInstanceKlass java/util/ArrayList 1 1 492 10 7 12 1 1 1 7 1 9 7 12 1 1 1 9 12 1 100 1 100 1 10 8 1 10 12 1 1 10 12 1 10 12 1 1 10 12 1 9 12 1 11 7 12 1 1 1 9 12 1 1 10 12 1 1 7 10 7 12 1 1 1 9 12 1 10 12 1 10 12 1 1 10 7 12 1 1 1 10 7 12 1 1 1 10 12 1 1 10 12 1 1 10 12 1 1 10 12 1 10 12 1 1 100 1 100 1 10 12 1 10 7 12 1 1 1 10 7 12 1 1 10 12 1 10 12 10 12 1 1 10 12 1 1 10 12 1 1 100 1 10 12 1 1 10 12 1 1 10 12 1 100 1 10 11 12 1 1 11 100 12 1 1 1 11 12 1 10 12 1 10 12 1 10 12 1 1 100 1 10 12 1 1 10 10 12 1 1 10 12 1 8 1 8 1 8 1 8 1 10 12 1 1 10 12 1 1 11 12 1 100 1 10 100 12 1 1 10 12 1 10 12 1 1 10 100 12 1 1 10 12 1 10 100 12 1 1 1 11 100 12 1 1 1 10 12 1 100 1 8 1 10 7 1 10 12 1 7 1 10 12 1 10 12 1 1 7 1 10 12 1 10 12 1 1 11 7 12 1 1 7 1 10 12 1 10 12 1 1 11 7 12 1 1 10 12 1 1 10 12 1 1 10 12 1 1 10 12 1 1 11 100 12 1 1 10 12 1 1 100 1 100 1 100 1 1 1 1 5 0 1 3 1 1 1 1 1 1 1 1 1 1 1 1 1 1 1 1 1 1 1 1 1 1 1 1 1 1 1 1 1 1 1 1 1 1 1 1 1 1 1 1 1 1 1 1 1 1 1 1 1 1 1 1 1 1 1 1 1 1 1 1 1 1 1 1 1 1 1 1 1 1 1 1 1 1 1 1 1 1 1 1 1 1 1 1 1 1 1 1 1 1 1 1 1 1 1 1 100 1 1 1 1 100 1 1 1 1 1 1 1 1 1 1 1 1 1 1 1 1 1 1 1 1 1 1 1 1 1 1 1 1 1 100 1 1 1 1 1 1 1 1 1 1 1 1 1 1 1 1 1 1 100 1 100 1 1 1 1 1 1
staticfield java/util/ArrayList EMPTY_ELEMENTDATA [Ljava/lang/Object; 0 [Ljava/lang/Object;
staticfield java/util/ArrayList DEFAULTCAPACITY_EMPTY_ELEMENTDATA [Ljava/lang/Object; 0 [Ljava/lang/Object;
ciInstanceKlass java/util/concurrent/ConcurrentHashMap 1 1 1210 7 1 7 1 3 10 12 1 1 3 100 1 10 7 12 1 1 1 100 1 10 100 12 1 1 1 100 1 11 12 1 1 11 12 1 11 12 1 1 9 12 1 1 9 12 1 1 9 12 1 10 7 12 1 1 1 7 1 10 12 1 1 10 12 1 1 10 7 12 1 1 1 4 10 12 1 9 12 1 10 12 1 1 100 1 10 5 0 10 12 1 10 12 1 1 5 0 10 12 1 1 10 12 1 9 12 1 1 10 12 1 1 9 12 1 9 12 1 1 10 12 1 1 9 12 1 10 12 1 1 9 12 1 1 10 12 1 1 100 1 10 100 1 10 12 1 10 12 1 1 10 12 1 1 10 12 1 1 10 12 1 10 12 1 1 10 12 1 1 100 1 10 12 1 1 7 1 100 1 8 1 10 12 1 10 12 1 1 10 12 1 1 11 7 12 1 1 10 12 1 1 11 12 1 1 11 7 12 1 1 1 11 7 12 1 1 1 11 12 1 7 1 11 12 1 11 12 1 10 12 1 1 10 12 1 1 9 12 1 1 10 100 12 1 1 1 9 10 12 1 1 9 12 1 10 12 1 1 5 0 9 12 1 1 7 1 10 12 1 9 12 1 1 7 1 10 12 1 9 12 1 7 1 10 100 1 10 10 12 1 1 8 1 10 12 1 10 12 1 1 11 100 1 10 12 1 10 100 12 1 1 1 8 1 10 100 12 1 1 1 8 1 10 12 1 8 1 10 12 1 10 12 1 1 10 100 12 1 1 10 12 1 10 12 1 10 12 1 9 12 1 9 10 12 1 9 12 1 1 11 100 12 1 1 1 11 100 12 1 1 1 100 1 10 12 11 100 12 1 1 10 11 7 12 1 10 12 1 100 1 10 12 1 100 1 10 10 9 7 12 1 1 1 10 12 3 10 100 12 1 1 9 12 1 10 12 1 1 9 12 1 1 9 12 1 10 12 1 1 10 100 12 1 1 9 12 1 9 7 12 1 1 10 12 1 1 10 12 1 3 9 12 1 9 12 1 10 12 1 1 7 1 9 3 9 12 1 100 1 10 12 1 9 12 1 10 12 1 9 12 1 10 12 1 9 12 1 10 100 12 1 1 1 100 10 12 1 100 1 5 0 10 100 12 1 1 100 1 10 12 1 1 10 12 1 10 12 1 100 1 10 12 1 10 100 1 100 1 10 10 12 1 10 100 1 10 12 1 10 100 1 10 12 1 10 100 1 10 12 1 1 100 1 10 12 1 10 10 12 1 100 1 10 12 1 10 10 12 1 100 1 10 12 1 10 100 1 10 12 1 10 100 1 10 12 1 10 100 1 10 12 1 10 100 1 10 12 1 10 100 1 10 12 1 10 100 1 10 12 1 10 100 1 10 12 1 10 100 1 10 10 100 1 10 10 100 1 10 10 100 1 10 12 1 10 100 1 10 12 1 10 100 1 10 12 1 10 100 1 10 12 1 10 100 1 10 12 1 10 100 1 10 10 100 1 10 10 100 1 10 10 100 1 10 12 1 10 100 1 10 12 1 10 100 1 10 12 1 10 100 1 10 12 1 10 100 1 10 12 1 10 10 12 1 10 7 12 1 1 1 10 12 1 7 1 7 1 10 12 1 9 12 1 1 9 12 1 1 10 12 1 1 8 10 12 1 1 8 8 8 8 7 10 12 1 1 10 12 1 100 1 8 1 10 7 1 100 1 100 1 1 1 5 0 1 1 3 1 3 1 1 1 1 3 1 3 1 3 1 1 1 1 1 3 1 3 1 3 1 1 1 1 1 1 1 1 1 1 1 1 1 1 1 1 1 1 1 1 1 1 1 1 1 100 1 1 1 1 1 1 1 1 1 1 1 1 1 1 1 1 1 1 1 1 1 1 1 1 1 1 1 1 1 1 1 1 1 1 1 1 1 1 1 1 1 1 1 1 1 1 1 1 1 1 1 1 1 1 1 1 1 1 1 1 1 1 1 1 1 1 1 1 1 1 1 1 1 1 1 1 1 1 1 1 1 1 1 1 100 1 1 1 1 1 1 1 1 1 1 1 100 1 1 1 1 1 1 1 1 1 1 1 1 1 1 1 1 1 1 1 1 1 1 1 1 1 1 1 1 1 1 1 1 1 1 1 1 1 1 1 1 1 1 1 1 1 1 1 1 1 1 1 1 1 1 1 1 1 1 1 1 1 1 1 1 1 1 1 1 1 1 1 1 1 1 1 1 1 1 1 1 1 1 1 1 1 1 1 1 1 1 1 1 1 1 1 1 1 1 1 1 1 1 1 1 1 1 1 1 1 1 1 1 1 1 1 1 1 1 1 1 1 1 1 1 1 1 1 1 1 1 1 1 1 1 1 1 1 1 1 1 1 1 1 1 1 1 1 1 1 1 1 1 1 1 1 1 1 1 1 1 1 1 1 1 1 1 1 1 1 1 1 1 1 1 1 1 1 1 1 1 1 1 1 1 1 1 1 1 1 1 1 1 1 1 1 1 1 1 1 1 1 1 1 1 1 1 1 1 1 1 1 1 1 1 1 1 1 1 1 1 1 1 1 100 1 100 1 100 1 100 1 100 1 100 1 100 1 100 1 100 1 1 1 1 1 1 1 1 1 1 1 1 1 1 1 1 1 1 1 1 1 1 1 1 1 1 1 1 1 1 1 1 1 1 1 1 1 1 1 1 1 1 1 1 1 1 1 1 1 1 1 1 1 1 1 1 1 1
staticfield java/util/concurrent/ConcurrentHashMap NCPU I 12
staticfield java/util/concurrent/ConcurrentHashMap serialPersistentFields [Ljava/io/ObjectStreamField; 3 [Ljava/io/ObjectStreamField;
staticfield java/util/concurrent/ConcurrentHashMap U Ljdk/internal/misc/Unsafe; jdk/internal/misc/Unsafe
staticfield java/util/concurrent/ConcurrentHashMap SIZECTL J 20
staticfield java/util/concurrent/ConcurrentHashMap TRANSFERINDEX J 32
staticfield java/util/concurrent/ConcurrentHashMap BASECOUNT J 24
staticfield java/util/concurrent/ConcurrentHashMap CELLSBUSY J 36
staticfield java/util/concurrent/ConcurrentHashMap CELLVALUE J 144
staticfield java/util/concurrent/ConcurrentHashMap ABASE I 16
staticfield java/util/concurrent/ConcurrentHashMap ASHIFT I 2
ciInstanceKlass java/lang/String 1 1 1396 10 7 12 1 1 1 8 1 9 7 12 1 1 1 9 12 1 1 9 12 1 1 10 12 1 10 12 1 1 10 12 1 1 9 12 1 1 10 7 12 1 1 1 10 7 1 10 7 12 1 1 1 10 12 1 1 10 12 1 1 10 12 1 10 12 1 1 10 12 1 10 7 12 1 1 1 9 7 12 1 1 1 10 7 12 1 1 1 10 12 1 1 10 12 1 1 10 12 1 1 10 12 1 1 10 12 1 1 9 7 12 1 1 10 12 9 7 12 1 1 3 10 7 12 1 1 1 7 1 11 12 1 1 11 12 1 11 12 1 1 10 100 12 1 1 1 10 12 1 1 9 100 12 1 1 1 10 12 1 1 10 12 1 11 12 1 1 10 12 1 1 10 12 10 12 1 1 10 100 12 1 1 1 10 7 12 1 1 1 10 12 1 1 7 1 100 1 10 12 1 10 12 1 10 12 1 1 100 1 10 12 1 1 100 1 10 12 1 1 10 12 1 1 10 10 12 1 100 1 100 1 7 1 10 12 1 10 12 1 1 10 12 1 1 10 12 1 10 12 1 1 10 12 1 1 10 7 12 1 1 7 1 11 11 12 1 11 12 1 10 12 1 1 10 12 1 10 12 10 12 1 1 10 10 100 12 1 1 1 10 100 12 1 1 10 12 1 1 10 100 12 1 1 10 12 1 10 12 1 1 10 12 1 1 10 12 1 10 12 1 10 12 1 1 100 1 10 12 1 1 10 12 10 12 1 10 12 1 1 10 100 12 1 1 1 10 12 1 10 12 1 1 10 12 1 10 12 1 3 3 10 12 1 10 12 1 1 10 12 1 1 10 12 1 1 10 12 1 10 12 1 1 10 12 1 1 10 12 1 10 12 1 10 12 1 10 12 1 1 10 12 1 10 12 1 10 12 1 10 12 1 10 12 1 10 12 1 10 100 1 10 8 1 10 12 1 1 10 12 1 8 1 10 12 1 1 10 12 10 12 1 8 1 10 10 12 1 1 10 12 1 1 10 12 1 10 12 1 1 10 12 10 100 1 10 10 12 1 10 12 1 10 12 1 10 10 12 1 10 12 1 1 10 12 1 100 1 10 10 12 1 100 1 10 10 12 1 10 12 1 1 10 12 1 10 12 1 1 10 10 12 1 1 10 100 1 10 10 12 1 10 12 1 1 10 12 1 1 10 100 1 10 12 1 10 12 1 10 12 1 10 12 1 1 10 12 1 11 7 1 11 12 10 12 1 10 12 1 1 10 12 1 1 10 10 12 1 10 12 1 9 12 1 1 11 7 12 1 1 1 10 10 12 1 10 12 1 1 10 10 12 1 10 12 1 10 12 1 1 9 12 1 10 12 1 1 10 10 12 1 1 10 12 10 10 12 1 10 12 10 10 12 10 10 12 1 10 12 1 10 12 10 10 12 10 12 1 10 12 10 12 10 10 12 1 10 12 1 1 10 12 1 10 10 12 1 10 7 12 1 1 1 10 12 1 1 10 10 7 12 1 1 1 11 10 12 1 10 12 1 1 10 12 1 1 10 100 12 1 1 1 10 12 1 10 10 12 1 10 12 1 10 12 1 10 100 12 1 1 10 12 1 100 1 100 1 8 1 10 10 10 12 1 8 1 10 12 1 3 3 7 1 10 10 12 1 10 12 1 10 12 1 1 10 12 1 1 11 7 12 1 1 1 7 1 10 12 1 1 10 12 1 10 12 1 1 10 12 1 1 8 1 10 12 1 1 10 12 1 11 100 12 1 1 1 11 100 12 1 1 11 12 1 1 10 12 1 10 12 1 1 10 10 7 12 1 1 1 10 12 1 10 12 1 10 10 12 10 12 1 1 10 10 12 1 10 10 12 1 10 10 12 1 10 10 12 1 10 12 1 1 10 10 12 1 8 1 10 12 1 1 18 12 1 1 11 100 12 1 1 1 7 1 3 18 12 1 18 12 1 8 1 10 100 12 1 1 1 11 12 1 1 10 12 10 10 12 1 10 11 12 1 1 10 12 1 1 11 12 1 18 3 11 10 12 1 11 11 10 12 1 10 12 1 1 8 1 10 12 1 10 12 1 10 12 1 1 10 10 12 1 11 100 12 1 7 1 100 1 10 12 1 7 1 10 10 7 12 1 1 1 100 1 10 7 1 10 10 12 1 10 10 12 1 8 1 10 10 12 1 8 1 8 1 10 12 1 10 12 1 10 10 12 10 7 12 1 1 10 100 12 1 1 10 100 12 1 1 8 1 10 12 1 10 12 1 1 10 10 12 8 1 8 1 10 8 1 8 1 8 1 8 1 10 12 1 10 12 1 8 1 10 100 12 1 1 1 10 12 10 12 1 1 10 12 10 10 12 10 12 7 1 9 12 1 1 7 1 10 100 1 100 1 100 1 100 1 1 1 1 1 1 5 0 1 1 1 1 1 3 1 3 1 1 1 1 1 1 1 1 1 1 1 1 1 1 1 100 1 1 1 100 1 1 1 1 1 1 1 1 1 1 1 1 1 1 1 1 1 1 1 1 1 1 1 1 1 1 1 100 1 1 1 1 1 1 1 1 1 100 1 1 1 1 1 1 1 1 1 1 1 1 1 1 1 1 1 1 1 1 1 1 1 1 1 1 1 1 1 1 1 1 1 1 1 1 1 1 1 1 1 1 1 1 1 1 1 1 1 1 1 1 1 1 1 1 1 1 1 1 1 1 1 1 1 1 1 1 1 1 1 1 1 1 1 1 1 1 1 1 1 1 1 1 1 1 1 1 1 1 1 1 1 1 1 1 1 1 1 1 1 1 1 1 1 1 1 1 1 1 1 1 1 1 1 1 1 1 1 1 1 1 1 1 1 1 1 1 1 1 1 1 1 1 1 1 1 1 1 1 1 1 1 1 1 1 1 1 1 1 1 1 1 1 1 1 1 1 1 1 1 1 1 1 1 1 1 1 1 100 1 1 1 1 1 1 1 1 1 1 1 1 1 1 1 1 1 1 1 1 1 1 1 1 100 1 1 1 1 1 1 1 1 1 1 1 1 1 7 1 1 1 1 1 1 1 1 1 1 1 1 1 1 1 15 10 100 12 1 1 1 16 15 10 12 16 15 10 12 15 10 12 15 10 12 1 1 1 1 100 1 100 1 1 1
staticfield java/lang/String COMPACT_STRINGS Z 1
staticfield java/lang/String serialPersistentFields [Ljava/io/ObjectStreamField; 0 [Ljava/io/ObjectStreamField;
staticfield java/lang/String CASE_INSENSITIVE_ORDER Ljava/util/Comparator; java/lang/String$CaseInsensitiveComparator
ciInstanceKlass java/security/ProtectionDomain 1 1 324 10 7 12 1 1 1 9 7 12 1 1 1 7 1 10 9 12 1 1 9 12 1 1 9 12 1 1 10 7 12 1 1 7 1 9 12 1 9 12 1 1 7 1 9 12 1 1 9 12 1 10 100 12 1 1 10 100 12 1 1 1 10 12 1 1 10 12 1 9 12 1 9 100 12 1 1 10 12 1 1 10 100 1 10 12 1 1 8 1 100 1 8 1 10 12 1 10 10 100 12 1 1 1 10 12 1 1 8 1 11 8 1 10 12 1 8 1 8 1 10 12 1 1 10 12 1 10 12 1 1 10 12 1 8 1 10 12 1 8 1 8 1 10 100 12 1 1 1 9 100 12 1 1 1 10 12 1 1 9 100 12 1 1 1 10 100 12 1 1 1 100 1 100 1 10 12 1 10 100 12 1 1 1 10 100 1 10 12 1 10 12 1 1 11 100 12 1 1 11 12 1 100 1 11 100 12 1 1 1 10 12 1 10 11 12 1 1 11 12 1 1 10 12 1 10 7 12 1 1 10 100 12 1 1 11 12 1 10 12 8 1 8 1 10 7 12 1 1 1 7 1 10 10 7 12 1 1 1 1 1 1 1 1 1 1 100 1 1 100 1 1 1 1 1 1 1 1 1 1 1 1 1 1 1 1 1 1 1 1 1 1 1 1 1 1 1 1 1 1 1 1 1 1 1 1 1 1 1 1 1 1 100 1 1 1 1 1 100 1 1 1 1 1
staticfield java/security/ProtectionDomain filePermCompatInPD Z 0
ciInstanceKlass java/security/CodeSource 1 1 395 10 7 12 1 1 1 9 7 12 1 1 1 9 12 1 1 9 12 1 1 9 12 1 1 10 7 12 1 1 1 9 12 1 1 10 100 12 1 1 10 100 10 100 12 1 1 1 10 100 12 1 1 1 10 12 1 1 100 1 10 10 100 12 1 1 1 10 100 12 1 1 1 10 12 1 1 10 12 1 100 1 10 12 1 1 10 12 1 1 10 12 1 1 10 12 1 10 10 10 12 1 1 10 100 12 1 1 1 10 12 1 10 12 1 10 12 1 8 1 10 12 1 10 12 1 10 12 1 1 10 12 1 8 1 10 12 1 1 10 100 1 10 10 12 1 1 8 1 10 12 1 10 12 1 10 12 1 8 1 8 1 9 12 1 1 100 1 8 1 10 12 1 10 12 1 1 8 1 10 12 1 8 1 8 1 8 1 10 100 12 1 1 10 12 1 1 10 12 1 10 12 1 1 10 12 1 1 10 12 1 1 100 1 100 1 10 12 1 10 12 10 12 1 1 10 100 12 1 1 10 12 1 100 1 10 12 10 8 1 10 12 1 10 12 1 10 12 1 1 100 1 10 12 1 1 100 1 100 1 8 1 8 1 10 10 12 1 1 10 100 12 1 1 1 100 1 10 12 10 12 1 1 11 100 12 1 1 10 10 12 1 11 10 12 1 8 1 100 1 10 12 1 10 12 1 1 10 12 1 11 12 1 1 11 100 1 1 1 1 5 0 1 1 1 1 1 1 1 1 1 1 1 1 1 1 1 1 1 1 1 1 1 1 1 1 1 1 1 1 1 1 1 1 1 1 1 1 1 1 1 1 1 1 1 1 1 1 1 1 1 1 1 1 1 1 1 1 1 1 1 1 1 1 1 1 1 100 1 1 1 1 1 1 1
ciInstanceKlass java/lang/StringBuilder 1 1 409 10 7 12 1 1 1 10 12 1 10 12 1 10 12 1 1 10 7 12 1 1 1 10 7 12 1 1 1 10 12 1 10 12 1 10 12 1 10 12 1 10 12 1 10 12 1 10 12 1 10 12 1 10 12 1 10 12 1 10 12 1 10 12 1 10 12 1 10 12 1 1 10 12 1 10 12 1 1 10 12 1 1 10 12 1 10 12 1 10 12 1 10 12 1 10 12 1 10 12 1 10 12 1 10 12 10 12 1 10 12 1 10 12 1 10 12 1 1 10 12 1 10 12 1 10 12 10 12 1 1 10 12 1 1 9 12 1 1 9 12 1 1 10 7 12 1 1 1 10 100 1 10 100 12 1 1 1 10 12 1 10 12 1 1 10 12 1 1 10 10 12 1 1 10 100 12 1 1 10 12 1 10 12 1 1 100 1 100 1 8 1 10 10 12 1 1 10 12 1 1 10 12 1 10 12 1 10 12 1 10 12 1 10 12 1 10 12 1 10 12 1 10 12 1 10 12 1 10 12 1 10 12 1 10 12 1 10 12 1 10 12 1 10 12 1 1 10 12 1 1 10 12 1 10 12 1 10 12 1 10 12 10 12 10 12 1 10 12 1 10 12 1 10 12 10 12 1 10 12 1 10 12 1 10 12 1 10 12 1 10 12 1 10 12 1 10 12 1 10 12 1 1 10 12 1 10 12 1 1 10 12 1 10 12 1 1 10 12 1 10 12 1 1 10 12 1 10 12 1 10 12 1 10 10 12 1 10 12 1 100 1 100 1 100 1 1 1 1 5 0 1 1 1 1 1 1 1 1 1 1 1 1 1 1 1 1 1 1 1 1 1 1 1 1 1 1 1 1 1 1 1 1 1 1 1 1 1 1 1 1 1 1 1 100 1 1 1 100 1 1 1 1 1 1 1 1 1 1
ciInstanceKlass jdk/internal/loader/ClassLoaders 1 1 183 10 100 12 1 1 1 10 7 12 1 1 1 10 12 1 1 10 100 12 1 1 1 9 7 12 1 1 1 9 12 1 1 9 12 1 1 7 1 11 100 12 1 1 1 100 1 11 12 1 1 11 12 1 1 10 100 12 1 1 1 10 100 12 1 1 1 100 1 100 1 10 7 12 1 1 1 9 12 1 1 10 12 1 1 7 1 10 12 1 1 10 12 1 7 1 8 1 10 7 12 1 1 1 10 12 1 1 7 1 10 12 1 10 12 1 10 12 1 8 1 10 7 12 1 1 8 1 8 1 10 12 1 7 1 10 12 1 10 12 1 10 12 1 1 1 1 1 1 1 1 1 1 1 1 1 1 1 1 1 1 1 1 100 1 1 1 1 1 1 1 1 1 1 1 1 1 1 1 1 1 1 1
staticfield jdk/internal/loader/ClassLoaders JLA Ljdk/internal/access/JavaLangAccess; java/lang/System$2
staticfield jdk/internal/loader/ClassLoaders BOOT_LOADER Ljdk/internal/loader/ClassLoaders$BootClassLoader; jdk/internal/loader/ClassLoaders$BootClassLoader
staticfield jdk/internal/loader/ClassLoaders PLATFORM_LOADER Ljdk/internal/loader/ClassLoaders$PlatformClassLoader; jdk/internal/loader/ClassLoaders$PlatformClassLoader
staticfield jdk/internal/loader/ClassLoaders APP_LOADER Ljdk/internal/loader/ClassLoaders$AppClassLoader; jdk/internal/loader/ClassLoaders$AppClassLoader
ciInstanceKlass jdk/internal/misc/Unsafe 1 1 1285 10 7 12 1 1 1 9 7 12 1 1 1 9 12 1 1 10 12 1 1 10 7 12 1 1 1 10 12 1 1 10 12 1 1 10 12 1 1 10 12 1 1 10 12 1 1 10 12 1 1 10 12 1 1 10 12 1 1 10 12 1 1 10 12 1 1 10 12 1 1 10 12 1 1 10 12 1 1 10 12 1 10 12 1 100 1 10 10 12 1 1 10 12 1 1 5 0 10 12 1 1 10 12 1 1 10 7 12 1 1 1 10 12 1 1 10 12 1 10 12 1 10 12 1 1 10 12 1 1 10 12 1 10 12 1 100 1 100 1 10 8 1 10 12 1 1 10 12 1 8 1 10 12 1 1 10 12 1 10 12 1 10 12 1 1 10 12 1 10 12 1 1 10 12 1 1 10 12 1 10 12 1 10 12 1 10 12 1 1 10 12 1 10 12 1 10 12 1 1 10 12 1 5 0 5 0 5 0 10 12 1 10 12 1 10 12 1 10 12 1 10 12 1 10 12 1 10 12 1 10 12 1 10 12 1 1 10 12 1 10 12 1 100 1 8 1 10 100 1 10 10 12 1 1 10 12 1 1 10 12 1 10 12 1 1 10 12 1 1 10 12 1 10 12 1 1 10 12 1 9 7 12 1 1 9 12 1 100 1 10 10 12 1 1 8 1 10 8 1 8 1 10 12 1 1 9 7 12 1 1 1 9 100 1 9 7 1 9 100 1 9 9 100 1 9 100 1 9 100 1 10 12 1 1 10 12 1 1 10 12 1 1 10 12 1 1 5 0 5 0 9 12 1 1 10 12 1 10 12 1 10 12 1 1 10 12 1 1 10 12 1 8 1 3 10 12 1 1 10 12 1 1 10 12 1 10 12 1 1 10 12 1 1 10 12 1 10 12 1 10 12 1 10 12 1 10 12 1 10 12 1 1 10 12 1 1 10 12 1 10 12 1 10 12 1 10 12 1 10 12 1 10 12 1 1 10 12 1 1 10 12 1 10 12 1 10 12 1 10 12 1 10 12 1 10 12 1 1 10 12 1 1 10 12 1 1 10 12 1 1 10 12 1 10 12 1 10 12 1 10 12 1 10 12 1 10 12 1 10 12 1 1 10 12 1 1 10 12 1 10 12 1 10 12 1 10 12 1 10 12 1 10 12 1 10 12 1 1 10 12 1 1 10 12 1 10 12 1 10 12 1 10 12 1 10 12 1 10 12 1 10 12 1 10 12 1 1 10 12 1 10 12 1 10 12 1 10 12 1 10 12 1 1 10 12 1 10 12 1 10 12 1 10 12 1 10 12 1 10 12 1 10 12 1 10 12 1 1 10 12 1 10 12 1 10 12 1 10 12 1 10 12 1 10 12 1 1 10 12 1 10 12 1 10 12 1 1 10 12 1 10 12 1 10 12 1 10 12 1 10 12 1 10 12 1 10 12 1 10 12 1 10 12 1 10 12 1 10 12 1 10 12 1 10 12 1 10 12 1 10 12 1 10 12 1 10 12 1 10 12 1 10 12 1 10 12 1 10 12 1 10 12 1 100 1 10 100 1 10 9 12 1 5 0 10 12 1 1 5 0 10 12 1 5 0 10 12 1 10 12 1 10 12 1 1 10 12 1 1 10 12 1 10 12 1 10 12 1 10 12 1 1 10 12 1 10 12 1 10 12 1 10 12 1 10 12 1 1 10 12 1 10 12 1 10 12 1 10 12 1 1 10 12 1 10 12 1 10 12 1 1 10 12 1 10 12 1 10 12 1 10 12 1 1 10 12 1 10 10 12 1 1 10 12 1 10 12 1 1 10 12 1 10 12 5 0 5 0 5 0 10 12 1 1 10 12 1 10 12 1 10 12 10 100 12 1 1 8 1 100 1 11 12 1 1 8 1 11 12 1 1 10 100 12 1 1 10 12 1 10 12 1 10 12 1 10 12 1 10 12 1 1 10 12 1 10 12 1 10 12 1 10 12 1 10 12 1 10 12 1 10 7 1 10 12 1 9 12 1 7 1 9 12 1 7 1 9 12 1 7 1 9 12 1 7 1 9 12 1 7 1 9 12 1 7 1 9 12 1 7 1 9 12 1 7 1 9 12 1 10 12 1 9 12 1 9 12 1 9 12 1 9 12 1 9 12 1 9 12 1 9 12 1 9 12 1 9 12 1 9 12 1 1 1 3 1 1 1 1 1 1 1 1 1 1 1 1 1 1 1 1 1 1 1 1 1 1 1 1 1 1 1 1 1 1 1 1 1 1 1 1 1 1 1 1 1 1 1 1 1 1 1 1 1 1 1 1 1 1 1 1 1 1 1 1 1 1 1 1 1 1 1 1 1 1 1 1 1 1 1 1 1 1 1 1 1 1 1 1 1 1 1 1 1 100 1 1 1 1 1 1 1 1 1 1 1 1 1 1 1 1 1 1 1 1 1 1 1 1 1 1 1 1 1 1 1 1 1 1 1 1 1 1 1 1 1 1 1 1 1 1 1 1 1 1 1 1 1 1 1 1 1 1 1 1 1 1 1 1 1 1 1 1 1 1 1 1 1 1 1 1 1 1 1 1 1 1 1 1 1 1 1 1 1 1 1 1 1 1 1 1 1 1 1 1 1 1 1 1 1 1 1 1 1 1 1 1 1 1 1 1 1 1 1 1 1 1 1 1 1 1 1 1 1 1 1 1 1 1 1 1 1 1 1 1 1 1 1 1 1 1 1 1 1 1 1 1 1 1 1 1 1 1 1 1 1 1 1 1 1 1 1 1 1 1 1 1 1 1 1 1 1 1 1 1 1 1 1 1 1 1 1 1 1 1 1 1 1 1 1 1 1 1 1 1 1 1 1 1 1 1 1 3 1 1 1 1 1 1 1 1 1 1 1 1 1 1 1 1 1 1 1 1 1
staticfield jdk/internal/misc/Unsafe theUnsafe Ljdk/internal/misc/Unsafe; jdk/internal/misc/Unsafe
staticfield jdk/internal/misc/Unsafe ARRAY_BOOLEAN_BASE_OFFSET I 16
staticfield jdk/internal/misc/Unsafe ARRAY_BYTE_BASE_OFFSET I 16
staticfield jdk/internal/misc/Unsafe ARRAY_SHORT_BASE_OFFSET I 16
staticfield jdk/internal/misc/Unsafe ARRAY_CHAR_BASE_OFFSET I 16
staticfield jdk/internal/misc/Unsafe ARRAY_INT_BASE_OFFSET I 16
staticfield jdk/internal/misc/Unsafe ARRAY_LONG_BASE_OFFSET I 16
staticfield jdk/internal/misc/Unsafe ARRAY_FLOAT_BASE_OFFSET I 16
staticfield jdk/internal/misc/Unsafe ARRAY_DOUBLE_BASE_OFFSET I 16
staticfield jdk/internal/misc/Unsafe ARRAY_OBJECT_BASE_OFFSET I 16
staticfield jdk/internal/misc/Unsafe ARRAY_BOOLEAN_INDEX_SCALE I 1
staticfield jdk/internal/misc/Unsafe ARRAY_BYTE_INDEX_SCALE I 1
staticfield jdk/internal/misc/Unsafe ARRAY_SHORT_INDEX_SCALE I 2
staticfield jdk/internal/misc/Unsafe ARRAY_CHAR_INDEX_SCALE I 2
staticfield jdk/internal/misc/Unsafe ARRAY_INT_INDEX_SCALE I 4
staticfield jdk/internal/misc/Unsafe ARRAY_LONG_INDEX_SCALE I 8
staticfield jdk/internal/misc/Unsafe ARRAY_FLOAT_INDEX_SCALE I 4
staticfield jdk/internal/misc/Unsafe ARRAY_DOUBLE_INDEX_SCALE I 8
staticfield jdk/internal/misc/Unsafe ARRAY_OBJECT_INDEX_SCALE I 4
staticfield jdk/internal/misc/Unsafe ADDRESS_SIZE I 8
ciInstanceKlass java/lang/ThreadGroup 1 1 293 10 7 12 1 1 1 9 7 12 1 1 1 8 1 9 12 1 1 7 1 9 12 1 9 12 1 1 10 12 1 1 10 12 1 1 10 12 1 10 12 1 1 10 12 1 9 12 1 1 10 12 1 1 10 12 1 9 12 1 10 100 12 1 1 1 9 12 1 9 12 1 1 10 7 12 1 1 1 100 10 12 1 1 10 7 12 1 1 1 10 100 12 1 9 12 1 10 12 1 1 10 12 1 1 9 12 1 1 10 12 1 1 10 12 1 10 12 1 10 12 1 1 10 12 1 1 10 12 1 10 12 1 10 10 12 1 10 12 1 10 100 1 10 10 12 1 10 12 1 10 12 1 7 10 12 1 9 12 1 1 10 12 1 1 8 1 10 100 12 1 1 1 10 12 1 1 10 12 1 1 10 12 1 1 11 100 1 100 1 9 12 1 100 1 10 8 1 10 12 1 1 10 12 1 1 8 1 10 12 1 10 100 12 1 1 1 10 12 1 1 10 100 1 8 1 10 8 1 10 12 1 8 1 1 1 1 1 1 1 1 1 1 1 1 1 1 1 1 1 3 1 1 1 1 1 1 1 1 1 1 1 1 1 1 1 1 1 1 1 1 1 1 1 1 1 1 1 1 1 1 1 1 1 1 1 1 1 1 1 1 1 1
instanceKlass java/security/Provider
ciInstanceKlass java/util/Properties 1 1 651 10 7 12 1 1 1 100 1 10 7 12 1 1 7 1 10 12 1 9 12 1 1 9 12 1 1 9 12 1 1 10 7 12 1 1 1 10 12 1 1 8 1 10 7 12 1 1 1 7 1 10 12 1 10 12 1 1 8 1 10 12 1 7 1 10 12 10 12 1 1 9 12 1 1 10 12 1 1 7 1 10 12 1 10 12 1 10 12 1 1 100 1 8 1 10 12 1 10 12 1 10 12 1 1 10 12 1 100 1 3 10 10 100 12 1 1 1 10 12 1 10 12 1 1 8 1 10 12 1 10 12 1 1 8 1 10 100 12 1 1 10 12 1 1 10 12 1 10 12 1 1 100 1 10 12 1 10 12 1 1 100 1 9 100 12 1 1 1 10 12 1 10 12 1 1 100 1 10 10 10 12 1 1 11 7 12 1 1 1 11 7 12 1 1 1 11 12 1 1 7 1 11 12 1 11 12 1 10 12 1 1 8 1 10 12 1 10 12 1 100 1 10 10 12 1 1 10 100 12 1 1 9 100 12 1 1 10 12 1 1 10 100 12 1 1 1 100 1 100 1 100 1 10 8 1 8 1 10 12 1 10 12 1 10 12 1 1 10 10 12 1 1 10 12 1 1 7 1 10 10 12 1 11 7 12 1 1 10 7 12 1 1 1 8 1 10 100 12 1 1 11 8 1 10 100 1 11 10 12 1 10 12 1 10 12 1 10 12 1 1 10 12 1 1 10 12 1 1 10 12 1 10 12 1 10 10 12 1 10 12 1 10 12 1 10 10 12 1 1 10 12 1 1 7 1 10 10 12 1 10 12 1 10 12 1 10 12 1 10 12 1 1 10 12 1 1 10 12 1 10 12 1 10 12 1 1 10 12 10 12 1 1 10 12 1 1 10 12 1 10 12 1 1 10 12 1 1 10 12 100 1 10 11 100 12 1 1 4 11 10 12 1 1 10 100 12 1 1 11 12 1 10 12 1 1 10 100 12 1 1 10 12 1 100 1 8 1 10 12 1 10 10 100 12 1 1 1 100 1 6 0 10 12 1 1 11 100 12 1 1 1 10 12 1 10 12 1 1 1 1 1 5 0 1 1 1 1 1 1 1 1 1 1 1 1 1 1 1 1 1 1 1 1 1 1 1 1 1 1 1 1 1 1 1 1 1 1 1 1 1 1 1 1 100 1 1 1 1 1 1 1 1 1 1 1 1 1 1 1 1 1 1 1 1 100 1 1 1 1 1 1 1 100 1 100 1 1 1 1 100 1 1 1 1 1 1 1 1 1 1 1 1 1 1 1 1 1 1 1 1 1 1 1 1 1 1 1 1 1 1 1 1 1 1 1 1 1 1 1 1 1 1 1 1 1 1 1 1 1 1 1 1 1 1 1 1 1 1 1 1 1 1 1 1 1 1 1 1 1 1 1 1 1 1 1 1 100 1 1 1 1 1 1 1 1 1 100 1 1 1
staticfield java/util/Properties UNSAFE Ljdk/internal/misc/Unsafe; jdk/internal/misc/Unsafe
instanceKlass org/osgi/framework/FrameworkUtil$MapAsDictionary
instanceKlass java/util/Hashtable
ciInstanceKlass java/util/Dictionary 1 1 36 10 7 12 1 1 1 100 1 1 1 1 1 1 1 1 1 1 1 1 1 1 1 1 1 1 1 1 1 1 1 1 1 1 1 1
instanceKlass java/util/Properties
ciInstanceKlass java/util/Hashtable 1 1 512 100 1 10 7 12 1 1 1 9 7 12 1 1 1 100 1 100 1 10 8 1 10 12 1 1 10 12 1 10 12 1 1 10 12 1 10 7 12 1 1 1 8 1 10 12 1 9 12 1 1 7 1 9 12 1 1 4 10 7 12 1 1 1 9 12 1 4 10 12 1 11 7 12 1 1 1 10 12 1 1 10 12 1 1 9 12 1 10 12 1 1 100 1 10 9 12 1 1 10 7 12 1 1 1 9 12 1 1 10 12 1 10 12 1 3 9 12 1 9 12 1 3 10 12 1 10 12 1 10 12 1 1 11 12 1 1 11 7 12 1 1 1 11 7 12 1 1 1 11 12 1 7 1 11 12 1 11 12 1 10 12 1 1 10 12 1 1 10 12 1 9 12 1 1 9 12 9 12 1 1 10 100 1 100 1 10 12 1 10 8 1 10 10 12 1 8 1 10 8 1 10 7 12 1 1 1 7 1 10 12 1 10 12 1 100 1 10 12 1 10 12 1 1 7 1 10 100 1 10 10 12 1 1 11 12 1 1 11 12 1 100 1 10 10 10 100 12 1 1 11 100 12 1 1 1 100 1 10 11 100 12 1 1 11 100 12 1 10 12 1 10 12 1 1 10 100 12 1 1 10 12 1 1 10 12 1 1 10 12 1 1 10 100 12 1 1 1 8 10 100 12 1 1 100 1 8 1 10 4 10 12 4 10 12 1 8 1 10 12 10 100 12 1 1 1 100 1 11 100 12 1 1 1 10 100 12 1 1 1 10 12 1 10 12 1 1 10 100 1 100 1 1 1 1 1 1 5 0 1 1 1 1 1 3 1 3 1 3 1 1 1 1 1 1 1 1 1 1 1 1 1 1 1 1 1 1 1 1 1 1 1 1 1 100 1 1 1 1 1 1 1 1 1 1 1 1 1 1 1 1 1 1 1 1 1 1 1 1 1 1 1 1 1 100 1 1 1 1 1 1 1 1 1 1 1 1 1 1 1 1 1 1 1 1 1 1 1 1 1 1 1 1 1 1 1 1 1 1 1 1 1 1 1 1 1 1 1 1 1 1 1 1 1 1 1 1 1 1 1 1 1 1 100 1 1 1 100 1 1 1 1 1 100 1 1 1 1 1 1 1 1 1 1 1 1 1 1 1 1 1 1
instanceKlass sun/nio/ch/NioSocketImpl$1
instanceKlass java/net/Socket$SocketInputStream
instanceKlass sun/nio/ch/ChannelInputStream
instanceKlass com/sun/org/apache/xerces/internal/impl/XMLEntityManager$RewindableInputStream
instanceKlass java/io/ObjectInputStream
instanceKlass java/util/zip/ZipFile$ZipFileInputStream
instanceKlass java/io/FilterInputStream
instanceKlass java/io/FileInputStream
instanceKlass java/io/ByteArrayInputStream
ciInstanceKlass java/io/InputStream 1 1 184 100 1 10 7 12 1 1 1 100 1 10 10 7 12 1 1 1 10 7 12 1 1 1 10 12 1 7 1 3 10 12 1 1 100 1 8 1 10 12 1 10 100 12 1 1 1 3 100 1 8 1 10 10 100 12 1 1 1 100 1 10 11 100 12 1 1 1 10 12 1 1 11 12 1 1 11 100 12 1 1 1 11 12 1 1 100 1 10 100 12 1 1 1 5 0 10 12 1 10 12 1 1 100 1 10 8 1 10 8 1 8 1 10 12 1 1 10 100 12 1 1 1 100 1 1 1 1 3 1 3 1 1 1 1 1 1 1 1 1 1 1 1 1 1 1 1 1 1 1 1 1 1 1 1 1 1 1 1 1 1 1 1 1 1 1 1 1 1 1 1 1 1 1 1 1 1 1 1 1 1 1 1 1
ciInstanceKlass java/io/ByteArrayInputStream 1 1 96 10 7 12 1 1 1 9 7 12 1 1 1 9 12 1 1 9 12 1 9 12 1 10 100 12 1 1 1 10 7 12 1 1 1 10 7 12 1 1 1 10 100 12 1 1 1 10 12 1 1 10 100 12 1 1 1 1 1 1 1 1 1 1 1 1 1 1 1 1 1 1 1 1 1 1 1 1 1 1 1 100 1 1 1 1 1 1 1 1 1 1 1 1 1 1
instanceKlass scala/sys/ShutdownHookThread
instanceKlass scala/sys/ShutdownHookThread
instanceKlass org/apache/logging/log4j/core/util/Log4jThread
instanceKlass java/util/concurrent/ForkJoinWorkerThread
instanceKlass org/mule/contribution/designservice/DesignServiceInstanceShutdownHook
instanceKlass java/util/logging/LogManager$Cleaner
instanceKlass org/apache/logging/log4j/core/util/Log4jThread
instanceKlass jdk/internal/misc/InnocuousThread
instanceKlass java/lang/ref/Finalizer$FinalizerThread
instanceKlass java/lang/ref/Reference$ReferenceHandler
ciInstanceKlass java/lang/Thread 1 1 612 9 7 12 1 1 1 9 12 1 1 10 12 1 1 9 12 1 1 9 12 1 1 100 1 8 1 10 12 1 1 3 8 1 100 1 5 0 10 12 1 1 10 7 12 1 1 9 12 1 1 9 12 1 9 12 1 1 9 12 1 100 1 8 1 10 9 12 1 1 10 7 12 1 1 1 10 100 12 1 1 1 10 10 7 12 1 1 10 12 1 1 10 12 1 1 9 100 12 1 1 1 10 12 1 1 10 12 1 9 12 1 1 10 12 1 1 10 12 1 1 9 12 1 10 12 1 1 9 12 1 1 10 7 12 1 1 1 9 12 1 1 9 12 1 1 10 12 1 1 10 100 12 1 1 1 9 12 1 10 12 1 1 9 12 1 100 1 10 7 1 10 8 1 10 12 1 1 10 12 1 10 12 1 10 12 1 1 10 12 1 10 12 1 9 12 1 100 1 10 10 12 1 1 10 12 1 10 12 1 100 1 11 7 12 1 1 9 100 12 1 1 1 10 12 1 10 12 1 10 12 9 12 1 1 10 9 12 1 10 12 1 100 1 10 10 12 1 1 9 12 1 10 12 1 11 100 12 1 1 10 12 1 9 12 1 10 12 1 10 12 1 10 10 12 1 10 12 1 10 12 1 10 12 1 10 12 1 1 100 1 10 10 12 1 10 12 1 10 12 1 9 100 12 1 1 1 10 12 1 1 10 12 1 100 1 8 1 10 10 12 1 10 12 8 1 10 12 1 8 1 10 8 1 8 1 10 100 12 1 1 10 100 12 1 1 1 100 1 8 1 10 9 12 1 9 12 1 1 10 12 1 1 10 10 12 1 1 9 12 1 10 12 1 1 100 1 10 12 11 100 12 1 1 1 9 100 12 1 1 1 9 12 1 1 10 12 1 1 100 1 10 12 1 11 100 12 1 1 1 100 1 10 12 1 10 12 1 1 11 12 1 10 12 1 100 1 10 12 1 10 12 1 1 10 7 12 1 1 1 8 1 9 12 1 10 12 1 1 11 100 12 1 1 1 10 100 12 1 1 1 11 12 1 10 12 1 7 1 1 1 1 3 1 3 1 3 1 1 1 1 1 1 1 1 1 1 1 1 1 1 1 1 1 1 1 100 1 1 1 1 1 1 1 1 1 1 1 1 100 1 100 1 1 1 1 1 1 1 1 1 1 1 1 1 1 1 1 1 1 1 1 1 1 1 1 1 1 1 1 1 1 1 1 1 1 1 1 1 1 1 1 1 1 1 100 100 1 1 1 1 1 1 1 1 1 100 1 1 1 1 1 1 1 1 1 1 1 1 1 1 1 1 1 1 1 1 1 1 1 1 1 1 1 1 100 1 1 1 1 1 1 100 1 1 100 1 1 1 1 1 1
staticfield java/lang/Thread EMPTY_STACK_TRACE [Ljava/lang/StackTraceElement; 0 [Ljava/lang/StackTraceElement;
instanceKlass scala/util/control/BreakControl
instanceKlass scala/runtime/NonLocalReturnControl
instanceKlass scala/runtime/Nothing$
instanceKlass scala/util/control/BreakControl
instanceKlass scala/runtime/Nothing$
instanceKlass scala/runtime/NonLocalReturnControl
instanceKlass java/lang/Exception
instanceKlass java/lang/Error
ciInstanceKlass java/lang/Throwable 1 1 393 10 7 12 1 1 1 9 7 12 1 1 1 9 12 1 1 9 12 1 9 12 1 1 9 12 1 10 12 1 1 9 12 1 1 10 12 1 1 10 12 1 100 1 100 1 10 8 1 10 12 1 1 8 1 10 100 12 1 1 10 10 12 1 100 1 8 1 10 10 12 1 1 10 7 12 1 1 10 12 1 8 1 9 100 12 1 1 1 10 12 1 1 100 1 10 12 10 12 1 100 1 10 10 7 12 1 1 1 11 100 12 1 1 1 10 100 12 1 1 1 10 12 1 1 10 12 1 1 8 1 10 12 1 10 12 1 1 8 1 8 1 10 12 1 1 10 12 1 8 1 8 1 9 12 1 1 10 100 12 1 1 100 1 10 11 12 1 8 1 8 1 10 7 12 1 1 8 1 10 12 1 8 1 100 1 10 12 1 9 12 1 1 10 12 1 10 7 12 1 9 12 1 1 10 12 1 1 100 1 8 1 10 12 1 10 100 12 1 1 10 12 1 1 100 1 10 100 12 1 1 1 10 12 1 11 100 12 1 1 1 11 100 12 1 1 1 11 12 1 8 1 10 12 1 1 8 1 10 10 9 100 12 1 1 1 8 1 10 12 1 1 10 100 1 8 1 10 11 12 1 1 8 1 9 12 1 10 100 12 1 1 11 9 12 1 1 11 12 1 1 100 10 12 1 10 12 1 1 100 1 1 1 1 5 0 1 1 1 1 1 1 1 1 1 1 1 1 1 100 1 1 1 1 1 1 1 1 1 1 1 1 1 1 1 1 1 1 1 1 1 1 1 1 1 1 1 1 1 1 1 1 1 1 1 1 1 1 1 1 1 1 100 1 100 1 1 1 1 1 1 1 1 1 1 1 1 1 1 1 1 1 1
staticfield java/lang/Throwable UNASSIGNED_STACK [Ljava/lang/StackTraceElement; 0 [Ljava/lang/StackTraceElement;
staticfield java/lang/Throwable SUPPRESSED_SENTINEL Ljava/util/List; java/util/Collections$EmptyList
staticfield java/lang/Throwable EMPTY_THROWABLE_ARRAY [Ljava/lang/Throwable; 0 [Ljava/lang/Throwable;
staticfield java/lang/Throwable $assertionsDisabled Z 1
instanceKlass amf/core/internal/remote/EcmaEncoder$UriError
instanceKlass amf/core/client/scala/parse/InvalidBaseUnitTypeException
instanceKlass amf/aml/internal/parse/plugin/error/CannotParseDocumentException
instanceKlass amf/core/client/scala/exception/UnsupportedDocumentException
instanceKlass org/mulesoft/anypoint/server/scala/workspace/AnypointInitializationException
instanceKlass amf/core/internal/remote/AmfException
instanceKlass org/apache/maven/artifact/versioning/InvalidVersionSpecificationException
instanceKlass org/apache/maven/model/resolution/UnresolvableModelException
instanceKlass org/apache/maven/model/resolution/InvalidRepositoryException
instanceKlass org/apache/maven/model/building/ModelBuildingException
instanceKlass org/eclipse/aether/RepositoryException
instanceKlass org/sonatype/plexus/components/sec/dispatcher/SecDispatcherException
instanceKlass org/sonatype/plexus/components/cipher/PlexusCipherException
instanceKlass org/apache/maven/settings/building/SettingsBuildingException
instanceKlass org/codehaus/plexus/interpolation/InterpolationException
instanceKlass org/codehaus/plexus/interpolation/InterpolationException
instanceKlass org/mule/contribution/dataweave/transform/mapping/MappingException
instanceKlass org/apache/maven/settings/building/SettingsBuildingException
instanceKlass org/eclipse/jface/text/BadLocationException
instanceKlass org/apache/maven/shared/invoker/MavenInvocationException
instanceKlass com/shopify/graphql/support/SchemaViolationError
instanceKlass org/mule/dx/platform/api/graphql/ExternalServiceCallException
instanceKlass org/mule/dx/contributions/munit/api/exception/MUnitServiceException
instanceKlass org/eclipse/jgit/api/errors/GitAPIException
instanceKlass jakarta/xml/bind/JAXBException
instanceKlass org/apache/commons/cli/ParseException
instanceKlass jakarta/activation/MimeTypeParseException
instanceKlass javax/xml/xpath/XPathException
instanceKlass javax/xml/transform/TransformerException
instanceKlass org/mule/contribution/internal/lsp/ui/form/state/validate/InvalidFieldException
instanceKlass org/mule/contribution/expression/EmbeddedModulesFetchException
instanceKlass org/codehaus/plexus/util/xml/pull/XmlPullParserException
instanceKlass com/mule/api/contribution/api/client/ExchangeClientException
instanceKlass org/eclipse/lemminx/commons/BadLocationException
instanceKlass java/security/PrivilegedActionException
instanceKlass java/util/concurrent/TimeoutException
instanceKlass com/google/inject/internal/ErrorsException
instanceKlass com/google/inject/internal/InternalProvisionException
instanceKlass java/security/GeneralSecurityException
instanceKlass javax/management/JMException
instanceKlass sun/nio/fs/WindowsException
instanceKlass java/text/ParseException
instanceKlass javax/xml/parsers/ParserConfigurationException
instanceKlass org/xml/sax/SAXException
instanceKlass javax/naming/NamingException
instanceKlass java/net/URISyntaxException
instanceKlass java/lang/CloneNotSupportedException
instanceKlass org/osgi/framework/InvalidSyntaxException
instanceKlass java/util/concurrent/ExecutionException
instanceKlass java/lang/InterruptedException
instanceKlass java/io/IOException
instanceKlass java/lang/ReflectiveOperationException
instanceKlass java/lang/RuntimeException
ciInstanceKlass java/lang/Exception 1 1 40 10 7 12 1 1 1 10 12 1 10 12 1 10 12 1 10 12 1 100 1 1 1 1 5 0 1 1 1 1 1 1 1 1 1 1 1 1 1 1
instanceKlass java/lang/reflect/InvocationTargetException
instanceKlass java/lang/IllegalAccessException
instanceKlass java/lang/InstantiationException
instanceKlass java/lang/NoSuchFieldException
instanceKlass java/lang/NoSuchMethodException
instanceKlass java/lang/ClassNotFoundException
ciInstanceKlass java/lang/ReflectiveOperationException 1 1 34 10 7 12 1 1 1 10 12 1 10 12 1 10 12 1 100 1 1 1 1 5 0 1 1 1 1 1 1 1 1 1 1 1
instanceKlass scala/NotImplementedError
instanceKlass scala/NotImplementedError
instanceKlass com/google/common/util/concurrent/ExecutionError
instanceKlass org/glassfish/jersey/internal/ServiceConfigurationError
instanceKlass com/google/common/util/concurrent/ExecutionError
instanceKlass java/lang/AssertionError
instanceKlass java/util/ServiceConfigurationError
instanceKlass java/lang/VirtualMachineError
instanceKlass java/lang/LinkageError
instanceKlass java/lang/ThreadDeath
ciInstanceKlass java/lang/Error 1 1 40 10 7 12 1 1 1 10 12 1 10 12 1 10 12 1 10 12 1 100 1 1 1 1 5 0 1 1 1 1 1 1 1 1 1 1 1 1 1 1
ciInstanceKlass java/lang/ThreadDeath 0 0 21 10 100 12 1 1 1 100 1 1 1 1 5 0 1 1 1 1 1 1 1
ciInstanceKlass java/lang/ClassNotFoundException 1 1 96 7 1 10 7 12 1 1 1 10 12 1 10 12 1 1 10 100 12 1 1 1 8 1 10 100 12 1 1 1 10 7 12 1 1 10 100 12 1 1 1 10 100 12 1 1 1 10 12 1 1 7 1 10 12 1 9 12 1 1 1 1 1 5 0 1 1 1 1 1 1 1 1 1 1 1 1 1 1 1 1 1 1 100 1 1 1 1 1 1 1 1 1 1 1 1
staticfield java/lang/ClassNotFoundException serialPersistentFields [Ljava/io/ObjectStreamField; 1 [Ljava/io/ObjectStreamField;
instanceKlass java/lang/ExceptionInInitializerError
instanceKlass java/lang/IncompatibleClassChangeError
instanceKlass java/lang/BootstrapMethodError
instanceKlass java/lang/NoClassDefFoundError
ciInstanceKlass java/lang/LinkageError 1 1 31 10 7 12 1 1 1 10 12 1 10 12 1 100 1 1 1 1 5 0 1 1 1 1 1 1 1 1 1 1 1
instanceKlass org/mule/weave/extension/api/llm/tools/LLMToolDescription
instanceKlass jdk/net/UnixDomainPrincipal
instanceKlass org/mule/contribution/dataweave/transform/DataweaveObjectExpressionParser$RootPaths
instanceKlass org/mule/weave/extension/api/llm/tools/LLMToolConfirmation
instanceKlass org/mule/contribution/designservice/DefaultDesignServiceClient$RuntimeInfo
instanceKlass org/mule/contribution/internal/lsp/ui/form/object/ObjectTypeWriter$1ChildNodeEntry
instanceKlass org/mule/contribution/internal/lsp/ui/form/object/ObjectUnion
instanceKlass org/mule/contribution/internal/lsp/ui/form/control/ControlInfo
instanceKlass org/mule/weave/extension/api/llm/tools/LLMToolResponse
instanceKlass jdk/jfr/internal/dcmd/Argument
ciInstanceKlass java/lang/Record 1 1 22 10 7 12 1 1 1 100 1 1 1 1 1 1 1 1 1 1 1 1 1 1
ciInstanceKlass java/lang/Math 1 1 395 10 100 12 1 1 1 10 7 12 1 1 1 10 12 1 10 12 1 10 12 1 10 12 1 10 12 1 7 1 6 0 6 0 10 12 1 10 12 1 10 12 1 10 12 1 10 12 1 10 12 1 1 10 12 1 10 12 1 10 12 1 10 12 1 10 12 1 10 7 12 1 1 1 100 1 3 3 3 10 7 12 1 1 1 100 1 5 0 5 0 5 0 5 0 5 0 9 100 12 1 1 1 10 100 12 1 1 1 100 1 8 1 10 12 1 8 1 10 12 1 1 10 12 1 1 100 1 5 0 5 0 100 1 3 5 0 3 5 0 10 12 1 10 12 1 8 1 10 12 1 8 1 9 12 1 1 9 12 1 10 12 1 1 6 0 10 12 1 9 12 1 1 100 1 10 10 12 1 100 1 10 12 1 10 12 1 1 10 12 1 10 12 1 10 12 1 10 12 1 1 10 12 1 1 10 12 1 1 10 12 6 0 10 12 1 1 10 12 1 1 10 12 10 12 1 4 10 12 1 1 10 12 1 10 12 1 10 12 10 12 1 10 12 1 10 12 1 10 12 1 10 12 1 10 12 1 10 12 1 5 0 6 0 4 6 0 4 6 0 4 10 12 1 1 9 12 1 1 10 12 1 9 12 1 10 7 12 1 1 1 4 6 0 1 1 6 0 1 6 0 1 1 1 1 1 1 1 1 1 1 1 1 1 1 1 1 1 1 1 1 1 1 1 1 1 1 1 1 1 1 1 1 1 1 1 1 1 1 1 1 1 1 1 1 1 1 1 1 1 1 1 1 1 1 1 1 1 1 1 1 1 1 1 1 1 1 1 1 1 1 1 1 1 1 1 1 1 1 1 1 1 1 1 1 1 1 1 1 1 1 1 1 1 1
staticfield java/lang/Math negativeZeroFloatBits J -2147483648
staticfield java/lang/Math negativeZeroDoubleBits J -9223372036854775808
staticfield java/lang/Math $assertionsDisabled Z 1
ciInstanceKlass java/lang/StringUTF16 1 1 598 100 1 7 1 10 100 12 1 1 1 100 1 10 7 1 3 100 1 100 1 10 8 1 10 12 1 1 10 12 1 8 1 10 12 1 1 10 12 1 9 12 1 1 10 12 1 1 100 1 8 1 10 12 1 9 12 1 1 9 12 1 10 10 12 1 1 10 12 1 1 10 100 12 1 1 1 10 12 1 10 12 1 1 10 12 1 1 10 12 1 1 10 12 1 1 10 12 1 10 12 1 1 10 12 1 1 10 12 1 1 10 12 1 1 10 12 1 10 12 1 10 12 1 1 10 12 1 100 1 10 12 1 10 10 12 1 1 10 12 1 10 12 1 1 10 12 1 10 100 12 1 1 1 10 100 12 1 1 1 10 12 10 12 1 1 10 12 1 10 12 1 1 10 12 1 1 10 12 1 10 12 1 10 12 1 3 10 12 1 1 10 12 1 10 12 1 10 12 1 10 12 1 10 12 1 10 12 1 1 9 12 1 10 12 1 10 12 1 10 12 1 10 12 1 10 12 1 10 10 12 10 12 10 10 100 12 1 1 1 10 100 12 1 1 1 10 12 1 10 12 1 100 1 8 1 8 1 10 12 1 1 100 1 10 10 100 12 1 1 1 10 100 12 1 1 8 1 8 1 8 1 10 12 1 1 10 12 1 1 10 12 10 12 1 10 100 12 1 1 10 12 1 1 10 12 1 1 10 12 1 10 12 10 12 10 12 1 10 12 10 12 1 10 12 1 10 12 1 10 12 1 10 12 1 10 100 12 1 1 1 10 100 12 1 1 1 10 12 1 1 10 12 1 1 11 100 12 1 1 10 12 1 10 12 1 10 12 1 1 9 12 1 1 9 12 1 5 0 5 0 10 12 1 10 12 10 12 10 7 12 1 1 1 10 12 1 1 1 1 1 1 1 1 1 1 1 1 1 1 1 1 1 1 1 1 1 1 1 1 1 1 1 1 1 1 1 100 1 1 1 1 1 1 1 1 1 1 1 1 1 1 1 1 1 1 1 1 1 1 1 1 1 1 1 1 1 1 1 1 1 1 1 1 1 1 1 1 1 1 1 1 1 1 1 1 1 1 1 1 1 1 1 1 1 1 1 1 1 1 1 1 1 1 1 1 1 1 1 1 1 1 1 1 1 1 1 1 1 1 100 1 1 1 1 1 1 1 1 1 1 1 1 1 1 1 1 1 100 1 1 1 1 1 1 1 1 1 1 1 1 1 1 1 1 1 1 1 1 1 1 1 1 1 1 1 1 1 1 1 1 1 1 1 1 1 1 1 1 1 1 1 1 1 1 1 1 1 1 1 1 1 1 1 1 1 1 1 1 1 100 1 100 1 1 1 1 1
staticfield java/lang/StringUTF16 HI_BYTE_SHIFT I 0
staticfield java/lang/StringUTF16 LO_BYTE_SHIFT I 8
staticfield java/lang/StringUTF16 $assertionsDisabled Z 1
ciMethod java/lang/StringUTF16 newBytesFor (I)[B 0 0 402 0 -1
ciInstanceKlass java/lang/Boolean 1 1 151 10 7 12 1 1 1 9 7 12 1 1 1 10 12 1 1 10 12 1 8 1 10 7 12 1 1 9 12 1 1 9 12 1 8 1 10 12 1 1 10 12 1 1 10 7 12 1 1 1 100 1 100 1 10 12 1 1 9 100 12 1 1 9 12 10 100 12 1 1 1 10 12 1 1 8 1 10 7 12 1 1 1 9 12 1 1 100 1 100 1 100 1 1 1 1 1 1 5 0 1 1 1 1 1 1 1 1 1 1 3 1 1 1 1 1 1 1 1 1 1 1 1 1 1 1 1 1 1 1 1 100 1 1 1 1 1 1 1 1 1 1 100 1 1 1 1 1 1 1 1
staticfield java/lang/Boolean TRUE Ljava/lang/Boolean; java/lang/Boolean
staticfield java/lang/Boolean FALSE Ljava/lang/Boolean; java/lang/Boolean
staticfield java/lang/Boolean TYPE Ljava/lang/Class; java/lang/Class
instanceKlass java/util/concurrent/locks/AbstractQueuedSynchronizer
ciInstanceKlass java/util/concurrent/locks/AbstractOwnableSynchronizer 1 1 32 10 7 12 1 1 1 9 7 12 1 1 1 100 1 1 1 1 5 0 1 1 1 1 1 1 1 1 1 1 1 1
instanceKlass scala/math/ScalaNumber
instanceKlass scala/math/ScalaNumber
instanceKlass com/google/gson/internal/LazilyParsedNumber
instanceKlass java/math/BigInteger
instanceKlass java/math/BigDecimal
instanceKlass java/util/concurrent/atomic/Striped64
instanceKlass java/util/concurrent/atomic/AtomicLong
instanceKlass java/util/concurrent/atomic/AtomicInteger
instanceKlass java/lang/Long
instanceKlass java/lang/Integer
instanceKlass java/lang/Short
instanceKlass java/lang/Byte
instanceKlass java/lang/Double
instanceKlass java/lang/Float
ciInstanceKlass java/lang/Number 1 1 37 10 7 12 1 1 1 10 100 12 1 1 1 100 1 1 1 1 5 0 1 1 1 1 1 1 1 1 1 1 1 1 1 1 1 1 1
instanceKlass java/lang/LiveStackFrameInfo
ciInstanceKlass java/lang/StackFrameInfo 1 1 132 10 7 12 1 1 1 9 7 12 1 1 1 9 7 1 9 12 1 1 11 7 12 1 1 1 9 12 1 1 11 12 1 1 10 12 1 1 10 100 12 1 1 1 10 12 1 11 12 1 11 12 1 1 11 12 1 10 12 1 1 9 12 1 1 10 12 1 1 10 100 12 1 1 10 12 1 1 11 12 1 1 10 12 1 9 12 1 1 10 12 1 1 100 1 8 1 10 12 1 10 7 12 1 1 1 100 1 1 1 1 1 1 1 1 1 1 1 1 1 1 1 1 1 1 100 1 1 1 1 1 1
staticfield java/lang/StackFrameInfo JLIA Ljdk/internal/access/JavaLangInvokeAccess; java/lang/invoke/MethodHandleImpl$1
ciInstanceKlass java/lang/LiveStackFrameInfo 0 0 97 10 100 12 1 1 1 9 100 12 1 1 1 9 12 1 9 12 1 9 12 1 9 12 1 1 100 1 10 12 1 1 10 12 1 8 1 10 12 1 1 8 1 8 1 8 1 10 100 1 10 12 1 100 1 10 12 1 100 1 100 1 1 1 3 1 3 1 1 1 1 1 1 1 1 1 1 1 1 1 1 1 1 1 1 1 1 1 1 1 1 1 1 1 100 1 1
ciInstanceKlass java/lang/Character 1 1 576 7 1 100 1 100 1 9 12 1 1 8 1 9 12 1 1 100 1 9 12 1 1 10 100 12 1 1 1 10 100 12 1 1 1 10 100 12 1 1 1 10 7 12 1 1 1 9 7 12 1 1 1 10 12 1 10 12 1 1 10 12 1 1 10 7 12 1 1 10 12 1 1 3 3 3 3 3 10 12 1 1 10 12 1 3 11 7 12 1 1 1 11 12 1 1 10 12 1 1 10 12 1 1 100 1 10 10 12 1 3 10 12 1 1 10 12 1 10 12 1 1 100 1 8 1 10 12 1 1 10 12 1 10 12 1 10 12 1 10 12 1 10 12 1 1 10 12 1 10 7 12 1 1 10 10 12 1 10 10 12 1 10 12 1 1 10 12 1 10 10 12 1 10 12 1 10 12 1 10 12 1 10 12 1 10 12 1 10 12 1 10 12 10 10 12 10 10 12 1 10 10 12 1 10 10 12 1 10 10 12 1 10 10 12 1 10 10 12 1 10 10 12 1 1 10 10 12 1 10 5 0 10 12 1 10 12 1 10 10 12 1 10 10 12 1 1 10 10 12 1 10 10 12 1 9 12 1 1 100 1 10 10 12 1 10 12 1 1 3 10 100 12 1 1 1 10 12 1 10 100 12 1 1 100 1 10 10 12 1 1 10 12 1 1 10 12 1 1 8 1 10 12 1 9 100 12 1 1 1 10 12 1 10 10 12 1 10 12 1 1 10 12 1 10 10 12 1 1 10 10 12 1 1 100 1 8 1 10 12 1 1 10 7 12 1 1 1 8 1 10 12 1 1 9 12 1 1 100 1 100 1 100 1 1 1 1 3 1 3 1 3 1 3 1 1 1 1 1 3 1 1 3 1 3 1 3 1 3 1 3 1 3 1 3 1 3 1 3 1 3 1 3 1 3 1 3 1 3 1 3 1 3 1 3 1 3 1 3 1 3 1 3 1 3 1 3 1 3 1 3 1 3 1 3 1 3 1 1 1 1 1 1 1 1 1 1 1 1 1 1 1 1 1 1 1 3 1 1 1 1 1 1 1 3 1 1 3 1 1 1 1 1 3 1 1 5 0 1 1 1 1 1 1 1 1 1 1 1 1 1 1 1 1 1 1 1 1 1 1 1 1 1 1 1 1 1 1 1 1 1 1 1 1 1 1 1 1 1 1 1 1 1 1 1 1 1 1 1 1 1 1 1 1 1 1 1 1 1 1 1 1 1 1 1 1 1 1 1 1 1 1 1 1 1 1 1 1 1 1 1 1 1 1 1 1 1 100 1 100 1 1 1 1 1 1
staticfield java/lang/Character TYPE Ljava/lang/Class; java/lang/Class
staticfield java/lang/Character $assertionsDisabled Z 1
ciInstanceKlass java/lang/Float 1 1 223 7 1 100 1 10 7 12 1 1 1 10 100 12 1 1 1 4 100 1 10 12 1 1 10 12 1 1 8 1 8 1 10 100 12 1 1 1 10 12 1 1 10 12 1 1 10 4 4 4 10 7 12 1 1 9 12 1 1 10 12 1 1 10 12 1 10 12 1 10 12 1 1 10 12 1 10 12 1 3 10 12 1 1 10 12 1 1 10 12 1 10 100 12 1 1 1 10 12 1 1 10 12 1 1 8 1 10 7 12 1 1 1 9 12 1 1 100 1 100 1 100 1 1 1 1 1 4 1 1 1 4 1 1 3 1 3 1 3 1 3 1 1 1 1 5 0 1 1 1 1 1 1 1 1 1 1 7 1 1 1 1 1 1 1 1 1 1 1 1 1 3 1 1 1 1 1 1 1 1 1 1 1 1 1 1 1 1 1 1 1 1 1 1 1 1 1 1 1 1 1 1 1 1 1 1 1 1 1 1 7 1 1 1 1 1 1 1 100 1 100 1 1
staticfield java/lang/Float TYPE Ljava/lang/Class; java/lang/Class
ciInstanceKlass java/lang/Double 1 1 285 7 1 100 1 10 7 12 1 1 1 10 12 1 1 10 12 1 100 1 10 12 1 1 10 100 12 1 1 1 6 0 8 1 10 12 1 1 8 1 10 12 1 1 8 1 6 0 10 12 1 1 100 1 5 0 5 0 8 1 8 1 10 100 12 1 1 1 10 100 12 1 1 1 8 1 10 12 1 1 8 1 8 1 8 1 10 12 1 1 10 12 1 10 12 1 1 10 12 1 10 12 1 10 12 1 1 10 12 1 10 6 0 6 0 6 0 10 7 12 1 1 9 12 1 1 10 12 1 10 12 1 10 12 1 10 12 1 5 0 10 12 1 1 10 12 1 10 12 1 10 100 12 1 1 1 10 12 1 1 10 12 1 1 8 1 10 7 12 1 1 1 9 12 1 1 100 1 100 1 100 1 1 1 1 1 6 0 1 1 1 6 0 1 1 3 1 3 1 3 1 3 1 1 1 1 5 0 1 1 1 1 1 1 1 1 1 1 1 1 1 1 1 1 7 1 1 1 1 1 1 1 1 1 1 1 1 3 1 1 1 1 1 1 1 1 1 1 1 1 1 1 1 1 1 1 1 1 1 1 1 1 1 1 1 1 1 1 1 1 1 1 7 1 1 1 1 1 1 1 100 1 100 1 1
staticfield java/lang/Double TYPE Ljava/lang/Class; java/lang/Class
ciInstanceKlass java/lang/Byte 1 1 215 7 1 100 1 10 100 12 1 1 1 9 12 1 1 8 1 9 12 1 1 100 1 10 12 1 1 10 12 1 1 10 100 12 1 1 1 10 100 12 1 1 1 9 7 12 1 1 1 10 12 1 1 7 1 100 1 10 12 1 1 8 1 10 12 1 1 8 1 10 12 1 10 12 1 10 12 1 10 12 1 1 10 12 1 10 12 1 10 12 1 1 10 8 1 8 1 10 7 1 9 12 1 1 10 12 1 10 12 1 1 10 12 1 1 10 12 1 1 10 12 1 5 0 10 12 1 1 8 1 10 7 12 1 1 1 9 12 1 1 100 1 100 1 1 1 3 1 3 1 1 1 1 3 1 3 1 1 5 0 1 1 1 1 1 1 1 1 1 1 1 1 1 1 1 1 1 1 1 1 1 1 1 1 1 1 1 1 1 1 1 1 1 1 1 1 1 1 1 1 1 1 1 1 1 1 1 1 1 1 1 1 1 1 1
staticfield java/lang/Byte TYPE Ljava/lang/Class; java/lang/Class
ciInstanceKlass java/lang/Short 1 1 224 7 1 100 1 100 1 10 100 12 1 1 1 10 12 1 1 7 1 100 1 10 12 1 1 8 1 10 12 1 1 8 1 10 12 1 10 12 1 10 12 1 10 12 1 1 10 12 1 1 10 12 1 9 12 1 1 8 1 9 12 1 1 100 1 10 12 1 1 10 12 1 10 100 12 1 1 1 10 100 12 1 1 1 9 7 12 1 1 1 10 12 1 10 12 1 1 10 8 1 8 1 10 7 1 9 12 1 1 10 12 1 10 12 1 1 10 12 1 1 10 12 1 1 10 12 1 3 3 5 0 10 12 1 1 8 1 10 7 12 1 1 1 9 12 1 1 100 1 100 1 1 1 3 1 3 1 1 1 1 3 1 3 1 1 5 0 1 1 1 1 1 1 1 1 1 1 1 1 1 1 1 1 1 1 1 1 1 1 1 1 1 1 1 3 1 1 1 1 1 1 1 1 1 1 1 1 1 1 1 1 1 1 1 1 1 1 1 1 1 1 1 1 1
staticfield java/lang/Short TYPE Ljava/lang/Class; java/lang/Class
ciInstanceKlass java/lang/Integer 1 1 445 7 1 100 1 7 1 7 1 10 12 1 1 9 12 1 1 9 12 1 1 10 100 12 1 1 1 10 12 1 1 10 100 12 1 1 1 10 10 12 1 1 10 100 12 1 1 1 10 12 1 10 12 1 1 10 7 12 1 1 1 10 12 1 1 10 12 1 1 10 12 1 10 12 1 10 12 1 1 10 10 12 1 9 12 1 1 9 12 1 7 1 8 1 10 12 1 100 1 10 12 1 8 1 10 12 1 1 10 12 1 8 1 10 12 1 8 1 10 12 1 1 3 10 12 1 1 3 10 12 1 1 10 12 1 1 10 7 12 1 1 1 11 7 1 100 1 10 11 10 12 1 1 8 1 10 12 1 1 8 1 100 1 10 12 1 1 10 12 1 1 5 0 8 1 10 12 1 10 12 1 10 12 1 10 12 1 1 7 1 9 12 1 1 9 12 1 1 10 12 1 10 7 1 9 12 1 10 12 1 10 12 1 10 12 1 1 10 7 12 1 1 1 100 1 100 1 10 12 1 1 10 12 1 1 8 1 8 1 10 12 1 1 8 1 8 1 8 1 8 1 8 1 8 1 10 12 1 10 12 1 10 12 1 5 0 3 3 3 3 10 12 1 3 10 12 1 10 100 12 1 1 1 10 12 1 1 10 12 1 1 8 1 10 7 12 1 1 1 9 12 1 1 3 3 3 3 3 3 9 12 1 1 100 1 100 1 100 1 1 1 1 1 1 1 3 1 3 1 1 5 0 1 1 1 1 1 1 1 1 1 100 1 1 1 1 1 1 1 1 1 1 1 1 1 1 1 1 1 1 1 1 1 1 1 1 1 1 1 1 1 1 1 1 1 1 1 1 1 1 1 3 1 1 1 1 1 1 1 1 1 1 1 1 1 1 1 1 100 1 1 1 1 1 1 1 1 1 1 1 1 1 1 1 1 1 1 1 1 1 1 1 1 1 1 1 1 1 1 1 7 1 1 1 1 1 1 1 1 1 100 1 100 1 1
staticfield java/lang/Integer TYPE Ljava/lang/Class; java/lang/Class
staticfield java/lang/Integer digits [C 36
staticfield java/lang/Integer DigitTens [B 100
staticfield java/lang/Integer DigitOnes [B 100
staticfield java/lang/Integer sizeTable [I 10
ciInstanceKlass java/lang/Long 1 1 506 7 1 100 1 7 1 7 1 10 12 1 1 9 12 1 1 9 7 12 1 1 1 10 100 12 1 1 1 10 12 1 1 10 100 12 1 1 1 10 10 12 10 12 1 10 12 1 10 12 1 5 0 5 0 100 1 10 12 1 1 10 12 1 1 10 12 1 10 12 1 10 12 1 10 12 1 1 10 100 12 1 1 10 12 1 10 12 1 1 10 12 1 1 10 12 1 1 10 12 1 1 10 7 12 1 1 1 10 12 1 1 10 12 1 10 12 1 10 12 1 10 12 1 1 10 10 12 1 5 0 5 0 9 12 1 1 9 12 1 5 0 7 1 8 1 10 12 1 8 1 10 12 1 8 1 8 1 10 12 1 1 5 0 10 12 1 1 5 0 10 12 1 1 10 12 1 1 10 100 12 1 1 1 11 100 1 100 1 10 11 10 12 1 1 8 1 10 12 1 1 8 1 100 1 10 12 1 1 10 12 1 8 1 8 1 11 12 1 1 10 12 1 10 12 1 10 12 1 5 0 5 0 9 7 12 1 1 1 10 12 1 10 12 1 1 8 1 8 1 10 12 1 1 8 1 8 1 8 1 8 1 8 1 8 1 10 12 1 10 12 1 10 12 1 1 10 7 1 9 12 1 1 10 12 1 10 12 1 1 10 100 12 1 1 1 100 1 100 1 10 12 1 1 10 12 1 1 5 0 10 12 1 10 12 1 5 0 5 0 5 0 10 12 1 1 5 0 5 0 10 12 1 10 12 1 10 100 12 1 1 1 10 12 1 1 10 12 1 1 8 1 10 7 12 1 1 1 9 12 1 1 100 1 100 1 100 1 1 1 1 5 0 1 1 1 1 3 1 3 1 5 0 1 1 1 1 1 1 1 1 1 100 1 1 1 1 1 1 1 1 1 1 1 1 1 1 1 1 1 1 1 1 1 1 1 1 1 1 1 1 1 1 1 1 1 1 1 1 1 1 1 1 1 1 1 1 1 1 1 1 1 1 1 1 1 1 3 1 1 1 1 1 1 1 1 1 1 1 1 1 1 1 100 1 1 1 1 1 1 1 1 1 1 1 1 1 1 1 1 1 1 1 1 1 1 1 1 1 1 1 7 1 1 1 1 1 1 1 1 1 100 1 100 1 1
staticfield java/lang/Long TYPE Ljava/lang/Class; java/lang/Class
instanceKlass java/lang/ref/PhantomReference
instanceKlass java/lang/ref/FinalReference
instanceKlass java/lang/ref/WeakReference
instanceKlass java/lang/ref/SoftReference
ciInstanceKlass java/lang/ref/Reference 1 1 195 9 7 12 1 1 1 9 7 12 1 1 10 12 1 1 10 12 1 1 9 12 1 1 10 12 1 1 9 12 1 1 9 12 1 1 7 1 10 12 1 10 7 12 1 1 10 12 1 10 12 1 1 10 12 1 9 12 1 10 12 1 1 10 12 1 10 12 1 9 12 1 100 1 100 1 10 12 1 9 12 1 9 12 1 100 1 10 10 12 1 10 10 7 12 1 1 10 7 12 1 1 1 10 12 1 1 10 7 12 1 1 7 1 8 1 10 12 1 10 12 1 1 10 12 1 1 10 12 1 7 1 10 10 7 12 1 1 1 1 1 1 1 1 1 1 1 1 1 1 1 1 1 1 1 100 1 1 1 100 1 1 1 1 1 1 1 1 1 1 1 1 1 1 1 1 1 1 1 1 1 1 1 1 1 1 1 1 1 1 1 1 1 1 1
staticfield java/lang/ref/Reference processPendingLock Ljava/lang/Object; java/lang/Object
staticfield java/lang/ref/Reference $assertionsDisabled Z 1
instanceKlass java/util/ResourceBundle$BundleReference
instanceKlass sun/util/locale/provider/LocaleResources$ResourceReference
instanceKlass sun/util/resources/Bundles$BundleReference
instanceKlass sun/util/locale/LocaleObjectCache$CacheEntry
instanceKlass java/lang/invoke/LambdaFormEditor$Transform
ciInstanceKlass java/lang/ref/SoftReference 1 1 47 10 7 12 1 1 1 9 7 12 1 1 1 9 12 1 10 12 1 10 12 1 1 1 1 1 1 1 1 1 1 1 1 1 1 1 1 1 1 1 1 100 1 1 1 1 1
instanceKlass com/google/common/collect/MapMakerInternalMap$AbstractWeakKeyEntry
instanceKlass java/util/ResourceBundle$KeyElementReference
instanceKlass com/google/common/cache/LocalCache$WeakEntry
instanceKlass java/util/logging/LogManager$LoggerWeakRef
instanceKlass java/util/logging/Level$KnownLevel
instanceKlass com/sun/jmx/mbeanserver/WeakIdentityHashMap$IdentityWeakReference
instanceKlass java/lang/ClassValue$Entry
instanceKlass java/lang/ThreadLocal$ThreadLocalMap$Entry
instanceKlass java/lang/WeakPairMap$WeakRefPeer
instanceKlass java/lang/invoke/MethodType$ConcurrentWeakInternSet$WeakEntry
instanceKlass java/util/WeakHashMap$Entry
ciInstanceKlass java/lang/ref/WeakReference 1 1 31 10 7 12 1 1 1 10 12 1 100 1 1 1 1 1 1 1 1 1 1 1 1 1 1 1 1 1 1 1 1
instanceKlass java/lang/ref/Finalizer
ciInstanceKlass java/lang/ref/FinalReference 1 1 47 10 7 12 1 1 1 10 7 12 1 1 1 10 12 1 1 100 1 8 1 10 12 1 1 1 1 1 1 1 1 1 1 1 1 1 1 1 1 1 1 1 1 1 1 1 1
ciInstanceKlass java/lang/ref/Finalizer 1 1 152 9 7 12 1 1 1 10 7 12 1 1 1 9 12 1 1 9 12 1 1 9 12 1 9 12 1 10 12 1 10 12 1 1 9 12 1 1 100 1 10 12 1 7 1 11 7 12 1 1 100 1 10 12 1 100 1 10 12 1 10 100 12 1 1 1 10 100 12 1 1 1 100 1 10 10 12 1 10 7 12 1 1 1 7 1 10 7 1 10 10 7 12 1 1 1 10 12 1 1 10 7 12 1 1 7 1 10 12 1 10 12 1 1 10 12 1 1 10 12 1 1 1 1 1 1 1 1 1 1 1 1 1 1 1 1 1 1 1 1 1 1 1 1 1 1 1 1 1 1 1 1
staticfield java/lang/ref/Finalizer lock Ljava/lang/Object; java/lang/Object
staticfield java/lang/ref/Finalizer $assertionsDisabled Z 1
instanceKlass jdk/internal/ref/PhantomCleanable
instanceKlass jdk/internal/ref/Cleaner
ciInstanceKlass java/lang/ref/PhantomReference 1 1 39 10 100 12 1 1 1 10 7 12 1 1 1 1 1 1 1 1 1 1 1 1 1 1 1 1 1 1 1 1 1 1 1 1 1 1 1 1 1
instanceKlass java/lang/reflect/Executable
instanceKlass java/lang/reflect/Field
ciInstanceKlass java/lang/reflect/AccessibleObject 1 1 398 10 7 12 1 1 1 9 100 12 1 1 1 10 100 12 1 1 1 10 7 12 1 1 10 7 12 1 1 1 10 7 12 1 1 1 10 12 1 1 10 12 1 1 9 12 1 1 100 1 10 7 12 1 1 1 11 12 1 100 1 10 12 1 7 1 100 1 10 12 1 10 12 1 1 7 1 10 7 12 1 1 1 10 12 1 1 7 1 10 12 1 1 7 1 10 10 10 7 12 1 1 1 10 12 1 1 10 12 1 10 12 1 10 12 1 1 10 12 1 8 1 100 1 10 10 12 1 1 8 1 10 12 1 10 12 1 8 1 8 1 8 1 8 1 8 1 8 1 100 1 10 12 1 10 12 1 9 12 1 1 10 12 1 1 10 12 1 10 11 100 1 100 1 8 1 10 10 12 1 10 12 1 1 8 1 10 12 1 8 1 10 12 1 1 10 100 1 8 1 10 11 7 12 1 1 10 12 1 1 10 12 1 1 10 12 1 1 9 12 1 1 100 1 10 12 1 7 1 10 12 1 10 12 1 1 10 100 1 10 12 1 10 12 10 12 1 10 12 1 1 10 12 1 10 12 1 1 10 12 1 9 12 1 10 100 12 1 1 8 1 10 100 12 1 1 1 8 1 10 100 12 1 1 1 9 12 1 100 1 10 7 1 10 10 7 12 1 1 1 7 1 10 10 7 12 1 1 1 7 1 9 12 1 1 1 1 1 1 1 1 1 1 1 1 1 1 1 1 1 1 1 1 1 1 1 1 1 1 1 1 1 1 1 1 1 1 1 1 1 1 1 1 1 1 1 1 1 1 1 1 1 1 1 1 1 1 1 1 1 1 1 1 1 1 1 1 1 1 1 1 1 1 1 1 1 1 1 1 1 1 1 1 1 1 1 1 1
staticfield java/lang/reflect/AccessibleObject reflectionFactory Ljdk/internal/reflect/ReflectionFactory; jdk/internal/reflect/ReflectionFactory
instanceKlass java/lang/reflect/Constructor
instanceKlass java/lang/reflect/Method
ciInstanceKlass java/lang/reflect/Executable 1 1 548 10 7 12 1 1 1 10 7 12 1 1 1 10 7 12 1 1 1 11 7 12 1 1 1 10 7 12 1 1 1 10 12 1 1 10 7 12 1 1 1 10 7 12 1 1 1 10 12 1 8 1 10 10 12 1 1 10 12 1 1 10 100 12 1 1 1 18 12 1 1 11 100 12 1 1 1 8 1 8 1 8 1 10 100 12 1 1 1 11 12 1 1 7 1 8 1 8 1 10 12 1 100 1 8 1 10 12 1 8 1 11 100 12 1 1 1 100 1 10 12 1 1 11 12 1 8 1 18 8 1 10 12 1 10 12 1 1 18 8 1 10 12 1 100 1 10 12 1 10 12 1 11 7 12 1 1 10 12 1 1 8 1 8 1 10 12 1 1 10 12 1 1 10 10 12 1 100 1 10 10 12 1 10 12 1 1 10 7 12 1 1 10 12 1 10 12 1 10 12 1 1 10 7 12 1 1 10 12 1 10 12 1 10 7 12 1 1 1 10 12 1 8 1 10 12 1 10 12 1 3 100 1 8 1 10 12 1 10 12 1 10 10 12 1 10 12 1 1 8 1 8 1 8 1 9 12 1 10 12 1 100 1 8 1 9 12 1 10 12 1 10 12 1 1 10 12 1 1 10 12 1 10 12 10 12 1 7 1 10 12 1 10 12 1 1 100 1 10 100 12 1 1 1 7 1 10 7 12 1 1 1 10 12 1 1 11 7 12 1 1 10 7 12 1 1 10 100 12 1 1 1 10 12 1 1 9 12 1 10 12 1 1 10 12 1 10 12 1 1 9 7 12 1 1 1 10 7 12 1 1 1 10 12 1 10 12 1 1 9 12 1 10 10 10 10 100 12 1 1 1 10 12 1 9 12 1 10 12 1 1 9 12 1 100 1 100 1 1 1 1 1 1 1 1 1 1 1 1 1 1 1 1 1 1 1 1 1 1 1 1 1 1 1 1 1 1 1 1 1 1 100 1 1 1 1 1 1 1 1 100 1 1 1 1 1 1 1 1 1 1 1 1 100 1 1 1 1 1 1 1 1 1 1 1 1 1 1 1 1 1 1 1 1 1 1 1 1 1 1 1 1 1 1 1 1 1 1 1 1 1 1 1 1 1 100 1 1 1 1 1 1 1 1 1 1 1 1 1 1 1 1 1 1 1 1 1 100 1 100 1 1 15 10 100 12 1 1 1 16 15 16 1 16 1 15 10 12 16 1 100 1 1 100 1 100 1 1
ciInstanceKlass java/lang/reflect/Constructor 1 1 433 10 7 12 1 1 1 10 7 12 1 1 9 7 12 1 1 1 10 12 1 1 10 12 1 1 10 7 12 1 1 9 12 1 1 10 7 12 1 1 1 9 12 1 1 9 12 1 1 9 12 1 9 12 1 1 9 12 1 9 12 1 1 9 12 1 1 9 12 1 100 1 8 1 10 12 1 10 12 1 9 12 1 1 10 7 12 1 1 10 7 12 1 1 1 10 12 1 1 10 12 1 1 10 12 1 7 1 100 1 8 1 10 10 12 1 10 12 1 10 12 1 1 10 12 1 1 9 100 12 1 1 1 10 7 12 1 1 10 12 1 1 10 12 1 10 12 1 1 10 7 12 1 1 1 10 100 12 1 1 10 12 1 1 10 12 1 10 100 12 1 1 1 8 1 10 10 12 1 100 1 8 1 10 12 1 10 12 1 1 10 12 1 1 10 12 1 10 12 1 10 12 1 1 10 12 1 1 9 12 1 1 10 12 1 1 10 12 1 1 10 12 1 8 1 10 12 1 1 11 7 12 1 1 1 10 12 1 1 10 12 1 10 12 1 9 12 1 1 10 7 12 1 1 1 10 12 1 1 10 12 1 1 10 12 1 1 10 12 1 1 10 12 1 9 100 12 1 1 10 12 1 10 12 1 10 12 1 100 1 8 1 10 10 12 1 1 10 12 1 10 10 12 1 1 10 12 1 1 10 100 12 1 1 1 11 100 12 1 1 1 10 12 1 1 9 100 12 1 1 1 10 100 12 1 1 1 10 12 1 1 1 1 1 1 1 1 1 1 1 1 1 1 1 1 1 1 1 1 1 1 1 1 1 1 1 1 1 1 1 1 1 1 1 1 1 1 1 1 1 1 1 1 1 1 1 1 1 1 1 100 1 100 1 100 1 100 1 1 1 1 1 1 1 1 1 1 1 1 1 1 1 1 1 1 1 1 1 1 1 1 1 1 1 1 1 1 1 1 1 100 1 1
ciInstanceKlass java/lang/reflect/Method 1 1 450 9 7 12 1 1 1 10 7 12 1 1 1 10 7 12 1 1 9 12 1 1 10 12 1 1 10 12 1 1 10 7 12 1 1 10 7 12 1 1 1 9 12 1 1 9 12 1 9 12 1 1 9 12 1 9 12 1 9 12 1 1 9 12 1 9 12 1 1 9 12 1 9 12 1 9 12 1 1 100 1 8 1 10 12 1 10 12 1 9 12 1 1 8 1 10 7 12 1 1 10 7 12 1 1 1 10 12 1 1 10 12 1 1 10 12 1 10 12 1 1 10 12 1 1 9 100 12 1 1 1 10 12 1 1 10 12 10 7 12 1 1 10 12 1 1 10 12 1 10 12 1 10 12 1 10 7 12 1 1 1 10 12 1 1 10 7 1 10 7 12 1 1 1 10 7 12 1 1 10 12 1 1 10 12 1 1 10 12 1 10 7 12 1 1 1 10 12 1 10 8 1 10 12 1 10 12 1 7 1 8 1 8 1 8 1 10 12 1 10 12 1 1 10 12 1 1 10 10 12 1 1 10 12 1 11 100 1 9 12 1 1 10 12 1 1 10 12 1 10 12 1 1 10 12 1 1 11 7 12 1 1 1 10 12 1 10 12 1 10 12 1 10 12 1 10 12 1 9 12 1 1 10 7 12 1 1 1 10 12 1 1 10 7 12 1 1 1 10 7 12 1 1 1 10 7 12 1 1 1 11 7 12 1 1 1 10 7 12 1 1 1 7 1 100 1 100 1 10 12 1 10 12 1 1 10 12 1 100 1 8 1 10 12 1 10 10 12 1 1 10 12 1 1 10 12 1 1 10 12 1 1 8 1 10 12 1 1 1 1 1 1 1 1 1 1 1 1 1 1 1 1 1 1 1 1 1 1 1 1 1 1 1 1 1 1 1 1 1 1 1 1 1 1 1 1 1 1 1 1 1 1 1 1 1 1 1 1 1 100 1 100 1 100 1 1 1 1 1 1 1 1 1 1 1 1 1 1 1 1 1 1 1 1 1 1 1 1 1 1
ciInstanceKlass java/lang/reflect/Field 1 1 437 9 7 12 1 1 1 10 12 1 1 10 7 12 1 1 1 10 7 12 1 1 9 12 1 1 10 12 1 1 10 12 1 1 10 7 12 1 1 10 7 12 1 1 1 9 12 1 1 9 12 1 9 12 1 9 12 1 1 9 12 1 1 9 12 1 9 12 1 1 9 12 1 1 100 1 8 1 10 12 1 10 12 1 9 12 1 1 9 12 1 10 12 1 10 7 12 1 1 10 12 1 1 10 12 1 1 10 12 1 10 12 1 1 7 1 10 12 1 1 10 12 1 1 10 12 1 1 10 12 1 10 12 1 10 7 1 10 7 12 1 1 100 1 10 8 1 10 12 1 1 10 12 1 1 8 1 10 12 10 12 1 8 1 8 1 10 11 100 1 9 12 1 10 12 1 1 10 12 1 1 11 7 12 1 1 1 11 12 1 1 11 12 1 1 11 12 1 1 11 12 1 1 11 12 1 1 11 12 1 1 11 12 1 1 11 12 1 1 11 12 1 1 11 12 1 1 11 12 1 1 11 12 1 1 11 12 1 1 11 12 1 1 11 12 1 1 11 12 1 1 11 12 1 1 10 12 1 10 100 12 1 1 10 12 1 10 12 1 1 10 12 9 12 1 1 10 7 12 1 1 1 10 12 1 1 10 7 12 1 1 10 12 1 1 11 7 1 10 12 1 100 1 10 100 12 1 1 1 10 7 12 1 1 1 9 12 1 10 7 12 1 1 1 11 7 12 1 1 1 10 12 1 1 10 12 1 1 9 7 12 1 1 1 10 7 12 1 1 1 10 12 1 1 100 1 1 1 1 1 1 1 1 1 1 1 1 1 1 1 1 1 1 1 1 1 1 1 1 1 1 1 1 1 1 1 1 1 1 1 100 1 1 1 1 1 1 1 1 1 1 1 1 1 1 1 1 1 1 1 1 1 1 1 1 1 1 1 1 1 1 1 1 1 1 100 1 1 1 1 1 1 1 1 100 1 1
ciInstanceKlass java/lang/reflect/Parameter 1 1 226 10 7 12 1 1 1 9 7 12 1 1 1 9 12 1 1 9 12 1 1 9 12 1 10 12 1 1 10 12 1 1 10 7 12 1 1 1 100 1 10 10 12 1 1 11 100 12 1 1 1 10 12 1 10 7 12 1 1 1 10 12 1 1 10 12 1 10 12 1 8 1 8 1 10 100 12 1 1 1 10 12 1 10 12 10 12 1 8 1 10 12 1 9 12 1 1 10 12 1 1 9 12 1 1 10 12 1 1 10 12 1 1 10 12 1 1 10 12 1 10 10 12 1 10 100 12 1 1 1 10 12 1 1 11 100 12 1 1 10 100 12 1 1 100 1 10 100 12 1 1 1 10 12 1 1 10 12 1 1 10 12 1 1 10 12 1 1 9 12 1 100 1 10 11 12 1 1 11 12 1 1 100 1 1 1 1 1 1 1 1 1 1 1 1 1 1 1 1 1 1 1 1 1 1 1 1 1 1 1 1 1 1 1 1 1 1 1 1 1 1 100 1 1 1 1
ciInstanceKlass java/lang/StringBuffer 1 1 470 10 7 12 1 1 1 10 12 1 10 12 1 10 12 1 1 9 7 12 1 1 1 10 12 1 1 10 12 1 10 12 1 1 9 12 1 1 10 12 1 10 12 1 1 10 12 1 1 10 12 1 10 12 1 1 10 12 1 10 12 1 1 10 12 1 1 10 100 12 1 1 1 10 12 1 1 10 12 1 10 12 1 10 12 1 10 12 1 10 12 1 10 12 1 10 12 1 10 12 1 10 12 1 10 12 1 10 12 1 10 12 1 10 12 1 10 12 1 1 10 12 1 10 12 1 1 10 12 1 1 10 10 12 1 1 10 12 1 10 12 1 10 12 1 10 12 1 10 12 1 10 12 1 10 12 10 12 1 10 12 1 10 12 1 10 12 1 1 10 12 1 10 12 1 10 10 12 1 1 10 12 1 1 9 12 1 1 10 7 12 1 1 1 10 100 1 10 10 100 12 1 1 1 10 10 12 1 10 8 10 100 12 1 1 1 8 10 12 1 8 1 10 12 1 10 12 1 10 100 12 1 1 1 10 100 12 1 1 1 7 1 10 12 100 1 8 1 10 10 12 1 1 10 12 1 1 10 12 1 1 10 12 1 10 12 1 10 12 1 10 12 1 10 12 1 10 12 1 10 12 1 10 12 1 10 12 1 10 12 1 10 12 1 10 12 1 10 12 1 10 12 1 10 12 1 10 12 1 10 12 10 12 10 12 1 10 12 1 10 12 1 10 12 10 12 1 10 12 1 10 12 1 10 12 1 10 12 1 10 12 1 10 12 1 10 12 1 10 12 1 10 12 1 10 12 1 7 1 10 12 1 9 7 12 1 1 1 9 7 1 9 12 1 1 100 1 100 1 100 1 1 1 1 5 0 1 1 1 1 1 1 1 1 1 1 1 1 1 1 1 1 1 1 1 1 1 1 1 1 1 1 1 1 1 1 1 1 1 1 1 1 1 1 1 1 1 1 1 1 1 1 1 1 1 1 1 1 1 1 1 1 1 1 1 1 100 1 1 1 1 1 100 1 1 1 1 1 1 1 1 1 1 1 1 1 1 1 1 1
staticfield java/lang/StringBuffer serialPersistentFields [Ljava/io/ObjectStreamField; 3 [Ljava/io/ObjectStreamField;
ciInstanceKlass java/lang/CharSequence 1 1 130 11 100 12 1 1 1 18 12 1 1 100 1 10 100 12 1 1 1 18 10 100 12 1 1 1 10 100 12 1 1 1 100 1 11 12 1 1 10 100 12 1 1 1 11 12 1 1 100 1 10 12 1 1 10 100 12 1 1 1 100 1 10 10 12 1 1 1 1 1 1 1 1 1 1 1 1 1 1 1 1 1 1 1 1 1 1 1 1 1 1 1 1 1 1 1 1 1 1 15 10 100 12 1 1 1 16 1 15 11 12 16 15 11 12 1 1 100 1 100 1 1 100 1 1 100 1 100 1 1
instanceKlass java/lang/StringBuilder
instanceKlass java/lang/StringBuffer
ciInstanceKlass java/lang/AbstractStringBuilder 1 1 547 7 1 7 1 10 7 12 1 1 1 9 7 12 1 1 1 9 12 1 9 12 1 1 9 12 1 1 10 7 12 1 1 1 10 12 1 1 3 3 10 12 1 10 12 1 1 11 7 1 100 1 100 1 10 8 1 10 12 1 10 12 1 10 12 1 1 10 12 1 10 12 1 10 12 1 9 12 1 1 10 12 1 1 10 7 12 1 1 1 10 10 12 1 10 12 1 10 12 1 1 10 12 1 1 10 7 12 1 1 1 10 7 12 1 1 1 100 1 8 1 10 10 12 1 1 100 1 10 12 10 12 1 1 10 10 12 1 1 10 12 1 1 10 12 1 1 10 12 1 1 100 1 10 10 12 1 10 100 12 1 1 1 10 12 1 1 10 12 1 10 12 1 1 10 10 12 1 1 10 12 10 12 1 10 12 1 1 10 12 1 1 10 12 1 1 10 12 1 10 10 12 1 1 10 12 1 10 12 1 1 8 1 10 12 1 1 10 12 1 10 12 1 10 12 1 10 12 1 10 12 1 10 12 1 10 7 12 1 1 10 12 1 10 12 1 10 100 12 1 1 1 10 12 1 10 12 1 10 12 1 10 12 1 10 12 1 1 10 12 1 10 12 1 1 10 12 1 1 10 10 7 12 1 1 1 10 12 1 10 12 1 10 12 1 1 10 12 1 10 12 1 10 12 1 10 12 1 10 12 1 10 12 1 10 12 1 10 12 1 10 12 1 1 10 12 1 10 12 1 10 12 10 12 1 1 18 12 1 1 100 1 10 100 12 1 1 1 18 10 12 1 1 10 12 1 10 12 1 1 11 12 1 10 12 1 10 12 1 10 10 12 1 10 8 1 8 1 8 1 10 10 100 1 10 12 1 100 1 10 100 1 10 100 1 1 1 3 1 1 1 1 1 1 1 1 1 1 100 1 1 1 1 1 1 1 1 1 1 1 1 1 1 1 1 1 1 1 1 1 1 1 1 1 1 1 1 1 1 1 1 1 1 1 1 1 1 1 1 1 1 1 1 1 1 1 1 1 1 1 1 1 1 1 1 1 1 1 1 1 1 1 1 1 1 1 1 1 1 1 1 1 1 1 1 1 1 1 1 1 1 1 1 1 1 1 1 1 1 1 1 1 1 1 1 1 100 1 1 100 1 1 1 1 1 100 1 1 1 1 1 1 15 10 100 12 1 1 1 16 1 15 10 12 16 15 10 12 1 1 1 1 100 1 100 1 1
staticfield java/lang/AbstractStringBuilder EMPTYVALUE [B 0
ciMethod java/lang/AbstractStringBuilder append (Ljava/lang/String;)Ljava/lang/AbstractStringBuilder; 458 0 6544 0 1568
ciMethod java/lang/AbstractStringBuilder <init> (I)V 278 0 5290 0 512
ciMethod java/lang/AbstractStringBuilder ensureCapacityInternal (I)V 512 0 5682 0 -1
ciMethod java/lang/AbstractStringBuilder appendNull ()Ljava/lang/AbstractStringBuilder; 0 0 10 0 -1
ciMethod java/lang/AbstractStringBuilder putStringAt (ILjava/lang/String;)V 516 0 5527 0 -1
ciInstanceKlass java/lang/SecurityManager 0 0 576 10 100 12 1 1 1 9 100 12 1 1 1 10 100 12 1 1 1 100 1 8 1 10 12 1 10 12 1 1 10 100 12 1 1 1 10 100 1 10 100 1 10 9 100 12 1 1 1 10 100 12 1 1 1 10 12 1 1 10 100 12 1 1 100 1 8 1 10 9 12 1 1 9 12 1 8 1 9 12 1 100 1 10 8 1 10 12 1 1 10 12 1 10 12 1 1 100 1 10 10 12 1 1 100 1 8 1 10 12 1 8 1 8 1 8 1 8 1 8 1 8 1 10 12 1 8 1 8 1 8 1 8 1 8 1 10 100 12 1 1 1 10 12 1 1 8 1 100 1 8 1 10 8 1 8 1 8 1 8 1 8 1 10 100 12 1 1 8 1 100 1 8 1 8 1 10 8 1 10 12 1 100 1 8 1 10 10 12 1 1 10 12 1 10 12 1 10 12 1 10 100 12 1 1 1 10 12 1 10 100 12 1 1 11 100 12 1 1 1 18 12 1 1 11 100 12 1 1 1 18 12 1 1 11 12 1 1 18 18 11 12 1 18 12 1 11 12 1 1 9 12 1 1 9 12 1 9 12 1 9 12 1 100 1 10 100 12 1 1 10 12 1 10 12 1 18 12 1 18 10 100 12 1 1 1 18 12 1 10 12 1 18 18 8 1 10 12 1 9 12 1 1 11 100 12 1 1 1 8 1 100 1 10 12 1 10 12 1 1 10 12 1 1 9 12 1 1 10 12 1 10 12 1 1 8 1 100 1 10 9 12 1 8 1 10 12 1 8 1 100 1 10 10 100 12 1 1 10 100 1 9 100 12 1 1 1 11 12 1 1 10 12 1 11 12 1 10 12 1 100 1 10 10 12 1 1 10 12 1 1 1 1 1 1 1 1 1 1 1 100 1 1 1 1 1 1 1 1 1 1 1 1 1 1 1 1 1 1 1 1 1 1 1 1 1 1 1 1 1 1 1 1 1 1 1 1 1 1 1 1 1 1 1 1 1 1 1 1 1 1 1 1 1 1 1 1 3 1 1 1 1 1 1 1 1 1 1 100 1 1 1 1 1 1 1 1 1 1 1 1 1 1 1 1 1 1 1 1 1 1 1 1 1 1 1 1 1 1 1 1 1 1 1 1 1 1 15 10 100 12 1 1 1 16 15 10 100 12 1 1 1 16 1 16 15 10 12 16 1 15 10 12 16 15 11 100 1 16 1 16 1 15 10 12 16 15 10 12 16 15 10 12 1 16 1 15 11 12 1 15 10 12 16 15 10 16 1 1 1 1 100 1 100 1 1
instanceKlass org/yaml/model/YException
instanceKlass org/mulesoft/common/parse/ParseException
instanceKlass org/yaml/model/SyamlException
instanceKlass amf/core/client/scala/exception/AmfUnhandledException
instanceKlass amf/core/client/scala/exception/CyclicReferenceException
instanceKlass amf/core/client/scala/exception/UnsupportedParsedDocumentException$
instanceKlass scala/MatchError
instanceKlass org/mule/weave/lsp/services/exception/RunPreviewException
instanceKlass org/mule/weave/extension/plugin/maven/resolver/MavenResolverException
instanceKlass org/eclipse/lsp4j/jsonrpc/JsonRpcException
instanceKlass org/eclipse/lsp4j/jsonrpc/MessageIssueException
instanceKlass org/aspectj/lang/NoAspectBoundException
instanceKlass org/mule/metadata/persistence/MetadataSerializingException
instanceKlass java/io/UncheckedIOException
instanceKlass scala/MatchError
instanceKlass com/google/common/cache/CacheLoader$InvalidCacheLoadException
instanceKlass com/google/common/util/concurrent/UncheckedExecutionException
instanceKlass org/mule/tooling/integration/cache/utils/FileUtilsException
instanceKlass org/apache/logging/log4j/core/config/ConfigurationException
instanceKlass org/apache/logging/log4j/LoggingException
instanceKlass jakarta/ws/rs/WebApplicationException
instanceKlass org/glassfish/jersey/internal/Errors$ErrorMessagesException
instanceKlass jakarta/ws/rs/ProcessingException
instanceKlass org/mule/dx/platform/anypoint/exchange/AssetTypeInvalidException
instanceKlass org/mule/dx/platform/graphql/GraphServiceSchemaException
instanceKlass org/mule/dx/platform/internal/UnexpectedInternalError
instanceKlass org/mule/dx/contributions/munit/api/exception/MUnitServiceRuntimeException
instanceKlass com/mule/api/contribution/api/mockingservice/exceptions/GetMockingServicePortException
instanceKlass com/mule/api/contribution/api/mockingservice/exceptions/CreateMockingServiceInstanceException
instanceKlass org/eclipse/jgit/api/errors/JGitInternalException
instanceKlass org/mule/contribution/internal/lsp/exceptions/TestConnectionException
instanceKlass org/mule/contribution/WorkspaceContributionException
instanceKlass org/mule/maven/client/api/BundleDependenciesResolutionException
instanceKlass org/eclipse/lsp4j/jsonrpc/ResponseErrorException
instanceKlass org/mule/contribution/internal/lsp/NoSuchCanvasElement
instanceKlass java/util/concurrent/CompletionException
instanceKlass org/mule/contribution/api/deploy/FailedStepException
instanceKlass org/mule/contribution/util/exception/ScriptUtilsException
instanceKlass org/mule/dx/contributions/exception/ComponentException
instanceKlass org/mule/dx/platform/auth/UnauthorizedException
instanceKlass org/mule/contribution/internal/runtime/MissingRuntimeException
instanceKlass com/google/gson/JsonParseException
instanceKlass org/eclipse/lemminx/uriresolver/CacheResourceException
instanceKlass org/eclipse/lemminx/services/LimitList$ResultLimitExceededException
instanceKlass java/lang/TypeNotPresentException
instanceKlass com/google/inject/internal/aop/GlueException
instanceKlass com/google/common/util/concurrent/UncheckedExecutionException
instanceKlass com/google/common/cache/CacheLoader$InvalidCacheLoadException
instanceKlass com/google/inject/ProvisionException
instanceKlass com/google/inject/CreationException
instanceKlass com/google/inject/ConfigurationException
instanceKlass com/github/zafarkhaja/semver/util/UnexpectedElementException
instanceKlass com/github/zafarkhaja/semver/ParseException
instanceKlass java/lang/IndexOutOfBoundsException
instanceKlass java/nio/file/FileSystemNotFoundException
instanceKlass org/pf4j/PluginRuntimeException
instanceKlass com/sun/org/apache/xerces/internal/xni/XNIException
instanceKlass java/time/DateTimeException
instanceKlass java/lang/reflect/UndeclaredThrowableException
instanceKlass org/apache/logging/log4j/core/config/ConfigurationException
instanceKlass java/util/ConcurrentModificationException
instanceKlass java/util/MissingResourceException
instanceKlass java/util/NoSuchElementException
instanceKlass org/apache/logging/log4j/LoggingException
instanceKlass java/lang/SecurityException
instanceKlass java/lang/UnsupportedOperationException
instanceKlass java/lang/IllegalStateException
instanceKlass java/lang/IllegalArgumentException
instanceKlass java/lang/ArithmeticException
instanceKlass java/lang/NullPointerException
instanceKlass java/lang/IllegalMonitorStateException
instanceKlass java/lang/ArrayStoreException
instanceKlass java/lang/ClassCastException
ciInstanceKlass java/lang/RuntimeException 1 1 40 10 7 12 1 1 1 10 12 1 10 12 1 10 12 1 10 12 1 100 1 1 1 1 5 0 1 1 1 1 1 1 1 1 1 1 1 1 1 1
ciInstanceKlass java/lang/ArithmeticException 1 1 26 10 100 12 1 1 1 10 12 1 100 1 1 1 1 5 0 1 1 1 1 1 1 1 1 1
ciInstanceKlass java/lang/NullPointerException 1 1 52 10 100 12 1 1 1 10 12 1 9 100 12 1 1 1 10 12 1 1 9 12 1 1 10 12 1 1 10 12 1 1 1 1 5 0 1 1 1 1 1 1 1 1 100 1 100 1 100 1 1 1
instanceKlass com/google/common/cache/LocalCache
instanceKlass com/google/gson/internal/LinkedTreeMap
instanceKlass com/google/common/collect/Maps$ViewCachingAbstractMap
instanceKlass com/google/common/collect/MapMakerInternalMap
instanceKlass com/google/common/cache/LocalCache
instanceKlass java/util/Collections$SingletonMap
instanceKlass java/util/concurrent/ConcurrentSkipListMap
instanceKlass java/util/EnumMap
instanceKlass java/util/TreeMap
instanceKlass java/util/IdentityHashMap
instanceKlass java/util/WeakHashMap
instanceKlass java/util/Collections$EmptyMap
instanceKlass sun/util/PreHashedMap
instanceKlass java/util/HashMap
instanceKlass java/util/ImmutableCollections$AbstractImmutableMap
instanceKlass java/util/concurrent/ConcurrentHashMap
ciInstanceKlass java/util/AbstractMap 1 1 192 10 7 12 1 1 1 10 7 12 1 1 1 11 7 12 1 1 1 10 11 12 1 1 11 7 12 1 1 1 11 12 1 1 7 1 11 12 1 10 12 1 1 11 12 1 100 1 10 11 12 1 11 7 1 10 12 1 1 11 12 1 9 12 1 1 7 1 10 12 1 9 12 1 1 100 1 10 11 11 12 1 1 11 12 1 100 1 100 1 11 12 1 8 1 100 1 10 10 12 1 1 8 1 10 12 1 10 12 1 1 10 12 1 1 1 1 1 1 1 1 1 1 1 1 1 1 1 1 1 1 1 1 1 1 1 1 1 1 1 1 1 1 1 1 1 1 1 1 1 1 1 1 100 1 1 1 1 1 1 1 1 1 1 1 1 1 1 1 1 100 1 1 1 1 1 1 1 1 1 100 1 100 1 100 1 100 1 1 1 1 1
ciInstanceKlass java/security/AccessControlContext 1 1 373 9 7 12 1 1 1 9 12 1 1 10 100 12 1 1 1 8 1 10 100 12 1 1 1 10 7 12 1 1 1 9 12 1 9 12 1 1 9 12 1 1 10 7 12 1 1 100 1 10 12 1 11 100 12 1 1 1 11 12 1 11 12 1 11 12 1 1 7 1 11 12 1 1 10 12 1 10 7 12 1 1 1 9 100 12 1 1 1 10 100 12 1 1 1 11 100 12 1 1 1 10 7 1 100 1 8 1 10 12 1 10 12 1 1 7 1 10 7 12 1 1 1 9 12 1 9 12 1 9 12 1 9 12 1 1 9 12 1 1 9 12 1 9 12 1 10 7 12 1 1 1 9 12 1 10 12 1 1 10 12 1 1 8 1 10 12 1 1 10 12 1 1 10 100 12 1 1 1 100 1 10 10 12 1 1 10 100 12 1 1 1 10 8 1 10 100 12 1 1 8 1 10 100 12 1 1 8 1 8 1 10 12 1 8 1 10 12 1 8 1 10 12 1 10 12 1 10 12 1 1 8 1 8 1 100 1 10 12 1 10 12 1 1 100 1 10 12 1 8 1 10 12 1 10 12 1 10 8 1 10 12 1 1 10 12 1 1 10 12 1 1 10 12 1 1 10 12 1 10 12 1 10 12 1 10 12 1 1 10 10 10 12 1 1 1 1 1 1 1 1 1 1 1 1 1 1 1 1 1 1 1 1 1 1 1 1 100 1 1 1 1 1 1 1 1 1 1 1 1 1 1 1 1 1 1 1 1 1 1 1 1 1 1 1 1 1 1 1 1 1 1 1 1 1 1 1 1 1 1 1 1 1 1 1 1 1 1 1 1 3 1 1
ciInstanceKlass java/net/URL 1 1 743 10 7 12 1 1 1 10 12 1 10 7 12 1 1 9 12 1 1 9 12 1 10 7 12 1 1 1 10 12 1 1 10 12 1 1 9 12 1 1 10 7 12 1 1 1 8 1 10 12 1 1 100 1 10 10 12 1 1 8 1 10 12 1 1 9 12 1 100 1 8 1 10 12 1 10 12 1 8 1 9 12 1 10 12 1 1 9 12 1 10 12 1 10 12 1 9 12 1 9 12 1 8 1 9 12 1 10 12 1 1 8 1 9 12 1 1 10 12 1 1 10 7 12 1 1 1 8 1 10 12 1 7 1 10 12 1 10 12 1 10 12 1 10 12 1 1 10 12 1 1 8 1 10 12 1 1 10 12 1 8 1 9 12 1 8 1 10 12 1 10 7 12 1 1 1 100 1 10 12 1 10 12 1 1 10 7 12 1 1 1 100 1 8 1 10 10 12 1 8 1 10 12 1 1 10 12 1 10 12 1 10 12 1 10 12 1 10 12 1 8 1 10 12 1 10 10 7 12 1 1 1 10 12 1 9 100 12 1 1 1 10 100 12 1 1 1 9 12 1 1 10 12 1 10 100 12 1 1 1 100 1 100 1 10 12 1 10 12 1 10 12 1 10 12 1 10 12 1 10 12 10 10 10 12 1 100 1 10 12 1 10 12 1 1 8 1 9 100 12 1 1 1 10 100 12 1 1 1 10 12 1 1 9 100 12 1 1 1 10 12 1 1 100 1 10 12 1 10 12 1 10 10 12 1 1 10 12 1 1 10 12 1 10 12 1 10 12 1 10 7 12 1 1 1 10 12 1 1 10 12 1 9 12 1 1 9 12 1 1 100 1 8 1 10 10 12 1 9 12 1 1 10 7 12 1 1 8 1 10 7 12 1 1 8 1 10 12 1 1 10 12 1 8 1 8 1 10 7 12 1 1 1 100 1 10 100 12 1 1 1 10 12 1 10 12 1 7 1 10 9 12 1 1 10 7 12 1 1 8 1 10 12 1 1 7 1 10 10 7 12 1 1 1 8 9 7 12 1 1 1 10 12 1 10 12 1 10 12 1 10 12 1 10 7 12 1 1 11 7 12 1 1 10 12 1 10 12 1 9 12 1 10 12 1 1 10 100 12 1 1 10 100 12 1 1 1 8 10 100 12 1 1 100 1 10 8 8 10 12 1 8 8 8 100 1 10 12 1 9 12 1 1 10 12 1 10 12 1 1 10 12 1 10 12 10 12 1 1 10 12 1 1 10 10 10 12 1 10 12 1 10 12 1 10 12 1 10 12 1 10 10 12 1 100 1 8 1 10 10 10 12 1 1 10 12 1 10 12 1 1 8 1 7 1 10 10 10 7 1 10 12 1 9 7 12 1 1 1 9 12 1 1 7 1 10 10 7 12 1 1 1 100 1 1 1 1 1 5 0 1 1 1 1 1 1 1 1 1 1 1 1 1 1 1 1 1 1 1 1 1 1 1 1 1 1 1 1 1 1 1 1 1 1 1 1 1 1 1 100 1 1 1 1 1 1 1 1 1 1 1 1 1 1 1 1 1 1 1 1 1 1 1 1 1 1 1 1 1 1 1 1 1 1 1 1 1 100 1 1 1 1 1 1 1 1 1 1 1 1 1 1 1 1 100 1 1 1 1 1 1 1 1 1 1 1 1 1 1 1 1 1 1
staticfield java/net/URL defaultFactory Ljava/net/URLStreamHandlerFactory; java/net/URL$DefaultFactory
staticfield java/net/URL streamHandlerLock Ljava/lang/Object; java/lang/Object
staticfield java/net/URL serialPersistentFields [Ljava/io/ObjectStreamField; 7 [Ljava/io/ObjectStreamField;
ciInstanceKlass java/util/jar/Manifest 1 1 336 10 7 12 1 1 1 7 1 10 9 7 12 1 1 1 7 1 10 9 12 1 1 9 12 1 1 10 12 1 10 12 1 1 10 12 1 1 10 12 1 1 10 12 1 1 11 7 1 11 12 1 1 10 12 1 1 10 100 12 1 1 1 100 1 100 1 10 8 1 10 12 1 1 10 12 1 1 10 12 1 10 12 1 11 100 1 10 12 1 10 12 1 1 11 12 1 1 10 12 1 11 12 1 1 11 100 12 1 1 1 11 100 12 1 1 11 12 1 1 100 1 10 12 1 8 1 11 12 1 100 1 10 12 1 1 11 12 1 10 12 1 10 12 1 10 100 12 1 1 1 8 1 10 12 1 1 10 9 100 12 1 1 1 10 12 1 1 10 100 12 1 10 12 1 10 12 1 9 100 12 1 1 1 8 1 10 12 1 8 1 8 1 7 1 10 12 1 10 12 1 10 12 1 1 100 1 8 1 10 12 1 1 8 1 10 10 12 1 1 8 1 10 12 1 1 10 100 12 1 1 1 10 12 1 10 11 12 1 1 10 12 1 10 100 12 1 1 1 10 12 1 1 10 12 1 1 11 10 12 1 11 10 12 1 100 1 1 1 1 1 1 1 1 1 1 1 1 1 1 1 1 1 1 1 1 1 1 1 1 1 1 1 1 1 1 1 1 1 1 1 1 1 1 1 1 1 1 1 100 1 1 1 1 1 1 1 1 1 1 1 1 1 1 100 1 1 1 1 1 1 1 1 1 1 1
instanceKlass com/google/common/collect/ImmutableCollection
instanceKlass com/google/common/collect/ImmutableCollection
instanceKlass com/google/common/collect/ImmutableCollection
instanceKlass org/apache/logging/log4j/ThreadContext$EmptyThreadContextStack
instanceKlass com/google/common/collect/Maps$Values
instanceKlass com/google/common/collect/AbstractMultimap$Values
instanceKlass com/google/common/collect/AbstractMapBasedMultimap$WrappedCollection
instanceKlass com/google/common/collect/ImmutableCollection
instanceKlass java/util/IdentityHashMap$Values
instanceKlass java/util/TreeMap$Values
instanceKlass java/util/concurrent/ConcurrentLinkedDeque
instanceKlass java/util/LinkedHashMap$LinkedValues
instanceKlass org/apache/logging/log4j/ThreadContext$EmptyThreadContextStack
instanceKlass java/util/HashMap$Values
instanceKlass java/util/AbstractQueue
instanceKlass java/util/ArrayDeque
instanceKlass java/util/AbstractSet
instanceKlass java/util/ImmutableCollections$AbstractImmutableCollection
instanceKlass java/util/AbstractList
ciInstanceKlass java/util/AbstractCollection 1 1 160 10 7 12 1 1 1 10 7 12 1 1 1 10 12 1 1 11 7 12 1 1 1 11 12 1 1 10 12 1 1 10 100 12 1 1 1 10 12 1 1 10 12 1 1 10 7 12 1 1 10 7 12 1 1 1 7 1 10 100 12 1 1 1 10 100 12 1 1 1 100 1 10 11 12 1 11 7 1 10 12 1 10 12 1 10 100 12 1 1 1 11 8 1 7 1 10 10 12 1 1 8 1 10 12 1 10 12 1 1 1 1 1 1 1 1 1 1 1 1 1 1 1 1 1 1 1 1 1 1 1 1 1 1 1 1 1 1 1 1 1 1 1 1 1 1 1 1 1 1 1 1 1 1 1 1 1 1 1 1
instanceKlass com/google/common/collect/Lists$TransformingRandomAccessList
instanceKlass sun/security/jca/ProviderList$3
instanceKlass java/util/Vector
instanceKlass java/util/AbstractSequentialList
instanceKlass java/util/Collections$SingletonList
instanceKlass java/util/Collections$CopiesList
instanceKlass java/util/Arrays$ArrayList
instanceKlass java/util/ArrayList$SubList
instanceKlass java/util/Collections$EmptyList
instanceKlass java/util/ArrayList
ciInstanceKlass java/util/AbstractList 1 1 218 10 7 12 1 1 1 9 7 12 1 1 1 10 12 1 1 10 12 1 1 100 1 10 10 12 1 1 11 7 12 1 1 1 11 12 1 1 11 12 1 10 7 12 1 1 1 10 12 1 11 12 1 11 12 1 11 12 1 10 12 1 1 10 12 1 1 11 100 12 1 1 1 11 7 1 11 7 1 10 12 1 7 1 10 12 1 10 12 1 1 100 1 100 1 10 12 1 100 1 10 100 1 100 1 10 8 1 10 12 1 1 10 12 1 10 12 1 1 10 12 1 8 1 100 1 8 1 8 1 8 1 10 7 1 11 10 10 12 1 11 12 1 10 12 1 1 8 1 8 1 1 1 1 1 1 1 1 1 1 1 1 1 1 1 1 1 1 1 1 1 1 1 1 1 1 1 1 1 1 1 1 1 1 1 1 1 1 1 1 1 1 1 1 1 1 1 1 1 1 1 1 1 1 1 1 1 1 100 1 100 1 1 1 1 1 1 1
ciInstanceKlass java/lang/AssertionStatusDirectives 0 0 24 10 100 12 1 1 1 100 1 1 1 1 1 1 1 1 1 1 1 1 1 1 1 1
ciInstanceKlass java/lang/invoke/MethodHandleNatives$CallSiteContext 1 1 49 10 7 12 1 1 1 7 1 10 10 7 12 1 1 1 10 7 12 1 1 1 10 7 12 1 1 1 100 1 1 1 1 1 1 1 1 1 1 1 1 1 1 1 1 1 100 1 1
ciInstanceKlass jdk/internal/invoke/NativeEntryPoint 0 0 92 10 100 12 1 1 1 9 100 12 1 1 1 10 100 12 1 1 1 100 1 9 12 1 9 12 1 9 12 1 1 9 12 1 1 9 12 1 1 100 1 8 1 10 12 1 11 100 12 1 1 1 10 12 1 1 10 12 1 11 100 12 1 1 11 12 1 10 12 1 1 10 12 1 1 1 1 1 1 1 1 1 1 1 1 1 1 1 1 1 1 1
instanceKlass java/lang/invoke/VolatileCallSite
instanceKlass java/lang/invoke/MutableCallSite
instanceKlass java/lang/invoke/ConstantCallSite
ciInstanceKlass java/lang/invoke/CallSite 1 1 302 10 7 12 1 1 1 10 7 12 1 1 1 9 7 12 1 1 1 10 12 1 1 9 12 1 1 10 7 12 1 1 1 10 12 1 100 1 10 12 1 1 10 12 1 1 9 100 12 1 1 1 10 100 12 1 1 10 12 1 1 100 1 100 1 10 10 100 12 1 1 1 10 12 1 1 8 1 10 12 1 10 12 1 1 10 12 1 10 12 1 1 10 12 1 1 10 10 100 12 1 1 10 12 1 1 9 12 1 9 100 12 1 1 1 8 1 10 7 12 1 1 1 10 12 1 1 100 1 10 12 1 1 9 12 1 8 1 100 1 10 12 1 10 12 1 100 1 8 1 10 10 12 1 10 12 1 1 100 1 10 12 1 1 10 12 1 10 12 1 10 12 1 1 10 12 1 1 9 12 1 1 8 10 12 1 1 9 12 1 1 100 1 10 10 12 1 10 100 12 1 1 1 10 12 1 1 10 12 1 1 10 12 1 10 7 12 1 1 1 100 1 8 1 10 10 12 10 12 1 1 100 1 100 1 100 1 8 1 10 12 1 10 7 12 1 1 1 1 1 1 1 1 1 1 1 1 1 1 1 1 1 1 1 1 1 1 1 1 1 1 1 1 1 1 1 1 1 1 1 1 1 1 1 1 1 1 1 1 1 1 1 1 1 1 1 1 1 1 1 1 1
staticfield java/lang/invoke/CallSite $assertionsDisabled Z 1
ciInstanceKlass java/lang/invoke/VolatileCallSite 0 0 37 10 100 12 1 1 1 10 12 1 10 100 12 1 1 1 10 12 1 10 12 1 1 1 1 1 1 1 1 1 1 1 1 1 1 1 1
ciInstanceKlass java/lang/invoke/MethodType 1 1 771 7 1 10 7 12 1 1 1 9 12 1 1 9 12 1 1 9 12 1 1 10 7 12 1 1 1 9 7 12 1 1 8 1 10 100 12 1 1 1 9 7 1 9 7 1 10 12 1 1 100 1 10 8 1 10 12 1 1 10 12 1 10 12 1 1 100 1 8 1 10 12 1 100 1 10 10 12 1 10 12 1 1 10 12 1 1 11 7 12 1 1 1 9 12 1 11 12 1 1 7 7 1 10 7 12 1 1 1 10 12 1 9 12 1 1 10 7 12 1 1 10 12 1 1 10 7 12 1 1 1 10 7 12 1 1 1 10 12 1 9 12 1 1 10 12 1 1 7 1 10 12 1 1 10 12 1 1 10 12 1 1 10 12 1 1 10 12 1 1 10 12 1 10 12 1 10 12 1 1 10 12 1 8 1 8 1 10 12 1 1 9 12 1 1 100 1 10 10 12 1 1 10 12 1 10 12 1 1 10 12 1 1 10 12 1 10 12 1 1 10 12 1 8 1 10 12 1 1 10 100 12 1 1 1 10 12 1 10 12 1 1 10 12 1 10 12 1 10 12 1 1 10 12 1 10 12 1 9 12 1 10 12 1 10 10 12 1 1 10 12 1 9 12 1 1 10 12 1 1 10 12 1 1 10 12 1 1 10 12 1 1 7 1 10 12 10 12 1 10 12 1 100 1 8 1 8 1 8 1 10 12 1 10 12 1 10 12 1 10 11 12 1 1 11 12 1 10 100 12 1 1 1 9 12 1 10 12 1 10 12 1 1 10 12 1 1 10 12 1 10 12 1 10 100 12 1 1 1 10 12 1 1 10 12 1 10 12 1 10 12 1 10 9 12 1 1 7 1 10 12 1 10 12 1 1 9 100 12 1 1 1 10 100 12 1 1 1 10 100 12 1 1 1 10 12 1 1 10 100 12 1 1 1 10 12 1 1 8 1 10 7 12 1 1 1 11 12 1 1 9 12 1 1 10 12 1 1 10 12 1 10 12 1 1 10 12 1 1 10 100 12 1 1 100 1 10 12 1 1 11 100 12 1 1 1 18 12 1 1 11 12 1 1 18 12 1 11 12 1 100 1 11 100 12 1 1 10 12 1 100 1 10 12 1 10 100 12 1 1 10 12 1 1 9 12 1 1 9 100 12 1 1 1 10 100 12 1 1 1 9 12 1 10 100 12 1 1 10 12 1 100 10 12 1 1 10 12 1 10 7 1 7 1 9 12 1 1 100 1 100 1 100 1 1 1 5 0 1 1 1 1 1 1 1 3 1 3 1 3 1 1 1 1 1 1 1 1 1 1 1 1 1 1 1 1 1 1 1 1 1 1 1 1 1 1 1 1 1 1 1 1 1 1 1 1 1 1 1 1 1 1 1 1 1 1 1 1 1 1 1 1 1 1 1 1 1 1 1 1 1 1 1 1 1 1 1 1 1 1 1 1 1 1 1 1 1 1 1 1 1 1 1 1 1 1 1 1 1 1 1 1 1 1 1 1 1 1 1 1 1 1 1 1 1 1 1 1 1 1 1 1 1 1 1 1 1 1 1 1 1 1 1 1 1 1 1 100 1 100 1 1 1 1 1 1 1 1 1 1 1 1 1 100 1 1 1 100 1 1 1 1 1 1 1 1 1 1 1 1 1 1 1 1 1 1 1 1 1 15 10 100 12 1 1 1 16 15 10 12 16 16 15 10 12 16 1 1 1 1 100 1 1 100 1 1 100 1 100 1 1
staticfield java/lang/invoke/MethodType internTable Ljava/lang/invoke/MethodType$ConcurrentWeakInternSet; java/lang/invoke/MethodType$ConcurrentWeakInternSet
staticfield java/lang/invoke/MethodType NO_PTYPES [Ljava/lang/Class; 0 [Ljava/lang/Class;
staticfield java/lang/invoke/MethodType objectOnlyTypes [Ljava/lang/invoke/MethodType; 20 [Ljava/lang/invoke/MethodType;
staticfield java/lang/invoke/MethodType METHOD_HANDLE_ARRAY [Ljava/lang/Class; 1 [Ljava/lang/Class;
staticfield java/lang/invoke/MethodType serialPersistentFields [Ljava/io/ObjectStreamField; 0 [Ljava/io/ObjectStreamField;
staticfield java/lang/invoke/MethodType $assertionsDisabled Z 1
ciInstanceKlass java/lang/BootstrapMethodError 0 0 45 10 100 12 1 1 1 10 12 1 10 12 1 10 100 12 1 1 1 10 100 12 1 1 1 1 1 1 5 0 1 1 1 1 1 1 1 1 1 1 1 100 1 1 1
ciInstanceKlass jdk/internal/loader/ClassLoaders$AppClassLoader 1 1 119 8 1 10 7 12 1 1 1 10 7 12 1 1 1 10 100 12 1 1 1 10 12 1 1 10 100 12 1 1 1 10 12 1 1 10 12 1 1 7 1 8 1 10 12 10 7 12 1 1 1 10 100 12 1 1 10 12 1 1 10 12 1 1 10 7 12 1 1 1 100 1 10 12 1 1 1 1 1 1 1 1 1 1 1 1 1 1 1 1 1 1 1 1 1 100 1 1 1 1 1 1 1 1 1 1 1 1 1 1 1 1 1 1 1 100 1 1 1
ciInstanceKlass jdk/internal/loader/ClassLoaders$PlatformClassLoader 1 1 42 8 1 10 7 12 1 1 1 10 7 12 1 1 1 100 1 10 12 1 100 1 1 1 1 1 1 1 1 1 1 1 1 1 1 100 1 1 1 100 1 1
ciInstanceKlass java/lang/ArrayStoreException 1 1 26 10 100 12 1 1 1 10 12 1 100 1 1 1 1 5 0 1 1 1 1 1 1 1 1 1
ciInstanceKlass java/lang/ClassCastException 1 1 26 10 7 12 1 1 1 10 12 1 100 1 1 1 1 5 0 1 1 1 1 1 1 1 1 1
ciInstanceKlass java/lang/NoClassDefFoundError 0 0 26 10 100 12 1 1 1 10 12 1 100 1 1 1 1 5 0 1 1 1 1 1 1 1 1 1
ciInstanceKlass java/lang/IllegalMonitorStateException 1 1 26 10 100 12 1 1 1 10 12 1 100 1 1 1 1 5 0 1 1 1 1 1 1 1 1 1
ciInstanceKlass java/lang/StackOverflowError 1 1 26 10 100 12 1 1 1 10 12 1 100 1 1 1 1 5 0 1 1 1 1 1 1 1 1 1
instanceKlass java/lang/StackOverflowError
instanceKlass java/lang/OutOfMemoryError
instanceKlass java/lang/InternalError
ciInstanceKlass java/lang/VirtualMachineError 1 1 34 10 100 12 1 1 1 10 12 1 10 12 1 10 12 1 100 1 1 1 1 5 0 1 1 1 1 1 1 1 1 1 1 1
ciInstanceKlass java/lang/OutOfMemoryError 1 1 26 10 100 12 1 1 1 10 12 1 100 1 1 1 1 5 0 1 1 1 1 1 1 1 1 1
ciInstanceKlass java/lang/InternalError 0 0 34 10 100 12 1 1 1 10 12 1 10 12 1 10 12 1 100 1 1 1 1 5 0 1 1 1 1 1 1 1 1 1 1 1
ciInstanceKlass java/lang/StackTraceElement 1 1 224 10 7 12 1 1 1 10 7 12 1 1 9 12 1 1 9 12 1 1 9 12 1 9 12 1 8 1 10 100 12 1 1 1 100 1 9 12 1 8 1 9 12 1 9 12 1 9 12 1 1 8 1 10 12 1 1 10 12 1 100 1 10 10 12 1 1 8 1 10 12 1 1 10 12 1 8 1 8 1 8 1 10 12 1 8 1 8 1 10 12 1 8 1 8 1 10 12 1 1 10 12 1 10 12 1 1 10 12 1 9 12 1 1 10 7 12 1 1 1 10 12 1 1 7 1 10 12 1 1 10 7 12 1 1 10 7 12 1 1 1 10 7 12 1 1 10 7 12 1 1 10 10 12 1 1 10 12 1 10 12 1 1 100 1 1 1 1 1 3 1 3 1 1 5 0 1 1 1 1 1 1 1 1 1 1 1 1 1 1 1 1 1 1 1 1 1 1 1 1 1 1 100 1 100 1 1 1 1 1 1 1 1 1 1 100 1 1 1 1 1 1 1 1
instanceKlass java/nio/CharBuffer
instanceKlass java/nio/IntBuffer
instanceKlass java/nio/LongBuffer
instanceKlass java/nio/ByteBuffer
ciInstanceKlass java/nio/Buffer 1 1 224 100 1 10 7 12 1 1 1 9 7 12 1 1 1 9 12 1 9 12 1 1 9 12 1 9 12 1 1 10 12 1 1 10 12 1 1 10 12 100 1 100 1 10 8 1 10 12 1 1 10 12 1 8 1 8 1 10 12 1 1 10 12 1 8 1 9 12 1 1 100 1 8 1 10 12 1 8 1 8 1 9 12 10 12 1 8 1 8 1 8 1 10 12 1 8 1 8 1 8 1 100 1 10 100 1 10 100 1 10 100 1 10 10 100 12 1 1 1 10 11 100 12 1 1 10 7 12 1 1 1 10 7 12 1 1 1 9 12 1 1 10 7 12 1 1 1 9 12 1 1 7 1 10 10 7 12 1 1 1 1 1 3 1 1 1 1 1 1 1 1 1 1 1 1 1 1 1 1 1 1 100 1 1 1 1 1 1 1 1 1 1 1 1 1 1 1 1 1 1 1 1 1 1 1 1 1 1 1 1 1 1 1 1 1 1 1 1 1 1 1 1 1 1
staticfield java/nio/Buffer UNSAFE Ljdk/internal/misc/Unsafe; jdk/internal/misc/Unsafe
staticfield java/nio/Buffer SCOPED_MEMORY_ACCESS Ljdk/internal/misc/ScopedMemoryAccess; jdk/internal/misc/ScopedMemoryAccess
staticfield java/nio/Buffer $assertionsDisabled Z 1
ciInstanceKlass jdk/internal/misc/UnsafeConstants 1 1 34 10 100 12 1 1 1 9 7 12 1 1 1 9 12 1 9 12 1 1 9 12 1 9 12 1 1 1 1 1 1 1 1 1
staticfield jdk/internal/misc/UnsafeConstants ADDRESS_SIZE0 I 8
staticfield jdk/internal/misc/UnsafeConstants PAGE_SIZE I 4096
staticfield jdk/internal/misc/UnsafeConstants BIG_ENDIAN Z 0
staticfield jdk/internal/misc/UnsafeConstants UNALIGNED_ACCESS Z 1
staticfield jdk/internal/misc/UnsafeConstants DATA_CACHE_LINE_FLUSH_SIZE I 0
instanceKlass java/lang/invoke/DelegatingMethodHandle
instanceKlass java/lang/invoke/BoundMethodHandle
instanceKlass java/lang/invoke/DirectMethodHandle
ciInstanceKlass java/lang/invoke/MethodHandle 1 1 644 100 1 9 7 12 1 1 1 10 7 12 1 1 1 10 7 12 1 1 1 7 1 7 1 10 12 1 1 9 12 1 1 10 12 1 10 12 1 1 10 12 1 1 10 100 12 1 1 1 10 12 1 1 10 12 1 1 11 100 12 1 1 1 10 12 1 1 10 12 1 10 12 1 9 12 1 1 10 12 1 1 100 1 100 1 10 8 1 10 12 1 1 10 12 1 8 1 10 12 1 1 10 12 1 10 7 12 1 1 1 10 12 1 10 12 1 1 10 12 1 1 10 12 1 1 10 12 1 1 10 7 12 1 1 1 10 7 12 1 1 1 7 1 10 12 1 1 10 12 1 1 10 12 1 1 8 1 10 7 12 1 1 1 8 1 10 12 1 1 10 12 1 1 10 12 1 1 10 12 1 8 1 10 12 1 1 8 1 10 12 1 8 1 10 100 12 1 1 1 9 12 1 1 100 1 10 9 100 12 1 1 1 9 100 1 8 1 10 12 1 1 10 12 1 10 12 1 1 10 12 1 10 12 1 1 10 12 1 10 12 1 1 10 12 1 10 12 1 1 10 12 1 1 8 1 10 12 1 1 8 1 10 12 1 10 12 1 1 10 12 1 10 12 1 10 12 1 1 9 100 12 1 1 1 10 12 1 1 11 12 1 10 12 1 10 12 1 1 10 100 12 1 1 1 100 1 11 12 1 10 100 1 11 12 1 100 1 10 12 1 11 12 1 9 100 12 1 1 1 11 12 1 1 11 100 12 1 1 1 10 12 1 1 9 12 1 11 12 1 9 12 1 9 12 1 9 12 1 11 12 1 1 9 12 1 9 12 1 9 12 1 9 12 1 9 12 1 9 12 1 9 12 1 8 1 10 12 1 10 12 1 8 1 10 12 1 10 12 1 10 10 7 12 1 1 10 12 1 1 100 1 8 1 10 12 1 1 10 12 1 1 10 12 1 10 12 1 100 1 10 100 12 1 1 1 10 12 1 9 7 12 1 1 1 10 12 1 1 10 12 1 1 8 1 9 12 1 9 12 1 1 9 12 1 1 10 12 1 7 1 10 12 1 10 12 1 1 9 12 1 1 9 12 1 1 10 7 12 1 1 1 11 7 12 1 1 9 12 1 10 12 1 1 10 12 1 9 12 1 10 12 1 8 10 12 1 1 8 1 1 1 1 1 1 100 1 1 1 1 1 1 1 1 1 1 1 1 1 1 1 1 1 1 1 1 1 1 1 1 1 1 1 1 1 1 1 1 1 1 1 1 1 1 1 1 1 1 1 1 1 1 1 1 1 1 1 1 1 1 1 1 1 1 1 1 1 1 1 1 1 1 1 1 1 100 1 1 1 1 1 1 1 1 1 100 1 1 1 1 1 1 1 1 1 1 1 1 1 1 1 1 1 1 1 1 1 1 1 1 1 1 1 100 1 1 100 1 1 100 1 1 1 1
staticfield java/lang/invoke/MethodHandle FORM_OFFSET J 20
staticfield java/lang/invoke/MethodHandle UPDATE_OFFSET J 13
staticfield java/lang/invoke/MethodHandle $assertionsDisabled Z 1
instanceKlass java/lang/invoke/DirectMethodHandle$Special
instanceKlass java/lang/invoke/DirectMethodHandle$Interface
instanceKlass java/lang/invoke/DirectMethodHandle$Constructor
instanceKlass java/lang/invoke/DirectMethodHandle$Accessor
ciInstanceKlass java/lang/invoke/DirectMethodHandle 1 1 940 7 1 7 1 100 1 7 1 7 1 10 7 12 1 1 1 10 7 12 1 1 1 100 1 10 12 1 10 12 1 1 10 7 12 1 1 10 12 1 1 10 12 1 10 12 1 7 1 10 12 1 1 10 12 1 1 10 12 1 10 12 1 1 10 7 12 1 1 1 10 12 1 9 12 1 1 100 1 10 9 12 1 1 9 12 1 10 12 1 10 12 1 10 12 1 1 10 12 1 10 12 1 10 12 1 10 7 12 1 1 1 10 12 1 10 12 1 1 8 1 10 12 1 1 7 1 10 12 1 7 1 10 10 12 1 10 12 1 10 12 1 10 7 12 1 1 1 10 12 1 1 100 1 10 12 1 10 12 1 7 1 10 12 1 10 12 1 1 10 12 1 1 10 12 1 8 10 100 12 1 1 1 10 12 1 10 12 1 10 12 1 1 10 12 1 9 7 12 1 1 1 7 1 10 12 1 10 7 12 1 1 1 10 12 1 10 12 1 1 9 12 1 1 100 1 10 8 1 10 12 1 1 10 12 1 10 12 1 10 10 12 1 10 12 1 10 12 1 10 12 1 10 12 1 1 10 12 1 10 12 1 1 10 12 1 10 12 1 1 10 10 7 12 1 1 1 10 12 1 10 12 1 1 10 12 1 10 12 1 1 8 1 9 7 12 1 1 1 8 1 9 12 1 9 12 1 8 1 9 12 1 9 12 1 8 1 9 12 1 9 12 1 8 1 10 12 1 10 12 1 1 9 12 1 1 7 1 10 12 1 1 100 1 10 7 12 1 1 1 10 12 1 1 10 12 1 10 12 1 1 7 1 10 12 1 1 10 12 1 10 12 1 1 7 1 10 12 1 1 10 7 12 1 1 1 10 12 1 10 12 1 10 12 1 9 12 1 1 10 7 1 9 12 9 12 1 10 7 12 1 1 1 10 12 1 7 1 7 1 7 1 9 12 1 1 10 7 12 1 10 12 1 1 10 12 1 100 1 10 12 1 10 12 1 1 9 100 12 1 1 1 10 12 1 1 100 1 10 100 12 1 1 1 10 12 1 10 12 1 8 1 9 12 1 9 12 1 10 12 1 9 12 1 1 10 100 12 1 1 1 9 12 1 1 9 12 1 1 10 12 1 10 12 1 10 12 1 10 12 1 10 12 1 1 10 12 1 10 7 12 1 1 9 12 1 10 12 1 10 12 1 10 12 1 10 12 1 1 10 12 1 1 9 12 1 1 10 12 1 1 9 7 12 1 1 1 9 12 1 9 12 1 9 12 1 9 12 1 9 12 1 9 12 1 9 12 1 9 12 1 9 12 1 9 12 1 9 12 1 9 12 1 9 12 1 9 12 1 9 12 1 9 12 1 9 12 1 9 12 1 9 12 1 9 12 1 9 12 1 9 12 1 9 12 1 9 12 1 9 12 1 9 12 1 9 12 1 9 12 1 9 12 1 9 12 1 9 12 1 9 12 1 9 12 1 9 12 1 9 12 1 9 12 1 8 1 9 12 1 1 9 12 1 1 10 12 1 10 12 1 1 9 7 1 10 12 1 9 12 1 1 10 12 10 12 1 10 12 1 10 12 1 10 8 1 8 1 8 1 8 1 10 12 1 1 9 12 1 1 10 12 1 10 100 12 1 1 1 8 9 12 1 1 10 12 1 1 8 1 8 8 9 12 1 8 1 8 8 8 8 8 1 8 10 12 1 10 12 1 8 1 8 1 10 12 1 10 12 1 10 12 1 10 12 1 1 7 1 1 1 1 3 1 3 1 3 1 3 1 3 1 3 1 3 1 3 1 3 1 3 1 1 1 1 1 1 1 1 1 1 3 1 3 1 1 1 1 3 1 1 1 1 1 1 1 1 1 1 1 1 1 1 1 1 1 1 1 1 1 1 1 1 1 1 1 1 1 1 1 1 1 1 1 1 1 1 1 1 1 1 1 1 1 1 1 1 1 1 1 1 1 1 1 1 100 1 1 1 1 1 1 1 1 1 1 1 1 100 1 1 1 1 1 1 1 1 1 1 1 1 1 1 1 1 1 1 1 1 1 1 1 1 1 1 1 1 1 1 1 1 1 1 1 1 1 1 1 1 1 1 1 1 1 1 1 1 1 1 1
staticfield java/lang/invoke/DirectMethodHandle IMPL_NAMES Ljava/lang/invoke/MemberName$Factory; java/lang/invoke/MemberName$Factory
staticfield java/lang/invoke/DirectMethodHandle FT_UNCHECKED_REF I 8
staticfield java/lang/invoke/DirectMethodHandle ACCESSOR_FORMS [Ljava/lang/invoke/LambdaForm; 132 [Ljava/lang/invoke/LambdaForm;
staticfield java/lang/invoke/DirectMethodHandle ALL_WRAPPERS [Lsun/invoke/util/Wrapper; 10 [Lsun/invoke/util/Wrapper;
staticfield java/lang/invoke/DirectMethodHandle NFS [Ljava/lang/invoke/LambdaForm$NamedFunction; 12 [Ljava/lang/invoke/LambdaForm$NamedFunction;
staticfield java/lang/invoke/DirectMethodHandle OBJ_OBJ_TYPE Ljava/lang/invoke/MethodType; java/lang/invoke/MethodType
staticfield java/lang/invoke/DirectMethodHandle LONG_OBJ_TYPE Ljava/lang/invoke/MethodType; java/lang/invoke/MethodType
staticfield java/lang/invoke/DirectMethodHandle $assertionsDisabled Z 1
ciInstanceKlass java/lang/invoke/LambdaForm 1 1 1052 100 1 9 7 12 1 1 1 10 7 12 1 1 1 10 7 12 1 1 9 12 1 1 9 12 1 1 10 12 1 1 100 1 10 9 12 1 10 12 1 1 9 12 1 10 7 12 1 1 1 9 12 1 9 12 1 9 12 1 1 9 12 1 10 12 1 1 7 1 10 12 1 10 100 12 1 1 1 10 100 12 1 1 1 10 12 1 10 12 1 1 9 100 12 1 1 1 10 12 1 1 9 12 1 10 12 1 1 10 12 1 10 12 1 1 10 12 1 1 10 100 12 1 1 1 7 1 10 10 12 1 1 8 1 10 12 1 10 12 1 10 12 1 1 7 1 10 7 12 1 1 1 10 12 1 1 10 12 1 10 12 1 1 9 12 1 1 9 12 1 9 12 1 1 10 12 1 9 12 1 10 100 12 1 1 1 10 12 1 1 10 12 1 9 12 1 1 10 100 12 1 1 1 10 12 1 10 12 1 10 12 1 10 12 1 10 12 1 10 12 1 1 10 12 1 10 12 1 1 8 1 10 12 1 10 12 1 8 1 8 1 9 12 1 9 12 1 9 12 1 1 10 12 1 1 10 12 1 9 12 1 10 12 1 1 10 7 12 1 1 1 10 12 1 1 10 12 1 10 12 1 10 12 1 1 9 12 1 10 12 1 8 1 8 1 8 1 8 1 8 1 8 1 8 1 8 1 10 12 1 9 12 1 7 1 10 12 1 1 9 12 1 10 12 1 10 12 1 1 10 12 10 12 1 10 12 1 1 10 12 1 1 10 10 12 1 1 10 12 1 1 7 1 8 1 10 12 1 1 10 12 1 10 12 1 1 10 8 1 10 12 1 1 8 1 8 1 8 1 10 12 1 9 12 1 1 10 12 1 1 10 12 1 1 100 1 10 12 1 1 10 12 1 10 7 12 1 1 1 10 12 1 1 9 12 1 1 8 1 10 100 12 1 1 1 10 7 12 1 1 10 12 10 10 12 1 1 9 12 1 8 10 12 1 1 100 1 10 12 1 1 10 12 1 9 7 12 1 1 9 12 1 1 8 1 10 100 12 1 1 10 12 1 1 100 1 100 1 10 10 12 1 1 10 12 1 1 8 1 8 1 100 1 8 1 10 12 10 12 1 10 12 1 10 12 1 1 8 1 8 1 9 100 12 1 1 1 10 12 1 10 12 1 1 8 1 8 1 8 1 100 1 8 1 100 1 8 1 100 1 8 1 10 12 1 8 1 9 10 7 12 1 1 1 10 12 1 9 12 1 1 10 12 1 10 10 12 1 10 12 1 10 12 1 10 12 1 1 10 12 1 10 12 1 1 10 12 1 1 10 12 1 1 8 1 100 10 12 1 10 12 1 9 12 1 1 10 7 12 1 1 8 1 8 1 100 1 8 1 8 1 8 1 8 1 8 1 8 1 8 1 8 1 10 12 1 1 10 12 1 1 10 12 1 10 12 1 8 1 8 1 8 1 10 12 1 8 1 10 12 1 8 1 8 1 8 1 8 1 8 1 10 12 1 10 12 1 10 12 1 1 10 7 12 1 1 1 10 12 1 10 12 1 10 12 1 10 12 1 10 12 1 10 12 1 10 12 1 9 12 1 1 8 1 10 12 1 1 9 12 1 1 10 12 1 1 9 12 1 9 12 1 1 9 12 1 9 12 1 1 7 1 10 7 12 1 1 1 9 12 1 10 12 1 10 12 1 8 1 10 12 1 9 12 1 1 7 1 10 7 12 1 1 1 8 1 100 1 10 12 1 9 12 1 9 12 1 10 12 1 10 12 1 10 7 12 1 1 1 10 12 1 9 7 12 1 1 10 12 1 1 10 12 1 10 12 1 9 12 10 12 1 10 10 12 1 9 9 12 1 7 9 12 1 1 10 12 1 1 9 12 1 10 12 1 10 7 1 9 1 1 1 1 3 1 3 1 3 1 1 1 1 1 1 1 1 1 1 1 1 1 1 1 1 1 1 1 1 1 1 1 1 1 1 1 1 1 1 1 1 1 1 1 1 1 1 1 1 1 1 1 1 1 1 1 1 1 1 1 1 1 1 1 1 100 1 1 1 1 1 1 1 1 1 1 1 1 1 1 1 1 1 1 1 1 1 1 1 1 1 1 1 1 1 1 1 1 1 1 1 1 1 1 1 1 1 1 1 1 1 1 1 1 1 1 1 1 1 1 1 1 1 1 1 100 1 1 1 1 1 1 1 1 1 1 1 1 1 1 1 1 1 1 1 1 1 1 1 1 1 1 1 1 1 1 1 1 1 1 100 1 1 1 1 1 1 1 1 1 1 1 1 1 1 1 1 1 1 1 1 1 1 100 1 1 1 100 1 1 100 1 1 1 1 1 1 1 1 1 1 1
staticfield java/lang/invoke/LambdaForm COMPILE_THRESHOLD I 0
staticfield java/lang/invoke/LambdaForm INTERNED_ARGUMENTS [[Ljava/lang/invoke/LambdaForm$Name; 5 [[Ljava/lang/invoke/LambdaForm$Name;
staticfield java/lang/invoke/LambdaForm IMPL_NAMES Ljava/lang/invoke/MemberName$Factory; java/lang/invoke/MemberName$Factory
staticfield java/lang/invoke/LambdaForm LF_identity [Ljava/lang/invoke/LambdaForm; 6 [Ljava/lang/invoke/LambdaForm;
staticfield java/lang/invoke/LambdaForm LF_zero [Ljava/lang/invoke/LambdaForm; 6 [Ljava/lang/invoke/LambdaForm;
staticfield java/lang/invoke/LambdaForm NF_identity [Ljava/lang/invoke/LambdaForm$NamedFunction; 6 [Ljava/lang/invoke/LambdaForm$NamedFunction;
staticfield java/lang/invoke/LambdaForm NF_zero [Ljava/lang/invoke/LambdaForm$NamedFunction; 6 [Ljava/lang/invoke/LambdaForm$NamedFunction;
staticfield java/lang/invoke/LambdaForm createFormsLock Ljava/lang/Object; java/lang/Object
staticfield java/lang/invoke/LambdaForm DEBUG_NAME_COUNTERS Ljava/util/HashMap; null
staticfield java/lang/invoke/LambdaForm DEBUG_NAMES Ljava/util/HashMap; null
staticfield java/lang/invoke/LambdaForm TRACE_INTERPRETER Z 0
staticfield java/lang/invoke/LambdaForm $assertionsDisabled Z 1
ciInstanceKlass java/lang/invoke/MethodHandleNatives 1 1 684 100 1 10 7 12 1 1 1 9 7 12 1 1 1 10 12 1 1 100 1 10 10 12 1 1 10 12 1 10 12 1 8 1 8 1 8 1 8 1 8 1 8 1 8 1 8 1 8 1 8 1 10 12 1 1 7 1 10 7 12 1 1 1 10 100 12 1 1 1 7 1 10 10 12 1 1 8 1 10 12 1 8 1 10 12 1 1 8 1 10 12 1 1 9 100 12 1 1 1 8 1 10 100 12 1 1 1 100 1 10 12 100 1 100 1 8 1 7 1 10 10 12 1 7 1 9 7 12 1 1 10 12 1 1 10 12 1 10 7 12 1 1 1 7 1 10 12 1 1 10 7 12 1 1 1 10 12 1 10 12 1 1 10 12 1 1 9 12 1 8 1 10 12 1 8 1 10 12 1 8 1 8 1 8 1 100 1 10 12 1 8 1 10 12 1 1 10 12 1 10 100 12 1 1 1 100 1 8 1 10 100 12 1 1 1 7 1 8 1 10 12 1 8 1 8 1 8 1 8 1 8 1 10 12 1 1 10 12 1 1 10 12 1 10 12 1 1 10 12 1 1 7 1 10 12 1 100 1 100 1 10 12 1 10 12 1 8 1 8 1 10 10 12 1 1 10 12 1 1 8 1 10 100 12 1 1 1 8 1 8 1 10 12 1 1 10 7 12 1 1 1 100 1 10 12 1 1 7 1 9 12 1 1 10 7 12 1 1 1 10 10 12 1 9 12 1 10 12 1 1 9 12 1 9 12 1 10 12 1 1 10 12 1 10 12 1 1 7 1 7 1 10 12 1 1 10 12 1 10 12 1 1 10 7 12 1 1 1 10 12 1 8 1 10 12 1 10 12 1 10 12 1 1 10 12 1 10 7 12 1 1 1 10 12 1 1 100 1 8 1 10 9 7 12 1 1 1 10 12 1 1 10 12 1 1 100 1 10 12 1 1 10 12 1 1 100 1 100 1 10 10 100 1 100 1 10 100 1 10 10 12 1 1 10 100 1 10 12 1 10 12 1 10 12 1 1 10 12 1 1 10 12 1 1 10 12 1 10 12 1 1 10 8 1 100 1 10 12 1 10 12 1 10 12 1 10 12 1 10 12 1 1 10 12 1 9 12 1 1 10 7 12 1 1 1 9 12 1 1 11 7 12 1 1 1 10 12 1 10 12 1 10 10 12 1 10 7 12 1 1 1 1 1 1 1 1 1 1 1 1 1 1 1 100 1 1 1 1 1 1 1 1 1 1 1 1 1 1 1 1 1 1 1 1 1 1 1 1 1 1 1 1 1 1 1 1 1 1 1 1 1 1 1 1 1 1 1 1 1 1 1 1 1 1 1 1 1 1 1 1 1 1 1 1 1 1 1 1 1 1 1 1 1 1 1 1 1 1 1 1 1 1 1 1 1 1 1 1 1 1 1 1 1 1 1 1 1 1 1 1 1 1 100 1 1 1 1 1 1 1 1 1 1 1 1 1 1 1 1 1 1 1 1 1 1 1 1 1 1 1 1 100 1 1 1 1 1 1 1 100 1 1 1
staticfield java/lang/invoke/MethodHandleNatives JLA Ljdk/internal/access/JavaLangAccess; java/lang/System$2
staticfield java/lang/invoke/MethodHandleNatives $assertionsDisabled Z 1
ciInstanceKlass jdk/internal/reflect/CallerSensitive 0 0 17 100 1 100 1 100 1 1 1 1 1 1 1 1 1 1 1
ciInstanceKlass jdk/internal/reflect/ConstantPool 1 1 142 10 100 12 1 1 1 9 7 12 1 1 1 10 12 1 1 10 12 1 1 10 12 1 10 12 1 1 10 12 1 1 10 12 1 10 12 1 1 10 12 1 10 12 1 1 10 12 1 10 12 1 10 12 1 10 12 1 1 10 12 1 1 10 12 1 1 10 12 1 1 10 12 1 10 12 1 1 10 100 12 1 1 1 8 11 7 12 1 1 1 10 7 12 1 1 1 1 1 1 1 1 1 1 1 1 1 1 1 1 1 1 1 1 1 1 1 1 1 1 1 1 1 1 1 1 1 1 1 1 1 1 1 1 1 1 1 1 1 1 1 1
instanceKlass jdk/internal/reflect/UnsafeQualifiedStaticFieldAccessorImpl
ciInstanceKlass jdk/internal/reflect/UnsafeStaticFieldAccessorImpl 1 1 47 10 7 12 1 1 1 9 7 12 1 1 1 10 7 12 1 1 1 9 12 1 1 8 11 7 12 1 1 1 10 7 12 1 1 1 1 1 1 1 1 1 1 1 1 1 1
instanceKlass jdk/internal/reflect/UnsafeFieldAccessorImpl
ciInstanceKlass jdk/internal/reflect/FieldAccessorImpl 1 1 59 10 7 12 1 1 1 100 1 100 1 1 1 1 1 1 1 1 1 100 1 1 1 1 1 1 1 1 1 1 1 1 1 1 1 1 1 1 1 100 1 1 1 1 1 1 1 1 1 1 1 1 1 1 1 1 1 1 1
instanceKlass jdk/internal/reflect/UnsafeQualifiedFieldAccessorImpl
instanceKlass jdk/internal/reflect/UnsafeIntegerFieldAccessorImpl
instanceKlass jdk/internal/reflect/UnsafeBooleanFieldAccessorImpl
instanceKlass jdk/internal/reflect/UnsafeObjectFieldAccessorImpl
instanceKlass jdk/internal/reflect/UnsafeStaticFieldAccessorImpl
ciInstanceKlass jdk/internal/reflect/UnsafeFieldAccessorImpl 1 1 254 10 7 12 1 1 1 9 7 12 1 1 1 10 7 12 1 1 1 10 7 12 1 1 1 9 12 1 1 10 7 12 1 1 1 9 12 1 1 10 12 1 10 12 1 9 12 1 10 12 1 1 10 7 12 1 1 10 7 12 1 1 1 10 12 1 1 100 1 10 10 12 1 1 10 12 1 1 8 1 10 10 12 1 100 1 8 1 10 12 1 8 1 10 12 1 8 1 10 12 1 100 1 10 12 1 1 10 8 1 10 12 1 1 8 1 10 100 12 1 1 8 1 10 100 12 1 1 8 1 10 100 12 1 1 8 1 10 100 12 1 1 8 1 10 100 12 1 1 8 1 10 100 12 1 1 8 1 10 100 12 1 1 8 1 10 100 12 1 1 10 12 1 1 8 1 8 1 8 1 8 1 8 1 8 1 10 100 12 1 1 1 8 1 8 1 8 1 10 12 10 12 1 1 1 1 1 1 1 1 1 1 1 1 1 1 1 1 1 1 1 1 1 1 1 1 1 1 1 1 1 1 1 1 1 1 1 1 1 1 1 1 1 1 1 1 1 1 1 1 1 1 1 1
staticfield jdk/internal/reflect/UnsafeFieldAccessorImpl unsafe Ljdk/internal/misc/Unsafe; jdk/internal/misc/Unsafe
ciInstanceKlass jdk/internal/reflect/NativeConstructorAccessorImpl 1 1 126 10 7 12 1 1 1 9 7 12 1 1 1 9 12 1 1 10 7 12 1 1 1 10 7 12 1 1 1 10 7 12 1 1 1 9 12 1 9 12 1 1 9 12 1 1 10 7 12 1 1 1 7 1 10 10 12 1 1 10 12 1 10 12 1 10 12 1 1 9 12 1 1 10 7 12 1 1 1 100 1 10 12 1 1 10 12 1 1 8 10 12 1 1 1 1 1 1 1 1 1 1 1 1 1 1 1 1 1 1 1 1 1 1 100 1 100 1 100 1 1 1 1 1 1 1
staticfield jdk/internal/reflect/NativeConstructorAccessorImpl U Ljdk/internal/misc/Unsafe; jdk/internal/misc/Unsafe
staticfield jdk/internal/reflect/NativeConstructorAccessorImpl GENERATED_OFFSET J 16
ciInstanceKlass java/lang/invoke/ConstantCallSite 1 1 65 10 7 12 1 1 1 9 7 12 1 1 1 9 12 1 1 10 7 12 1 1 1 10 12 1 100 1 10 12 9 12 1 1 100 1 10 10 12 1 1 10 12 1 1 1 1 1 1 1 1 1 1 1 1 1 100 1 1 1 1 1 1 1 1
staticfield java/lang/invoke/ConstantCallSite UNSAFE Ljdk/internal/misc/Unsafe; jdk/internal/misc/Unsafe
ciInstanceKlass java/lang/invoke/MutableCallSite 0 0 63 10 100 12 1 1 1 10 12 1 9 100 12 1 1 1 10 12 1 10 12 1 1 9 12 1 1 10 100 12 1 1 1 10 100 12 1 1 1 10 12 1 1 1 1 1 1 1 1 1 1 1 1 1 1 1 1 1 1 100 1 1 1
instanceKlass java/lang/invoke/VarHandleInts$FieldStaticReadOnly
instanceKlass java/lang/invoke/VarHandleByteArrayAsLongs$ByteArrayViewVarHandle
instanceKlass java/lang/invoke/VarHandleByteArrayAsInts$ByteArrayViewVarHandle
instanceKlass java/lang/invoke/VarHandleReferences$Array
instanceKlass java/lang/invoke/VarHandleInts$FieldInstanceReadOnly
instanceKlass java/lang/invoke/VarHandleLongs$FieldInstanceReadOnly
instanceKlass java/lang/invoke/VarHandleReferences$FieldInstanceReadOnly
ciInstanceKlass java/lang/invoke/VarHandle 1 1 390 10 7 12 1 1 1 10 7 12 1 1 9 12 1 1 9 12 1 1 100 1 10 8 1 10 12 1 1 10 7 12 1 1 1 10 12 1 1 10 100 12 1 1 1 9 100 12 1 1 1 10 12 1 1 10 100 12 1 1 1 10 12 1 1 9 12 1 10 12 1 9 12 1 1 10 100 12 1 1 10 12 1 9 100 12 1 1 1 9 12 1 1 10 12 1 1 100 1 100 1 10 8 1 10 12 1 1 10 12 1 8 1 10 12 1 10 12 1 10 12 1 1 9 7 12 1 1 1 10 12 1 10 12 1 1 10 12 1 10 10 100 12 1 1 1 10 12 1 1 10 12 1 1 10 100 12 1 1 1 10 100 12 1 1 1 10 100 12 1 1 1 9 12 1 1 10 9 12 1 1 10 12 1 10 12 1 10 12 1 1 10 12 1 10 100 12 1 1 1 9 12 1 1 10 12 1 1 9 12 1 10 12 1 10 12 1 10 100 12 1 1 100 1 10 9 7 12 1 1 1 9 12 1 1 10 7 12 1 1 1 10 12 1 10 12 1 10 12 1 10 12 1 10 12 1 10 12 1 1 7 1 10 10 7 12 1 1 1 9 12 1 1 8 10 12 1 1 7 1 10 12 1 1 100 1 1 1 1 1 1 1 1 1 1 1 1 1 1 1 1 1 1 1 1 1 1 1 1 1 1 1 1 1 1 1 1 1 1 1 1 1 1 1 1 1 1 1 1 1 1 1 1 1 1 1 1 1 1 1 1 1 1 1 1 1 1 1 1 1 1 1 1 1 1 1 1 1 1 1 1 1 1 1 1 1 1 1 1 1 1 1 1 1 100 1 100 1 100 1 1 1 1 1 1 1 100 1 1 1
staticfield java/lang/invoke/VarHandle AIOOBE_SUPPLIER Ljava/util/function/BiFunction; jdk/internal/util/Preconditions$1
staticfield java/lang/invoke/VarHandle VFORM_OFFSET J 16
staticfield java/lang/invoke/VarHandle $assertionsDisabled Z 1
ciInstanceKlass java/lang/invoke/MemberName 1 1 757 7 1 7 1 100 1 9 12 1 1 10 7 12 1 1 1 9 12 1 1 10 12 1 1 10 12 1 1 10 12 1 1 10 12 1 10 12 1 1 10 7 12 1 1 1 10 12 1 9 100 12 1 1 10 12 1 100 1 100 1 10 12 1 8 1 10 12 1 1 10 12 1 10 12 1 1 10 12 1 9 12 1 1 8 1 10 100 12 1 1 1 7 1 10 10 12 1 1 7 1 7 1 10 12 1 1 9 12 1 1 100 1 8 1 10 12 1 10 12 1 10 12 1 10 12 1 10 12 1 1 10 12 1 10 12 1 10 12 1 1 10 12 1 1 10 12 1 8 1 8 1 8 1 10 100 12 1 1 1 10 12 1 9 12 1 1 3 10 12 1 10 12 1 10 12 1 10 10 7 12 1 1 1 10 12 1 10 12 1 10 12 1 10 12 1 7 1 8 10 12 1 1 10 12 1 1 8 1 9 100 1 8 9 100 1 10 12 1 1 10 12 1 10 12 1 8 1 10 12 1 1 10 12 1 10 12 1 10 12 1 10 12 1 1 100 1 10 12 1 1 10 12 1 8 1 10 12 1 10 12 1 8 1 10 12 1 1 10 12 1 1 100 1 10 12 1 1 10 12 8 1 8 1 100 1 10 12 1 10 100 12 1 1 1 100 1 10 12 10 12 1 10 12 1 10 12 1 10 12 1 10 10 12 1 10 12 1 10 12 1 3 10 12 1 3 10 12 1 3 3 3 3 3 3 3 100 1 10 12 1 10 7 12 1 1 1 10 12 1 3 9 12 1 10 12 1 1 3 10 12 1 10 10 7 12 1 1 1 10 12 1 1 10 7 1 10 10 12 1 10 12 1 10 12 1 10 10 12 1 1 10 12 1 10 12 1 10 12 1 100 1 10 10 10 12 100 1 10 10 10 12 1 1 10 12 1 1 10 10 12 1 8 10 100 1 10 12 1 10 100 1 10 12 1 10 12 1 10 12 1 10 10 12 1 10 12 1 1 10 12 1 1 10 12 1 10 12 1 10 12 1 100 1 10 12 1 1 100 1 8 1 10 7 1 10 12 1 10 12 10 12 1 1 10 12 1 10 12 1 8 1 8 1 8 1 8 1 10 12 1 10 12 1 10 12 1 1 8 1 8 1 10 12 1 8 1 10 10 12 1 10 12 1 8 1 8 1 10 10 12 1 8 1 10 100 12 1 1 1 8 1 10 12 1 10 12 1 1 10 12 1 8 1 8 1 8 1 8 1 100 1 10 8 1 8 1 8 1 8 1 10 12 1 100 1 100 1 100 1 10 100 1 10 100 1 10 100 12 1 1 1 9 7 12 1 1 1 100 1 100 1 1 1 1 1 1 1 3 1 3 1 3 1 3 1 3 1 3 1 1 1 1 1 1 1 1 3 1 3 1 1 1 1 3 1 1 1 1 1 1 1 1 1 1 1 1 1 1 1 1 1 1 1 1 1 1 1 1 1 1 1 1 1 1 1 1 1 1 1 1 1 1 1 1 1 1 1 1 1 1 1 1 1 1 1 1 1 1 1 1 1 1 1 1 1 1 1 1 1 1 1 1 1 1 1 1 1 1 1 1 1 1 1 1 1 1 1 1 1 1 1 1 1 1 1 1 1 1 1 1 1 1 1 1 1 1 1 1 1 1 100 1 1 1 1 1 1 1 1 1 1 1 1 1 1 1
staticfield java/lang/invoke/MemberName $assertionsDisabled Z 1
ciInstanceKlass java/lang/invoke/ResolvedMethodName 1 1 16 10 100 12 1 1 1 100 1 1 1 1 1 1 1 1
ciInstanceKlass java/lang/StackWalker 1 1 235 9 7 12 1 1 1 10 7 12 1 1 1 7 1 10 7 12 1 1 1 10 12 1 1 11 7 12 1 1 1 10 12 1 1 10 12 1 1 10 12 1 1 100 1 8 1 10 12 1 10 12 1 10 12 1 10 7 12 1 1 9 12 1 1 9 12 1 1 9 12 1 1 9 12 1 1 10 12 1 1 9 12 1 1 10 7 12 1 1 1 11 12 1 1 100 1 8 1 10 10 100 12 1 1 9 12 1 1 10 12 1 1 10 7 12 1 1 1 10 7 12 1 1 1 18 12 1 1 100 1 8 1 10 10 12 1 1 10 100 12 1 1 1 9 7 12 1 1 11 100 12 1 1 1 10 12 1 1 1 1 1 1 1 1 1 1 1 1 1 1 1 1 1 1 1 1 1 1 1 1 1 1 1 1 1 1 1 1 1 1 1 1 1 1 1 1 1 1 1 1 1 1 1 1 1 1 1 100 1 1 15 10 100 12 1 1 1 16 15 10 12 16 1 1 1 1 1 1 1 100 1 100 1 1
staticfield java/lang/StackWalker DEFAULT_EMPTY_OPTION Ljava/util/EnumSet; java/util/RegularEnumSet
staticfield java/lang/StackWalker DEFAULT_WALKER Ljava/lang/StackWalker; java/lang/StackWalker
instanceKlass java/lang/StackStreamFactory$StackFrameTraverser
ciInstanceKlass java/lang/StackStreamFactory$AbstractStackWalker 1 1 306 7 1 100 1 3 10 7 12 1 1 1 10 7 12 1 1 10 7 12 1 1 1 9 12 1 1 10 12 1 1 9 12 1 1 9 12 1 1 9 12 1 1 9 12 1 9 7 12 1 1 1 10 7 12 1 1 1 10 12 1 1 9 12 1 1 10 7 12 1 1 1 10 12 1 1 9 12 1 1 9 100 12 1 1 1 100 1 10 8 1 10 12 1 1 10 12 1 8 1 10 12 1 1 10 100 12 1 1 1 100 1 8 1 10 12 1 8 1 10 12 9 7 12 1 1 1 10 7 12 1 1 9 12 1 8 1 5 0 8 1 8 1 9 12 1 1 10 12 1 1 10 12 1 1 10 12 1 9 12 1 10 12 1 10 12 1 10 12 1 10 12 1 1 10 12 1 10 12 1 1 8 1 10 12 1 10 12 1 10 12 1 10 12 1 1 8 1 10 12 1 1 10 12 1 1 10 12 1 1 10 12 1 10 12 1 10 7 12 1 1 1 9 12 1 8 1 10 12 1 10 12 1 10 12 1 10 12 1 10 12 1 10 12 1 10 12 1 1 10 12 1 1 10 12 1 1 10 12 1 8 1 1 1 1 1 1 1 1 1 1 1 1 1 1 1 1 1 1 100 1 1 1 1 100 1 1 1 1 1 1 1 1 1 1 1 1 1 1 1 1 1 1 1 1 1
ciInstanceKlass jdk/internal/module/Modules 1 1 504 10 100 12 1 1 1 9 7 12 1 1 1 11 7 12 1 1 1 11 12 1 1 11 12 1 1 11 12 1 1 11 12 1 11 12 1 11 12 1 11 12 1 11 12 1 1 10 100 12 1 1 1 10 100 12 1 1 1 18 12 1 1 10 100 12 1 1 1 100 1 10 100 12 1 1 1 10 100 12 1 1 1 10 100 12 1 1 10 12 1 1 11 12 1 9 12 1 1 11 100 12 1 1 1 10 12 1 1 10 10 12 1 10 9 12 1 1 10 100 12 1 1 10 12 1 1 10 100 12 1 1 100 1 11 100 12 1 1 1 10 100 12 1 1 1 11 100 12 1 1 10 12 1 1 10 100 12 1 1 10 100 12 1 1 1 10 12 1 1 10 12 1 1 11 12 1 1 18 12 1 1 11 100 12 1 1 10 100 12 1 1 1 11 100 12 1 1 1 100 1 11 12 1 1 11 100 12 1 1 1 11 12 1 1 10 12 1 1 10 100 12 1 1 18 12 1 1 11 12 1 1 18 12 1 1 11 12 1 1 10 12 1 18 18 10 12 1 1 9 12 1 1 11 100 12 1 1 1 100 1 10 11 12 1 11 12 1 1 11 12 1 1 10 100 1 10 12 1 1 10 100 12 1 1 10 12 1 1 11 12 10 12 1 1 100 1 10 18 12 1 10 12 1 1 100 1 8 1 10 12 1 10 100 12 1 1 18 12 1 11 11 12 10 12 1 10 10 100 1 18 12 1 10 10 10 7 12 1 1 10 7 12 1 1 1 10 12 1 1 1 1 1 1 1 1 1 1 1 1 1 1 1 1 1 1 1 1 1 1 1 1 1 1 1 1 1 1 1 1 1 100 1 1 1 1 1 1 1 1 1 1 1 1 1 1 1 1 1 1 1 1 1 1 1 1 1 1 1 1 1 1 1 1 1 1 1 100 1 1 1 1 1 1 1 1 1 1 1 1 1 1 1 1 1 1 1 1 1 1 1 15 10 100 12 1 1 1 16 15 10 12 1 16 16 15 10 12 1 16 1 16 1 15 10 12 1 16 1 16 1 15 10 12 16 1 15 10 16 1 15 10 12 16 1 15 10 12 16 15 10 12 16 15 10 12 1 1 1 100 1 100 1 1
staticfield jdk/internal/module/Modules JLA Ljdk/internal/access/JavaLangAccess; java/lang/System$2
staticfield jdk/internal/module/Modules JLMA Ljdk/internal/access/JavaLangModuleAccess; java/lang/module/ModuleDescriptor$1
staticfield jdk/internal/module/Modules $assertionsDisabled Z 1
ciInstanceKlass java/net/URI 1 1 731 7 1 10 7 12 1 1 1 9 12 1 1 7 1 10 12 1 10 12 1 1 10 12 1 1 10 12 1 1 10 12 1 9 12 1 1 10 12 1 1 100 1 10 9 12 1 1 9 12 1 7 1 10 10 12 1 1 8 1 10 12 1 10 12 1 10 7 12 1 1 1 100 1 100 1 10 12 1 10 12 1 9 12 1 9 12 1 10 10 12 1 1 10 12 1 1 10 12 1 1 10 12 10 12 1 10 7 12 1 1 1 9 12 1 9 12 1 10 12 1 1 9 12 1 10 12 1 1 10 12 1 10 12 1 10 12 1 10 12 1 10 12 1 1 9 12 1 10 12 1 10 12 1 1 9 12 1 9 12 1 9 12 1 9 12 1 9 12 1 9 12 1 10 12 1 9 12 1 10 12 1 1 10 12 1 10 12 1 9 12 1 10 12 1 1 10 12 10 12 1 1 10 12 1 10 12 1 10 12 1 8 1 10 12 1 1 8 1 10 12 1 1 8 1 10 12 1 10 12 1 10 12 1 10 100 12 1 1 10 100 12 1 1 100 1 8 1 10 10 100 12 1 1 1 10 12 1 1 10 12 1 1 10 12 1 1 10 12 1 10 12 1 10 12 1 10 12 1 1 10 12 1 8 1 10 12 1 5 0 5 0 10 12 1 1 8 1 10 12 1 5 0 8 1 5 0 10 12 1 1 5 0 5 0 10 12 1 1 10 12 1 10 12 1 10 12 1 10 12 10 10 12 1 10 12 1 1 8 1 100 1 10 10 12 1 10 12 1 1 10 12 1 1 10 12 1 10 12 1 10 12 1 1 10 12 1 9 12 1 1 10 100 12 1 1 1 10 100 12 1 1 100 1 10 100 12 1 1 10 12 1 1 10 12 1 1 10 12 1 1 10 100 12 1 1 1 10 12 1 9 100 12 1 1 1 10 12 1 1 10 12 1 1 9 100 12 1 1 1 10 100 12 1 1 10 12 10 12 1 1 10 12 1 10 12 1 1 9 100 12 1 1 1 10 100 12 1 1 1 10 12 1 10 12 1 1 10 12 1 10 12 1 1 10 12 1 10 12 1 10 12 1 10 12 1 10 100 12 1 1 10 12 1 1 10 12 10 10 12 1 10 7 12 1 1 7 1 10 10 7 12 1 1 1 100 1 100 1 1 1 1 5 0 1 5 0 1 5 0 1 1 5 0 1 1 5 0 1 1 5 0 1 1 1 1 5 0 1 5 0 1 5 0 1 5 0 1 1 5 0 1 5 0 1 5 0 1 1 1 1 5 0 1 1 1 1 5 0 1 1 5 0 1 1 1 1 1 1 1 1 5 0 1 1 5 0 1 1 5 0 1 5 0 1 1 1 1 1 1 1 1 1 1 1 1 1 1 1 1 1 1 1 1 1 100 1 1 1 1 1 1 1 1 1 1 1 1 1 1 1 1 1 1 1 1 1 1 1 1 1 1 1 1 1 1 1 1 1 1 1 1 100 1 1 1 1 1 1 1 1 1 1 1 1 1 1 1 1 1 1 1 1 1 1 1 1 1 1 1 1 1 1 1 1 1 1 1 100 100 1 1 1 1 1 1 1 1 1 1 1 1 1 1 1 1 1 1 1 1 1 1 1 1 1 1 1 1 1 1 1
staticfield java/net/URI hexDigits [C 16
staticfield java/net/URI $assertionsDisabled Z 1
ciMethod java/lang/Math max (II)I 522 0 33919 0 -1
ciMethod java/lang/StringBuilder <init> (I)V 528 0 7321 0 0
ciMethod java/lang/StringBuilder append (Ljava/lang/String;)Ljava/lang/StringBuilder; 458 0 126221 0 1568
ciMethod java/lang/String length ()I 1024 0 384242 0 96
ciMethod java/lang/String valueOf (Ljava/lang/Object;)Ljava/lang/String; 2 0 2104 0 -1
ciMethod java/lang/String coder ()B 1024 0 1097689 0 64
ciMethod java/lang/Object <init> ()V 1024 0 607868 0 128
ciInstanceKlass scala/Product 1 1 61 1 100 1 100 1 100 1 1 1 1 1 100 1 1 1 1 1 1 1 1 1 1 12 11 1 1 1 1 12 10 1 1 1 1 1 12 11 1 8 1 1 1 1 1 1 1 1 1 1 1 1 100 1 8 1 1 12 10 1 1
instanceKlass scala/None$
instanceKlass scala/Some
ciInstanceKlass scala/Option 1 1 284 1 7 1 1 7 1 7 1 100 1 1 1 1 1 100 1 100 1 1 100 1 1 100 1 100 1 1 1 5 0 1 1 1 1 100 1 1 12 9 12 10 1 1 1 1 12 10 1 1 1 1 12 10 1 1 1 1 1 12 11 1 1 1 1 1 1 12 11 1 1 1 12 10 1 1 1 1 1 1 1 1 7 12 11 12 10 1 1 1 1 1 1 12 10 1 1 1 1 1 1 7 1 12 9 1 7 1 7 1 12 11 1 1 12 10 1 1 1 1 1 1 1 1 1 1 10 1 1 1 1 7 1 1 12 10 1 1 12 10 1 1 1 1 12 10 1 1 1 1 1 12 10 1 1 1 1 1 1 1 1 1 1 1 1 1 100 1 1 12 11 1 1 1 1 1 1 1 1 100 1 12 9 12 10 1 1 12 10 1 1 1 1 100 1 12 9 1 100 1 12 10 1 1 1 1 1 100 1 12 9 1 1 12 10 1 100 1 12 10 1 1 12 10 1 100 1 12 10 1 1 1 1 1 12 10 1 1 12 11 1 1 15 1 100 1 1 12 10 15 1 12 18 1 1 1 1 1 1 1 1 1 1 1 1 1 1 100 1 8 1 1 12 10 1 1 1 8 1 1 1 8 1 1
ciInstanceKlass scala/None$ 1 1 82 1 7 1 1 7 1 1 1 1 1 5 0 1 1 1 12 10 1 1 1 1 1 1 100 1 8 1 12 10 1 1 1 8 1 1 1 1 1 1 100 1 100 1 1 12 10 10 1 1 1 1 1 100 1 12 9 1 1 12 10 1 1 1 1 3 1 1 12 9 12 10 10 1 1 1 1 1 1 1 1 1
ciInstanceKlass scala/collection/GenTraversableOnce 1 1 162 1 7 1 1 100 1 1 1 1 1 100 1 100 1 1 1 1 1 1 1 1 1 1 1 1 1 1 1 1 12 11 1 1 1 1 1 1 1 1 1 1 1 1 1 1 1 1 1 1 1 1 1 1 1 1 1 1 1 1 1 1 1 1 1 1 1 1 1 1 1 1 1 1 1 1 1 1 1 1 1 1 1 1 1 1 1 1 1 1 1 1 1 1 1 1 1 1 1 1 1 1 1 1 1 1 1 1 1 1 1 1 1 1 1 1 1 1 1 1 1 1 1 1 1 1 1 1 1 1 1 1 1 1 1 1 1 1 1 1 1 1 1 1 1 1 1 1 1 1 1 1 1 1 1 1 1 1 1 1 1 1
ciInstanceKlass scala/collection/TraversableOnce 1 1 820 1 7 1 1 7 1 100 1 1 1 1 1 100 1 100 1 1 100 1 100 1 1 7 1 100 1 1 100 1 1 100 1 1 100 1 1 100 1 1 7 1 1 100 1 1 7 1 1 100 1 1 100 1 1 100 1 1 100 1 1 100 1 1 1 1 1 100 1 1 12 9 12 10 1 1 12 10 1 1 1 1 1 1 1 12 10 1 1 12 10 1 1 1 1 12 10 1 1 1 1 1 1 1 1 1 1 1 1 1 1 1 1 1 1 1 1 1 1 1 1 1 1 1 1 1 12 11 1 1 10 12 11 1 12 10 1 1 1 1 1 1 1 12 11 10 1 12 10 1 1 1 1 1 12 11 12 11 1 1 1 1 12 11 1 1 1 12 10 10 1 1 1 1 1 1 12 11 1 1 1 100 1 12 10 1 7 1 7 1 1 12 11 1 16 1 1 12 11 15 1 16 3 3 1 100 1 100 1 1 12 10 15 1 1 12 18 1 7 1 1 12 11 1 100 1 12 9 10 1 12 11 1 1 12 11 1 1 12 11 1 7 1 12 10 1 12 10 1 12 10 1 100 1 1 1 1 1 1 1 1 1 1 1 1 1 12 11 1 1 1 12 11 1 1 12 11 1 1 12 11 1 1 12 10 12 10 1 1 1 1 100 11 1 12 11 1 1 12 11 1 12 11 1 1 1 1 1 1 7 1 1 1 1 12 11 1 1 100 1 8 1 12 10 1 12 10 1 12 10 1 1 1 1 12 11 1 1 8 1 16 1 12 11 15 3 1 12 18 11 1 1 1 100 1 1 1 1 12 11 1 1 1 12 11 1 1 1 12 11 1 1 1 12 11 1 1 1 12 11 1 1 1 1 1 1 1 12 11 1 1 1 100 12 11 1 1 1 1 1 12 11 1 1 1 100 1 12 11 1 1 12 11 15 1 12 18 1 1 12 11 1 12 11 1 12 11 15 18 1 1 1 1 1 12 11 1 1 1 8 1 1 12 11 15 1 12 18 1 1 12 11 1 8 1 12 11 15 18 1 1 1 1 12 11 1 1 8 1 12 10 1 12 10 1 1 1 1 12 11 1 8 10 1 12 10 1 1 1 1 1 1 1 12 11 1 1 12 11 1 100 1 1 12 11 1 1 1 12 11 1 1 1 7 1 12 9 1 1 12 10 12 11 1 12 11 1 1 1 1 1 1 12 11 1 1 1 12 11 1 7 1 1 12 11 1 1 12 11 11 1 1 1 1 1 12 11 1 7 1 12 9 1 1 12 10 1 1 12 11 1 1 1 1 12 11 1 1 1 12 11 1 1 1 1 12 11 1 1 1 1 1 12 11 1 1 100 1 12 9 1 12 10 1 100 1 1 1 1 100 1 12 9 10 1 1 1 1 12 11 1 1 7 1 12 9 10 1 7 1 1 1 1 12 11 1 1 100 1 12 9 10 1 100 1 1 1 1 1 1 100 1 12 11 1 7 11 11 1 1 1 1 1 1 12 11 1 1 1 7 1 12 9 1 12 10 1 7 1 1 1 1 1 1 12 11 1 1 7 10 1 1 12 11 1 1 12 10 1 1 12 11 1 8 1 12 11 1 1 1 1 1 12 10 1 12 10 1 1 1 1 12 11 1 1 12 11 1 1 12 10 1 1 12 11 1 1 1 12 11 1 1 12 11 1 1 100 1 1 12 11 1 1 12 11 1 1 1 15 1 100 1 1 12 10 15 1 12 18 1 1 1 1 1 1 1 1 1 1 1 1 1 1 100 1 8 1 1 12 10 1 1 1 8 1 1 1 8 1 1 1 8 1 1 1 8 1 1 1 8 1 1 1 8 1 1 1 8 1 1
ciInstanceKlass scala/collection/Parallelizable 1 1 107 1 100 1 1 100 1 1 1 1 1 100 1 100 1 1 1 1 1 1 1 1 1 12 11 1 1 1 1 12 11 12 11 1 16 1 1 12 11 15 1 16 3 3 1 100 1 100 1 1 12 10 15 1 1 12 18 1 100 1 1 12 11 1 100 1 1 12 11 1 100 1 1 1 1 1 1 1 1 12 11 1 1 1 1 1 1 100 1 1 12 10 15 1 12 18 1 1 1 1 1 1 1 1 1 1 1
ciInstanceKlass scala/collection/TraversableLike 1 1 1306 1 7 1 1 100 1 100 1 100 1 100 1 100 1 1 1 1 1 100 1 100 1 1 100 1 100 1 100 1 1 100 1 1 1 1 1 1 12 11 1 1 1 1 1 1 1 12 11 1 1 1 1 12 11 1 1 100 1 1 1 1 12 11 1 1 1 1 1 1 1 1 1 12 11 1 1 100 1 1 12 9 1 12 10 1 1 1 1 1 1 12 11 1 100 1 1 12 10 1 100 1 12 9 1 1 12 10 1 16 1 1 12 11 15 3 3 1 7 1 7 1 1 12 10 15 1 1 12 18 1 100 1 1 12 10 1 1 12 9 1 1 1 1 12 11 1 1 1 1 1 1 12 11 1 1 1 1 100 1 12 9 1 1 12 10 1 100 1 100 1 1 12 11 1 1 12 11 1 100 1 12 9 10 1 100 1 12 10 1 100 1 12 10 1 1 1 1 12 11 1 1 1 1 12 11 1 1 12 11 1 1 1 1 12 11 1 100 1 12 9 1 1 12 10 11 1 1 1 1 12 11 1 1 1 1 12 11 1 16 1 1 12 11 15 1 16 3 1 1 12 18 12 11 1 7 12 11 1 1 1 1 12 11 1 1 12 11 1 12 11 15 18 1 1 1 1 1 1 12 11 1 1 7 1 1 12 11 12 11 1 1 12 11 15 1 12 18 1 1 1 1 1 1 1 1 12 11 1 1 1 12 11 1 1 1 1 1 12 11 1 1 1 7 12 11 1 1 12 11 15 1 12 18 1 7 1 1 12 11 1 1 1 1 12 11 1 1 1 12 11 15 1 12 18 1 100 1 1 12 10 1 1 1 1 1 1 12 11 1 1 100 12 10 1 1 12 11 11 1 12 10 1 12 10 1 12 10 1 12 10 1 12 10 1 1 1 100 1 1 1 1 12 11 1 1 1 12 11 15 1 12 18 1 1 12 11 1 12 11 15 18 1 1 1 1 12 11 1 1 100 1 12 9 1 100 1 12 10 1 1 12 11 15 1 12 18 12 9 1 100 1 1 1 1 1 1 1 1 12 11 1 1 1 12 11 1 1 1 1 12 11 1 12 11 1 1 12 11 15 1 12 18 1 1 1 12 11 1 1 100 1 12 9 1 100 1 12 9 1 1 12 10 1 12 10 1 1 12 11 10 1 12 10 1 1 12 11 1 12 10 1 12 11 1 1 1 100 1 11 1 16 1 1 12 11 15 16 1 12 18 1 1 12 11 15 1 12 18 1 100 12 11 1 1 1 1 12 11 1 1 100 1 12 10 1 11 1 100 1 8 1 12 10 1 1 12 11 1 1 12 11 1 1 12 11 15 1 12 18 1 1 1 12 11 1 1 12 11 1 8 1 1 12 11 15 1 12 18 1 1 1 1 1 12 11 1 1 1 1 12 11 1 1 12 11 1 1 12 11 3 1 1 12 11 1 1 1 1 1 1 100 1 12 9 1 1 12 10 1 12 11 1 1 1 1 100 1 12 10 1 1 12 11 15 1 12 18 1 1 1 1 1 1 12 11 1 1 1 12 11 1 1 12 11 1 1 12 11 15 1 12 18 1 1 12 11 1 1 12 11 15 1 12 18 1 1 1 12 11 1 1 12 11 15 1 12 18 1 1 1 1 1 12 11 1 1 1 12 11 15 1 12 18 1 1 1 1 12 11 1 1 1 12 11 15 16 1 12 18 1 100 1 12 9 1 12 10 1 1 12 11 15 16 18 1 100 1 12 11 1 12 11 15 16 18 1 12 11 1 1 12 11 15 1 12 18 12 11 1 1 1 7 1 1 12 11 1 12 11 15 18 1 1 1 1 1 1 1 12 11 1 1 100 1 12 9 1 100 1 12 9 1 1 12 10 1 12 10 1 1 12 11 15 1 12 18 1 1 1 1 12 11 1 1 12 11 1 1 1 12 11 1 100 1 12 10 1 1 1 1 1 12 11 1 100 11 1 1 1 1 12 11 1 12 11 1 1 1 1 12 11 1 100 1 12 10 1 12 11 1 1 12 10 1 8 10 1 8 1 8 1 1 12 11 1 1 1 12 10 1 100 1 12 10 1 100 1 1 12 10 1 1 12 10 1 8 1 1 12 11 1 1 12 10 10 3 1 12 10 1 1 1 1 1 1 1 1 1 1 1 1 12 11 1 12 10 1 1 12 11 1 1 100 12 11 1 1 1 1 12 11 1 10 1 1 1 1 1 1 1 1 12 10 12 11 15 1 16 1 12 18 1 1 1 100 1 100 11 1 12 11 1 1 1 1 1 12 11 1 1 1 1 1 1 1 7 1 1 12 10 1 7 1 1 12 9 1 1 1 7 1 12 9 1 1 12 11 1 1 1 1 12 11 1 1 1 7 1 12 10 1 1 12 10 1 1 1 1 1 1 1 1 1 1 1 1 1 1 1 1 1 1 1 1 1 1 12 11 15 1 12 18 1 1 1 1 12 11 15 18 1 1 1 1 1 1 12 11 15 1 12 18 1 1 1 1 12 11 1 1 1 1 1 1 1 12 10 1 1 100 10 1 1 1 1 1 12 11 15 1 12 18 12 11 15 18 1 1 1 1 1 1 1 1 1 1 1 1 1 1 12 9 1 1 12 11 15 1 12 18 1 1 1 1 12 11 15 1 12 18 1 1 1 1 1 1 1 1 1 1 1 1 1 1 11 1 11 1 1 1 1 1 1 1 12 10 1 1 12 11 15 1 12 18 1 1 1 1 1 1 11 1 100 1 1 12 10 1 12 10 1 12 11 12 11 12 11 12 11 12 11 1 1 12 10 12 11 12 11 12 11 12 11 12 11 1 1 15 15 1 100 1 1 12 10 15 1 12 18 1 1 1 1 1 1 1 1 1 1 1 1 1 100 1 8 1 1 12 10 1 1 1 8 1 1 1 8 1 1 1 8 1 1 1 8 1 1 1 8 1 1 1 8 1 1
ciInstanceKlass scala/collection/generic/GenericTraversableTemplate 1 1 330 1 7 1 1 100 1 100 1 1 1 1 1 100 1 100 1 1 1 1 1 1 1 1 1 1 1 1 1 1 1 1 1 1 12 11 1 1 12 11 1 7 10 1 1 1 12 11 1 1 1 1 1 100 1 12 11 1 1 1 1 1 12 11 1 1 12 11 1 16 1 1 12 11 15 1 16 3 3 1 100 1 100 1 1 12 10 15 1 1 12 18 1 100 12 11 1 100 1 100 1 12 11 1 1 12 10 1 1 1 1 1 1 1 1 12 11 1 1 1 12 11 15 1 12 18 1 100 1 12 10 1 1 1 1 1 1 12 11 1 1 1 12 11 15 1 12 18 1 100 1 1 1 12 11 12 11 12 11 1 100 12 11 1 1 12 11 1 100 1 1 12 9 1 100 10 1 1 12 11 1 12 11 1 12 11 1 100 1 1 12 11 15 3 1 12 18 1 1 12 11 15 1 16 1 12 18 11 1 1 1 1 1 1 1 1 1 1 1 1 12 10 1 12 10 1 100 1 12 10 1 1 1 1 1 1 1 1 10 10 1 12 10 1 1 1 1 1 1 12 11 1 1 1 100 1 8 1 12 10 1 1 1 1 1 1 100 1 12 9 12 11 1 12 11 1 1 1 1 1 1 12 10 1 1 12 11 15 1 12 18 1 1 1 1 12 11 1 100 1 1 12 9 12 11 1 1 15 1 100 1 1 12 10 15 1 12 18 1 1 1 1 1 1 1 1 1 1 1 1
ciInstanceKlass scala/collection/GenTraversable 1 1 531 1 100 1 1 100 1 100 1 100 1 1 1 1 1 100 1 100 1 1 100 1 100 1 1 1 1 1 100 1 1 12 9 12 10 1 1 1 1 1 1 1 1 12 10 1 100 1 1 12 11 1 1 12 11 1 100 1 1 12 11 1 1 12 11 1 1 1 1 1 1 1 1 1 1 1 1 12 10 1 1 1 12 10 1 1 1 1 1 1 1 1 16 1 1 12 10 15 1 16 3 3 1 100 1 100 1 1 12 10 15 1 12 18 1 12 10 1 1 1 1 1 1 12 10 15 1 12 18 1 1 1 1 12 10 15 1 12 18 1 1 1 1 12 10 15 1 12 18 1 1 10 1 1 1 1 1 1 12 10 15 1 12 18 1 1 1 1 1 12 10 15 1 12 18 1 1 1 1 12 10 15 1 12 18 1 1 1 1 12 10 15 1 12 18 1 1 1 100 12 11 1 1 1 1 1 1 12 10 1 1 12 10 1 1 12 10 1 1 1 12 10 1 1 1 1 1 1 1 1 12 11 1 1 1 1 1 1 1 1 100 1 1 12 10 15 1 12 18 1 1 1 1 1 1 1 1 1 1 1 1 1 100 1 8 1 1 12 10 1 1 1 8 1 1 1 8 1 1 1 8 1 1 1 8 1 1 1 8 1 1 8 1 1 8 1 1 8 1 1 1 8 1 1 8 1 1 1 8 1 1 1 8 1 1 8 1 1 8 1 1 8 1 1 1 8 1 1 1 8 1 1 1 8 1 1 8 1 1 1 8 1 1 1 8 1 1 8 1 1 8 1 1 1 8 1 1 1 8 1 1 8 1 1 8 1 1 8 1 1 1 8 1 1 1 8 1 1 8 1 1 8 1 1 1 8 1 1 1 8 1 1 1 8 1 1 1 8 1 1 1 8 1 1 1 8 1 1 1 8 1 1 1 8 1 1 1 8 1 1 1 8 1 1 1 8 1 1 8 1 1 1 8 1 1 8 1 1 1 8 1 1 1 8 1 1 8 1 1 8 1 1 1 8 1 1 1 8 1 1 8 1 1 8 1 1 1 8 1 1 1 8 1 1 1 8 1 1 8 1 8 1 1 8 1 1 1 8 1 1 8 1 1 8 1 1 8 1 1 8 1 1 1 8 1 1 8 1 1 8 1 1 8 1 1 1 8 1 1 1 8 1 1 1 8 1 1 1 8 1 1
ciInstanceKlass scala/collection/Traversable 1 1 288 1 100 1 1 100 1 100 1 100 1 1 1 1 1 100 1 100 1 1 100 1 100 1 1 1 1 1 100 1 1 12 9 12 10 1 1 1 1 1 1 1 12 10 1 100 1 1 12 11 1 1 12 11 1 100 1 1 12 11 1 1 12 11 1 1 1 1 1 1 1 1 1 1 1 12 10 1 1 12 10 1 1 1 1 1 1 1 16 1 1 12 10 15 1 16 3 3 1 100 1 100 1 1 12 10 15 1 12 18 1 12 10 1 1 1 1 1 12 10 15 1 12 18 1 1 1 12 10 15 1 12 18 1 1 1 12 10 15 1 12 18 1 10 1 1 1 1 1 12 10 15 1 12 18 1 1 1 1 12 10 15 1 12 18 1 1 1 12 10 15 1 12 18 1 1 1 12 10 15 1 12 18 1 1 100 12 11 1 1 1 1 1 12 10 1 1 1 12 10 1 12 10 1 1 12 10 1 1 1 1 1 12 11 1 1 1 1 1 1 1 12 11 1 1 1 1 1 1 100 1 1 12 10 15 1 12 18 1 1 1 1 1 1 1 1 1 1 1 1 1 100 1 8 1 1 12 10 1 1 1 8 1 1 1 8 1 1 1 8 1 1 1 8 1 1 1 8 1 1 1 8 1 1 1 8 1 1
ciInstanceKlass scala/collection/immutable/Traversable 1 1 290 1 100 1 1 100 1 100 1 100 1 1 1 1 1 100 1 100 1 1 100 1 100 1 1 1 1 1 100 1 1 12 9 12 10 1 1 1 1 1 1 1 12 10 1 100 1 1 12 11 1 1 12 11 1 100 1 1 12 11 1 1 12 11 1 100 1 1 1 1 1 1 1 1 1 1 1 12 10 1 1 12 10 1 1 1 1 1 1 1 16 1 1 12 10 15 1 16 3 3 1 100 1 100 1 1 12 10 15 1 12 18 1 12 10 1 1 1 1 1 12 10 15 1 12 18 1 1 1 12 10 15 1 12 18 1 1 1 12 10 15 1 12 18 1 10 1 1 1 1 1 12 10 15 1 12 18 1 1 1 1 12 10 15 1 12 18 1 1 1 12 10 15 1 12 18 1 1 1 12 10 15 1 12 18 1 1 100 12 11 1 1 1 1 1 12 10 1 1 1 12 10 1 12 10 1 1 12 10 1 1 1 1 1 12 11 1 1 1 1 1 1 1 12 11 1 1 1 1 1 1 100 1 1 12 10 15 1 12 18 1 1 1 1 1 1 1 1 1 1 1 1 1 100 1 8 1 1 12 10 1 1 1 8 1 1 1 8 1 1 1 8 1 1 1 8 1 1 1 8 1 1 1 8 1 1 1 8 1 1
ciInstanceKlass scala/collection/GenIterable 1 1 536 1 100 1 1 100 1 100 1 100 1 1 1 1 1 100 1 100 1 1 100 1 100 1 1 1 1 1 100 1 1 12 9 12 10 1 1 1 1 1 1 1 12 10 1 100 1 1 12 11 1 1 12 11 1 100 1 1 12 11 1 1 12 11 1 1 1 1 1 1 1 1 1 1 1 12 10 1 1 12 10 1 1 1 1 1 1 1 16 1 1 12 10 15 1 16 3 3 1 100 1 100 1 1 12 10 15 1 12 18 1 12 10 1 1 1 1 1 12 10 15 1 12 18 1 1 1 12 10 15 1 12 18 1 1 1 12 10 15 1 12 18 1 10 1 1 1 1 1 12 10 15 1 12 18 1 1 1 1 12 10 15 1 12 18 1 1 1 12 10 15 1 12 18 1 1 1 12 10 15 1 12 18 1 1 100 12 11 1 1 1 1 1 12 10 1 1 12 10 1 12 10 1 1 12 10 1 1 1 1 1 1 1 1 12 11 1 1 1 1 1 1 1 1 100 1 1 12 10 15 1 12 18 1 1 1 1 1 1 1 1 1 1 1 1 1 100 1 8 1 1 12 10 1 1 1 8 1 1 1 8 1 1 1 8 1 1 1 8 1 1 1 8 1 1 1 8 1 1 8 1 1 1 8 1 1 1 8 1 1 1 8 1 1 1 8 1 1 1 8 1 1 8 1 1 1 8 1 1 1 8 1 1 1 8 1 1 1 8 1 1 1 8 1 1 1 8 1 1 1 8 1 1 8 1 1 1 8 1 1 8 1 1 1 8 1 1 1 8 1 1 8 1 1 8 1 1 8 1 1 8 1 1 1 8 1 1 1 8 1 1 8 1 1 8 1 1 1 8 1 1 1 8 1 1 1 8 1 1 8 1 1 8 1 1 8 1 1 1 8 1 1 8 1 1 8 1 1 8 1 1 8 1 1 1 8 1 1 8 1 1 8 1 1 8 1 1 1 8 1 1 1 8 1 1 1 8 1 1 1 8 1 1 1 8 1 1 1 8 1 1 1 8 1 1 1 8 1 1 1 8 1 1 8 1 1 8 1 1 8 1 1 1 8 1 1 8 1 1 1 8 1 1 1 8 1 1 8 1 1 8 1 1 8 1 1 1 8 1 1 1 8 1 1 8 1 1 1 8 1 1 8 1 1 8 1 1 1 8 1 1 1 8 1 1 8 1 1 8 1 1 8 1 1 8 1
ciInstanceKlass scala/collection/IterableLike 1 1 503 1 7 1 1 100 1 100 1 100 1 100 1 1 1 1 1 100 1 100 1 1 100 1 100 1 7 1 1 1 1 1 1 12 11 1 1 1 7 1 1 1 1 1 1 12 11 1 1 1 1 1 1 1 1 1 1 12 11 1 1 12 11 11 1 1 1 1 1 12 11 1 11 1 1 12 11 11 1 1 1 1 12 11 1 11 1 1 1 1 12 11 1 12 11 1 1 1 1 1 1 12 11 1 1 11 1 1 1 1 12 11 1 11 1 1 12 11 1 1 1 12 11 1 1 1 1 12 11 1 1 12 11 1 1 1 1 1 1 12 11 1 1 1 100 1 1 12 9 1 1 12 10 1 1 12 11 1 100 1 12 11 1 1 12 11 1 1 12 11 1 1 12 11 1 1 1 1 1 1 1 1 1 1 1 1 12 11 1 1 12 11 1 1 12 11 1 1 12 11 1 1 1 1 12 11 1 1 100 1 1 12 11 1 100 1 1 12 10 1 1 1 1 1 12 11 1 1 12 11 16 1 1 12 11 15 1 16 3 3 1 100 1 100 1 1 12 10 15 1 12 18 1 1 12 10 1 1 12 11 1 12 11 1 1 1 1 12 11 1 12 11 15 18 1 1 12 11 1 1 1 12 11 1 1 1 1 1 1 1 12 11 1 1 7 1 12 9 1 7 1 12 9 1 7 1 12 9 1 1 12 10 1 12 10 1 1 12 10 1 1 1 1 1 1 1 1 12 11 1 1 1 12 11 1 100 12 11 1 100 11 1 100 1 1 12 10 1 1 1 1 1 1 1 1 12 11 1 1 1 1 1 12 11 1 1 1 12 10 1 1 1 1 12 11 1 1 100 1 1 12 10 12 10 1 1 12 10 1 100 1 100 12 11 11 1 1 12 11 1 1 1 1 1 1 1 1 1 1 1 12 11 1 11 1 1 1 12 11 1 1 1 1 12 11 1 1 12 10 1 1 12 11 1 1 100 1 12 11 1 1 1 1 1 100 1 1 12 10 15 1 12 18 1 1 1 1 1 1 1 1 1 1 1 1 1 100 1 8 1 1 12 10 1 1 1 8 1 1 1 8 1 1 1 8 1 1 1 8 1 1 1 8 1 1 1 8 1 1 1 8 1 1
ciInstanceKlass scala/collection/Iterable 1 1 292 1 7 1 1 100 1 100 1 100 1 100 1 1 1 1 1 100 1 100 1 1 100 1 100 1 1 1 1 1 7 1 1 12 9 12 10 1 1 1 1 1 1 1 12 10 1 100 1 1 12 11 1 1 12 11 1 100 1 1 12 11 1 1 12 11 1 100 1 1 1 1 1 1 1 1 1 1 1 12 10 1 1 12 10 1 1 1 1 1 1 1 16 1 1 12 10 15 1 16 3 3 1 100 1 100 1 1 12 10 15 1 12 18 1 12 10 1 1 1 1 1 12 10 15 1 12 18 1 1 1 12 10 15 1 12 18 1 1 1 12 10 15 1 12 18 1 10 1 1 1 1 1 12 10 15 1 12 18 1 1 1 1 12 10 15 1 12 18 1 1 1 12 10 15 1 12 18 1 1 1 12 10 15 1 12 18 1 1 100 12 11 1 1 1 1 1 12 10 1 1 1 12 10 1 12 10 1 1 12 10 1 1 1 1 1 12 11 1 1 1 1 1 1 1 12 11 1 1 1 1 1 1 100 1 1 12 10 15 1 12 18 1 1 1 1 1 1 1 1 1 1 1 1 1 100 1 8 1 1 12 10 1 1 1 8 1 1 1 8 1 1 1 8 1 1 1 8 1 1 1 8 1 1 1 8 1 1 1 8 1 1
ciInstanceKlass scala/collection/immutable/Iterable 1 1 305 1 100 1 1 100 1 100 1 100 1 1 1 1 1 100 1 100 1 1 100 1 100 1 1 1 1 1 100 1 1 12 9 12 10 1 1 1 1 1 1 1 12 10 1 100 1 1 12 11 1 1 12 11 1 100 1 1 12 11 1 1 12 11 1 100 1 1 1 1 1 1 1 1 1 1 1 12 10 1 1 12 10 1 1 1 1 1 1 1 16 1 1 12 10 15 1 16 3 3 1 100 1 100 1 1 12 10 15 1 12 18 1 12 10 1 1 1 1 1 12 10 15 1 12 18 1 1 1 12 10 15 1 12 18 1 1 1 12 10 15 1 12 18 1 10 1 1 1 1 1 12 10 15 1 12 18 1 1 1 1 12 10 15 1 12 18 1 1 1 12 10 15 1 12 18 1 1 1 12 10 15 1 12 18 1 1 100 12 11 1 1 1 1 1 12 10 1 1 1 12 10 1 12 10 1 1 12 10 1 1 1 1 1 12 11 1 1 1 1 1 1 1 12 11 1 1 100 1 12 9 1 12 10 1 1 1 1 12 11 1 1 1 1 1 1 100 1 1 12 10 15 1 12 18 1 1 1 1 1 1 1 1 1 1 1 1 1 100 1 8 1 1 12 10 1 1 1 8 1 1 1 8 1 1 1 8 1 1 1 8 1 1 1 8 1 1 1 8 1 1 1 8 1 1
ciInstanceKlass scala/PartialFunction 1 1 187 1 7 1 1 100 1 7 1 1 1 1 1 100 1 100 1 1 100 1 1 100 1 1 100 1 1 100 1 1 1 1 1 1 1 7 1 1 12 9 12 10 1 1 1 12 10 1 1 1 12 10 1 1 1 1 1 1 1 1 1 12 11 1 1 1 1 12 10 1 1 1 1 1 1 12 11 1 1 1 12 10 1 1 1 1 12 11 1 1 12 10 1 1 1 1 1 12 11 1 1 12 11 1 1 12 11 11 1 1 1 1 1 12 11 1 16 1 1 12 11 15 3 3 1 7 1 7 1 1 12 10 15 12 18 1 1 1 1 12 10 1 12 10 1 1 1 7 1 1 12 10 1 1 1 1 100 1 1 12 10 15 1 12 18 1 1 1 1 1 1 1 1 1 1 1 1 1 100 1 8 1 1 12 10 1 1
ciInstanceKlass scala/collection/generic/Subtractable 1 1 130 1 100 1 1 100 1 1 1 1 1 100 1 100 1 1 1 1 1 1 1 1 1 1 1 1 1 1 1 12 11 1 1 1 1 12 11 1 1 12 11 1 1 1 1 1 1 1 100 1 1 12 10 1 100 1 1 12 10 1 100 1 1 12 10 12 11 1 100 1 1 12 11 1 16 1 1 12 11 15 16 3 3 1 100 1 100 1 1 12 10 15 1 1 12 18 1 100 1 1 12 11 1 1 1 1 1 1 1 100 1 1 12 10 15 1 12 18 1 1 1 1 1 1 1 1 1 1 1 1
ciInstanceKlass scala/collection/mutable/Traversable 1 1 290 1 100 1 1 100 1 100 1 100 1 1 1 1 1 100 1 100 1 1 100 1 100 1 1 1 1 1 100 1 1 12 9 12 10 1 1 1 1 1 1 1 12 10 1 100 1 1 12 11 1 1 12 11 1 100 1 1 12 11 1 1 12 11 1 100 1 1 1 1 1 1 1 1 1 1 1 12 10 1 1 12 10 1 1 1 1 1 1 1 16 1 1 12 10 15 1 16 3 3 1 100 1 100 1 1 12 10 15 1 12 18 1 12 10 1 1 1 1 1 12 10 15 1 12 18 1 1 1 12 10 15 1 12 18 1 1 1 12 10 15 1 12 18 1 10 1 1 1 1 1 12 10 15 1 12 18 1 1 1 1 12 10 15 1 12 18 1 1 1 12 10 15 1 12 18 1 1 1 12 10 15 1 12 18 1 1 100 12 11 1 1 1 1 1 12 10 1 1 1 12 10 1 12 10 1 1 12 10 1 1 1 1 1 12 11 1 1 1 1 1 1 1 12 11 1 1 1 1 1 1 100 1 1 12 10 15 1 12 18 1 1 1 1 1 1 1 1 1 1 1 1 1 100 1 8 1 1 12 10 1 1 1 8 1 1 1 8 1 1 1 8 1 1 1 8 1 1 1 8 1 1 1 8 1 1 1 8 1 1
ciInstanceKlass scala/collection/mutable/Iterable 1 1 305 1 100 1 1 100 1 100 1 100 1 1 1 1 1 100 1 100 1 1 100 1 100 1 1 1 1 1 100 1 1 12 9 12 10 1 1 1 1 1 1 1 12 10 1 100 1 1 12 11 1 1 12 11 1 100 1 1 12 11 1 1 12 11 1 100 1 1 1 1 1 1 1 1 1 1 1 12 10 1 1 12 10 1 1 1 1 1 1 1 16 1 1 12 10 15 1 16 3 3 1 100 1 100 1 1 12 10 15 1 12 18 1 12 10 1 1 1 1 1 12 10 15 1 12 18 1 1 1 12 10 15 1 12 18 1 1 1 12 10 15 1 12 18 1 10 1 1 1 1 1 12 10 15 1 12 18 1 1 1 1 12 10 15 1 12 18 1 1 1 12 10 15 1 12 18 1 1 1 12 10 15 1 12 18 1 1 100 12 11 1 1 1 1 1 12 10 1 1 1 12 10 1 12 10 1 1 12 10 1 1 1 1 1 12 11 1 1 1 1 1 1 1 12 11 1 1 100 1 12 9 1 12 10 1 1 1 1 12 11 1 1 1 1 1 1 100 1 1 12 10 15 1 12 18 1 1 1 1 1 1 1 1 1 1 1 1 1 100 1 8 1 1 12 10 1 1 1 8 1 1 1 8 1 1 1 8 1 1 1 8 1 1 1 8 1 1 1 8 1 1 1 8 1 1
ciInstanceKlass scala/collection/GenSeqLike 1 1 549 1 7 1 1 100 1 100 1 100 1 1 1 1 1 100 1 100 1 1 1 1 1 1 1 1 1 1 1 1 1 1 1 12 11 1 1 12 11 1 1 1 1 1 1 1 1 1 1 12 11 1 1 12 11 1 1 12 11 12 11 1 1 1 1 1 12 11 1 1 1 12 11 1 1 1 16 1 1 12 11 15 3 3 1 100 1 100 1 1 12 10 15 1 12 18 1 1 12 11 1 12 11 15 18 1 12 11 1 12 11 1 12 11 15 18 12 11 1 1 1 1 1 1 1 1 1 1 1 1 1 1 12 11 1 1 1 12 11 1 1 1 1 1 1 1 1 1 1 1 1 1 1 1 1 1 1 1 1 1 1 1 1 1 1 1 12 11 1 1 1 1 12 11 1 1 1 1 1 1 1 1 12 11 1 100 1 1 12 9 12 11 1 1 12 10 1 1 1 1 12 11 1 100 1 12 11 1 1 12 11 1 1 1 1 1 100 12 10 1 1 1 1 1 1 1 1 12 11 1 1 12 10 12 11 12 11 1 1 1 100 1 1 12 10 15 1 12 18 1 1 1 1 1 1 1 1 1 1 1 1 1 100 1 8 1 1 12 10 1 1 1 8 1 1 1 8 1 1 1 8 1 1 1 8 1 1 1 8 1 1 1 8 1 1 8 1 1 1 8 1 1 1 8 1 1 1 8 1 1 1 8 1 1 1 8 1 1 8 1 1 1 8 1 1 1 8 1 1 1 8 1 1 1 8 1 1 1 8 1 1 1 8 1 1 1 8 1 1 8 1 1 1 8 1 1 8 1 1 1 8 1 1 8 1 1 8 1 1 8 1 1 8 1 1 1 8 1 1 1 8 1 1 8 1 1 8 1 1 1 8 1 1 1 8 1 1 1 8 1 1 8 1 1 8 1 1 8 1 1 1 8 1 1 8 1 1 8 1 1 8 1 1 8 1 1 1 8 1 1 8 1 1 8 1 1 8 1 1 1 8 1 1 1 8 1 1 1 8 1 1 1 8 1 1 1 8 1 1 1 8 1 1 1 8 1 1 1 8 1 1 1 8 1 1 8 1 1 8 1 1 8 1 1 1 8 1 1 8 1 1 1 8 1 1 1 8 1 1 8 1 1 8 1 1 8 1 1 1 8 1 1 1 8 1 1 8 1 1 1 8 1 1 8 1 1 8 1 1 1 8 1 1 1 8 1 1 8 1 1 8 1 1 8 1 1 8 1 1
ciInstanceKlass scala/collection/GenSeq 1 1 604 1 100 1 1 100 1 100 1 100 1 1 1 1 1 100 1 100 1 1 100 1 100 1 1 1 1 1 100 1 1 12 9 12 10 1 1 1 1 1 1 1 12 10 1 100 1 1 12 11 1 1 12 11 1 100 1 1 12 11 1 1 12 11 1 100 1 1 1 1 1 1 1 1 1 1 1 12 10 1 1 12 10 1 1 1 1 1 1 1 16 1 1 12 10 15 1 16 3 3 1 100 1 100 1 1 12 10 15 1 12 18 1 12 10 1 1 1 1 1 12 10 15 1 12 18 1 1 1 12 10 15 1 12 18 1 1 1 12 10 15 1 12 18 1 10 1 1 1 1 1 12 10 15 1 12 18 1 1 1 1 12 10 15 1 12 18 1 1 1 12 10 15 1 12 18 1 1 1 12 10 15 1 12 18 1 1 100 12 11 1 1 1 1 1 12 10 1 1 12 10 1 1 12 10 1 1 1 1 1 1 1 1 12 11 1 1 1 1 1 1 1 1 100 1 1 12 10 15 1 12 18 1 1 1 1 1 1 1 1 1 1 1 1 1 100 1 8 1 1 12 10 1 1 1 8 1 1 1 8 1 1 1 8 1 1 1 8 1 1 1 8 1 1 8 1 1 1 8 1 1 1 8 1 1 1 8 1 1 1 8 1 1 1 8 1 1 1 8 1 1 1 8 1 1 8 1 1 8 1 1 8 1 1 1 8 1 1 8 1 1 8 1 1 1 8 1 1 8 1 1 1 8 1 1 8 1 1 1 8 1 1 1 8 1 1 1 8 1 1 1 8 1 1 1 8 1 1 1 8 1 1 1 8 1 1 1 8 1 1 1 8 1 1 1 8 1 1 1 8 1 1 8 1 1 1 8 1 1 8 1 1 1 8 1 1 1 8 1 1 8 1 1 8 1 1 8 1 1 1 8 1 1 1 8 1 1 8 1 1 8 1 1 1 8 1 1 1 8 1 1 1 8 1 1 8 1 1 8 1 1 8 1 1 1 8 1 1 8 1 1 8 1 1 8 1 1 8 1 1 1 8 1 1 8 1 1 8 1 1 8 1 1 1 8 1 1 1 8 1 1 1 8 1 1 1 8 1 1 1 8 1 1 8 1 1 1 8 1 1 8 1 1 1 8 1 1 8 1 1 8 1 1 8 1 1 1 8 1 1 8 1 1 1 8 1 1 8 1 1 8 1 1 8 1 1 8 1 1 1 8 1 1 1 8 1 1 8 1 1 1 8 1 1 8 1 1 8 1 1 1 8 1 1 1 8 1 1 8 1 1 8 1 1 8 1 1 8 1 1 8 1 1 1 8 1 1 8 1 1 1 8 1 1 1 8 1 1 1 8 1 1 8 1
ciInstanceKlass scala/collection/SeqLike 1 1 794 1 7 1 1 7 1 100 1 100 1 1 1 1 1 100 1 100 1 1 100 1 100 1 100 1 1 100 1 1 100 1 1 1 1 1 12 11 1 1 1 100 1 1 1 1 1 1 12 11 1 1 1 1 1 1 1 1 1 1 1 1 12 11 1 1 100 1 1 12 9 1 12 10 1 1 1 1 1 12 11 1 1 1 12 11 1 100 1 1 12 11 1 1 12 11 1 1 1 1 1 1 12 11 1 1 1 12 11 12 11 1 1 1 1 1 1 12 11 1 1 1 1 12 11 1 100 1 12 11 1 7 1 1 12 10 1 1 12 11 1 100 1 12 9 1 1 12 10 1 1 1 12 11 1 12 11 1 1 1 1 12 11 1 1 100 1 12 9 1 100 1 12 9 12 11 1 1 12 10 1 12 10 1 1 12 10 1 1 1 1 12 11 1 1 12 10 1 12 10 1 1 1 12 11 1 1 100 1 12 9 1 100 1 1 12 10 16 1 1 12 11 15 3 3 1 7 1 7 1 1 12 10 15 1 12 18 1 1 12 11 1 1 12 11 1 7 1 1 12 11 12 9 1 100 10 1 12 10 1 1 12 11 1 12 10 1 12 11 1 1 1 1 1 1 1 1 1 1 1 1 12 11 1 1 1 12 11 15 18 1 7 1 12 11 1 1 12 11 1 1 11 1 1 1 1 1 1 12 11 1 1 1 100 11 1 1 12 10 1 1 1 1 1 12 11 1 11 1 1 1 1 12 11 1 1 12 11 1 1 1 12 11 11 1 100 1 12 9 1 12 11 1 1 12 10 12 11 11 12 11 11 1 1 1 1 1 1 1 12 11 12 11 1 12 10 1 1 1 12 11 1 1 1 12 11 1 1 1 12 11 15 1 12 18 1 1 12 11 1 1 1 1 12 11 1 1 1 12 11 1 1 1 1 12 11 1 1 1 12 11 1 1 12 11 15 1 12 18 1 1 1 1 12 11 1 12 11 15 18 1 1 10 1 1 12 11 15 1 12 18 11 1 1 1 12 11 1 100 1 100 1 12 10 1 12 10 1 12 11 1 1 1 1 1 1 1 1 1 1 12 11 1 1 1 12 11 1 1 1 1 1 12 11 1 1 100 1 100 1 1 12 10 1 12 10 1 1 1 1 12 11 1 1 1 12 11 1 1 12 11 1 12 11 1 1 1 1 1 12 11 1 1 1 100 12 11 1 1 1 1 1 12 11 1 1 100 1 12 9 1 12 10 1 1 12 11 1 1 1 1 1 12 11 1 1 1 100 1 1 12 11 1 1 1 1 7 1 12 10 1 1 12 11 15 1 12 18 1 7 1 1 12 10 12 9 1 1 1 100 1 1 12 11 1 1 1 1 12 11 1 100 1 12 9 1 1 12 10 1 1 1 1 1 12 11 1 10 1 1 1 12 11 1 1 100 1 1 12 11 1 1 1 12 11 1 100 1 12 11 1 1 1 1 1 1 12 10 1 1 1 1 1 1 1 1 1 1 1 100 11 1 1 12 10 1 1 12 10 1 1 12 11 1 7 1 1 12 9 1 1 1 1 1 1 1 1 1 1 100 10 10 1 1 1 1 1 12 11 12 11 12 11 1 1 12 10 12 11 12 11 12 11 1 1 15 15 1 100 1 1 12 10 15 1 12 18 1 1 1 1 1 1 1 1 1 1 1 1 1 100 1 8 1 1 12 10 1 1 1 8 1 1 1 8 1 1 1 8 1 1 1 8 1 1 1 8 1 1 1 8 1 1 1 8 1 1 1 8 1 1 1 8 1
ciInstanceKlass scala/collection/Seq 1 1 312 1 100 1 1 100 1 100 1 100 1 100 1 100 1 1 1 1 1 100 1 100 1 1 100 1 100 1 1 1 1 1 100 1 1 12 9 12 10 1 1 1 1 12 10 1 1 1 1 1 1 1 12 10 1 100 1 1 12 11 1 1 12 11 1 100 1 1 12 11 1 1 12 11 1 100 1 1 1 1 1 1 1 1 1 1 1 12 10 1 1 12 10 1 1 1 1 1 1 1 16 1 1 12 10 15 1 16 3 3 1 100 1 100 1 1 12 10 15 1 12 18 1 12 10 1 1 1 1 1 12 10 15 1 12 18 1 1 1 12 10 15 1 12 18 1 1 1 12 10 15 1 12 18 1 10 1 1 1 1 1 12 10 15 1 12 18 1 1 1 1 12 10 15 1 12 18 1 1 1 12 10 15 1 12 18 1 1 1 12 10 15 1 12 18 1 1 100 12 11 1 1 1 1 1 12 10 1 1 1 12 10 1 1 12 10 1 1 1 1 1 12 11 1 1 1 1 1 1 1 12 11 1 1 1 1 1 1 100 1 1 12 10 15 1 12 18 1 1 1 1 1 1 1 1 1 1 1 1 1 100 1 8 1 1 12 10 1 1 1 8 1 1 1 8 1 1 1 8 1 1 1 8 1 1 1 8 1 1 1 8 1 1 1 8 1 1 1 8 1 1 1 8 1 1 1 8 1 1 1 8 1
ciInstanceKlass scala/collection/immutable/Seq 1 1 326 1 7 1 1 100 1 100 1 100 1 1 1 1 1 100 1 100 1 1 100 1 100 1 1 1 1 1 100 1 1 12 9 12 10 1 1 1 12 10 1 1 1 1 1 1 1 12 10 1 100 1 1 12 11 1 1 12 11 1 100 1 1 12 11 1 1 12 11 1 100 1 1 1 1 1 1 1 1 1 1 1 12 10 1 1 12 10 1 1 1 1 1 1 1 16 1 1 12 10 15 1 16 3 3 1 100 1 100 1 1 12 10 15 1 12 18 1 12 10 1 1 1 1 1 12 10 15 1 12 18 1 1 1 12 10 15 1 12 18 1 1 1 12 10 15 1 12 18 1 10 1 1 1 1 1 12 10 15 1 12 18 1 1 1 1 12 10 15 1 12 18 1 1 1 12 10 15 1 12 18 1 1 1 12 10 15 1 12 18 1 1 100 12 11 1 1 1 1 1 12 10 1 1 1 12 10 1 1 12 10 1 1 1 1 1 12 11 1 1 1 1 1 1 1 12 11 1 1 1 12 11 1 1 1 1 12 11 1 1 100 1 12 9 1 12 10 1 1 1 1 1 100 1 1 12 10 15 1 12 18 1 1 1 1 1 1 1 1 1 1 1 1 1 100 1 8 1 1 12 10 1 1 1 8 1 1 1 8 1 1 1 8 1 1 1 8 1 1 1 8 1 1 1 8 1 1 1 8 1 1 1 8 1 1 1 8 1 1 1 8 1 1 8 1 1
ciInstanceKlass scala/collection/LinearSeqLike 1 1 174 1 7 1 1 100 1 100 1 1 1 1 1 100 1 1 1 1 1 12 11 1 1 1 7 1 1 1 1 1 12 11 1 1 1 1 1 1 12 11 1 100 1 1 12 9 12 11 1 1 12 10 1 1 1 1 12 11 1 1 1 12 11 1 100 1 12 9 1 12 10 1 1 12 10 1 1 1 1 1 1 12 11 1 1 1 1 100 11 1 12 11 1 1 12 11 11 1 100 1 1 12 11 1 100 1 1 12 10 1 12 11 11 1 1 1 1 1 1 1 1 1 1 1 1 1 100 1 8 1 1 12 10 1 1 1 8 1 1 1 8 1 1 1 8 1 1 1 8 1 1 1 8 1 1 1 8 1 1 1 8 1 1 1 8 1 1 1 8 1 1 1 8 1
ciInstanceKlass scala/collection/LinearSeq 1 1 303 1 100 1 1 100 1 100 1 100 1 1 1 1 1 100 1 100 1 1 100 1 100 1 1 1 1 1 100 1 1 12 9 12 10 1 1 1 12 10 1 1 1 1 1 1 1 12 10 1 100 1 1 12 11 1 1 12 11 1 100 1 1 12 11 1 1 12 11 1 100 1 1 1 1 1 1 1 1 1 1 1 12 10 1 1 12 10 1 1 1 1 1 1 1 16 1 1 12 10 15 1 16 3 3 1 100 1 100 1 1 12 10 15 1 12 18 1 12 10 1 1 1 1 1 12 10 15 1 12 18 1 1 1 12 10 15 1 12 18 1 1 1 12 10 15 1 12 18 1 10 1 1 1 1 1 12 10 15 1 12 18 1 1 1 1 12 10 15 1 12 18 1 1 1 12 10 15 1 12 18 1 1 1 12 10 15 1 12 18 1 1 100 12 11 1 1 1 1 1 12 10 1 1 1 12 10 1 1 12 10 1 1 1 1 1 12 11 1 1 1 1 1 1 1 12 11 1 1 1 1 1 1 100 1 1 12 10 15 1 12 18 1 1 1 1 1 1 1 1 1 1 1 1 1 100 1 8 1 1 12 10 1 1 1 8 1 1 1 8 1 1 1 8 1 1 1 8 1 1 1 8 1 1 1 8 1 1 1 8 1 1 1 8 1 1 1 8 1 1 8 1 1
ciInstanceKlass scala/collection/immutable/LinearSeq 1 1 303 1 7 1 1 100 1 100 1 100 1 1 1 1 1 100 1 100 1 1 100 1 100 1 1 1 1 1 100 1 1 12 9 12 10 1 1 1 12 10 1 1 1 1 1 1 1 12 10 1 100 1 1 12 11 1 1 12 11 1 100 1 1 12 11 1 1 12 11 1 100 1 1 1 1 1 1 1 1 1 1 1 12 10 1 1 12 10 1 1 1 1 1 1 1 16 1 1 12 10 15 1 16 3 3 1 100 1 100 1 1 12 10 15 1 12 18 1 12 10 1 1 1 1 1 12 10 15 1 12 18 1 1 1 12 10 15 1 12 18 1 1 1 12 10 15 1 12 18 1 10 1 1 1 1 1 12 10 15 1 12 18 1 1 1 1 12 10 15 1 12 18 1 1 1 12 10 15 1 12 18 1 1 1 12 10 15 1 12 18 1 1 100 12 11 1 1 1 1 1 12 10 1 1 1 12 10 1 1 12 10 1 1 1 1 1 12 11 1 1 1 1 1 1 1 12 11 1 1 1 1 1 1 100 1 1 12 10 15 1 12 18 1 1 1 1 1 1 1 1 1 1 1 1 1 100 1 8 1 1 12 10 1 1 1 8 1 1 1 8 1 1 1 8 1 1 1 8 1 1 1 8 1 1 1 8 1 1 1 8 1 1 1 8 1 1 1 8 1 1 8 1 1
ciInstanceKlass scala/collection/LinearSeqOptimized 1 1 481 1 7 1 1 100 1 100 1 1 1 1 1 100 1 100 1 1 100 1 1 1 1 1 1 1 1 1 1 1 1 1 1 1 1 12 11 1 12 11 12 11 1 1 1 1 1 1 1 1 1 12 11 1 1 1 12 11 1 100 1 7 1 1 12 10 1 100 1 1 12 10 1 1 12 10 12 11 1 1 1 1 1 1 12 11 1 1 1 7 1 12 11 1 1 1 1 1 12 11 1 1 1 12 10 1 1 12 11 1 1 1 1 12 11 1 1 1 1 12 10 1 1 1 1 12 11 1 1 7 1 12 10 1 100 1 1 12 9 1 1 1 1 1 1 12 11 1 1 1 7 1 12 11 1 1 1 12 11 1 1 1 1 1 12 11 1 1 100 1 8 10 1 1 12 11 1 1 8 1 100 11 1 1 1 12 11 1 100 1 12 10 1 1 1 1 12 11 1 1 1 12 11 1 12 11 1 100 1 1 12 11 1 12 11 1 1 1 1 1 1 1 12 11 1 1 1 1 1 1 1 12 11 1 1 100 1 12 9 1 100 1 12 9 1 1 12 10 1 12 11 1 1 1 1 1 12 11 1 1 1 1 1 12 11 1 1 100 1 12 10 1 1 1 12 11 1 1 1 100 11 11 11 12 11 1 1 1 1 1 1 12 11 1 1 12 11 1 1 1 1 1 12 11 1 1 1 1 12 11 1 1 1 12 11 1 100 1 12 9 1 12 10 1 1 1 12 11 1 1 1 1 12 11 1 1 100 1 12 9 16 1 1 12 11 15 16 3 3 1 100 1 100 1 1 12 10 15 1 12 18 1 12 10 1 12 11 15 16 18 1 100 1 12 11 16 1 12 11 15 16 1 12 18 1 1 12 11 1 1 1 1 1 1 1 1 1 100 1 1 12 10 1 12 10 1 1 12 11 1 1 12 10 1 1 1 100 1 1 12 10 15 1 12 18 1 1 1 1 1 1 1 1 1 1 1 1 1 100 1 8 1 1 12 10 1 1 1 8 1 1 1 8 1 1 1 8 1 1 8 1 1 1 8 1 1 1 8 1 1 1 8 1 1 1 8 1 1 1 8 1
instanceKlass scala/collection/AbstractIterable
ciInstanceKlass scala/collection/AbstractTraversable 1 1 725 1 100 1 1 7 1 7 1 1 1 1 1 100 1 100 1 1 1 1 1 1 12 11 1 1 1 1 1 1 1 12 11 1 1 1 1 7 1 1 12 11 1 1 1 12 11 1 1 1 1 1 1 12 11 1 1 1 1 1 1 1 12 11 1 1 1 1 1 12 11 1 1 12 11 1 1 1 7 1 1 12 11 1 1 1 1 12 11 1 1 1 12 11 1 1 1 1 12 11 1 1 1 1 1 1 12 11 1 1 12 11 1 1 12 11 1 1 1 1 1 1 1 12 11 1 1 1 1 1 1 1 12 11 1 1 1 1 12 11 1 1 1 1 1 1 1 12 11 1 1 1 12 11 1 1 1 1 1 1 12 11 1 1 1 1 1 12 11 1 1 12 11 1 1 1 1 1 1 12 11 1 1 1 1 1 12 11 1 1 1 1 1 12 11 1 1 1 1 1 12 11 1 1 12 11 1 1 1 1 1 12 11 1 1 1 1 1 1 1 1 12 11 1 1 1 1 12 11 1 1 1 12 11 1 1 1 12 11 1 1 1 1 1 12 11 1 1 12 11 1 1 12 11 1 1 12 11 1 1 12 11 1 1 1 1 1 12 11 1 1 1 12 11 1 1 1 1 1 1 12 11 1 1 1 1 1 12 11 1 1 12 11 1 1 12 11 1 1 12 11 1 1 12 11 1 1 1 1 1 12 11 1 1 1 1 1 12 11 1 1 12 11 1 1 1 1 1 1 1 1 12 11 1 1 12 11 1 1 1 12 11 1 1 1 1 1 12 11 1 1 1 1 1 12 11 1 1 1 1 12 11 1 1 12 11 1 1 1 1 1 12 11 1 1 1 12 11 1 1 1 1 1 12 11 1 1 1 7 1 1 12 11 1 1 1 1 7 1 1 12 11 1 1 1 1 12 11 1 1 1 12 11 1 1 1 1 1 12 11 1 1 1 1 1 12 11 1 1 1 1 1 12 11 1 1 1 12 11 1 1 12 11 1 1 12 11 1 1 1 1 1 12 11 1 1 1 12 11 1 1 1 1 1 12 11 1 1 1 12 11 1 1 1 12 11 1 1 1 12 11 1 1 1 12 11 1 1 1 1 1 1 1 12 11 1 1 1 1 1 1 1 12 11 1 1 1 12 11 1 1 1 1 1 1 12 11 1 1 1 12 11 1 1 1 1 1 12 11 1 1 12 11 1 1 1 1 1 1 12 11 1 1 1 1 12 11 1 1 1 12 11 1 1 1 1 1 1 12 11 1 1 1 12 11 1 1 1 1 1 12 11 1 1 1 1 1 12 11 1 1 1 1 1 12 11 1 1 1 1 1 12 11 1 1 1 1 1 12 11 1 1 1 1 1 12 11 1 1 1 1 1 1 12 11 1 1 1 1 1 1 1 12 11 1 1 1 12 11 1 12 11 1 1 1 1 1 12 11 1 1 1 12 11 1 1 12 11 1 1 7 1 1 12 11 1 12 10 1 12 10 1 12 10 1 12 10 1 12 10 1 12 10 1 12 10 1 1 12 10 1 1 12 11 1 12 11 1 12 11 1 12 11 1 12 11 1 7 1 12 11 1 12 11 1 1 1 1 1 1 1 1 1 1 1 1 100 1 8 1 1 12 10 1 1
instanceKlass scala/collection/MapLike$DefaultValuesIterable
instanceKlass scala/collection/mutable/AbstractIterable
instanceKlass scala/collection/AbstractSet
instanceKlass scala/collection/AbstractMap
instanceKlass scala/collection/AbstractSeq
ciInstanceKlass scala/collection/AbstractIterable 1 1 295 1 100 1 1 7 1 7 1 1 1 1 1 1 1 1 1 12 11 1 1 1 1 1 1 1 12 11 1 1 7 1 1 12 11 1 1 1 1 1 12 11 1 1 1 1 1 1 1 12 11 1 1 1 1 1 1 1 12 11 1 1 12 11 1 1 1 1 1 12 11 1 1 1 1 12 11 1 1 1 1 1 1 1 12 11 1 1 1 1 1 1 12 11 1 1 12 11 1 1 1 1 1 12 11 1 1 1 1 1 12 11 1 1 1 1 1 1 12 11 1 1 1 1 1 1 12 11 1 1 12 11 1 1 1 1 12 11 1 1 1 1 1 1 12 11 1 1 12 11 1 1 1 1 12 11 1 1 12 11 1 1 12 11 1 1 1 1 1 1 1 1 12 11 1 1 1 1 1 1 1 12 11 1 1 1 1 1 1 1 1 1 12 11 1 1 1 1 1 12 11 1 1 1 1 1 12 11 1 1 1 1 1 12 11 1 1 1 1 12 11 1 1 1 1 1 12 11 1 1 1 12 11 1 1 1 12 10 1 1 1 12 10 1 12 10 1 12 10 1 12 10 1 12 10 12 10 1 12 10 1 1 12 10 1 7 1 1 12 11 1 12 11 1 12 11 1 1 1 1 1 1 1 1 1 1 100 1 8 1 1 12 10 1 1
instanceKlass scala/collection/immutable/Range
instanceKlass scala/collection/immutable/Vector
instanceKlass scala/collection/mutable/AbstractSeq
instanceKlass scala/collection/immutable/Stream
instanceKlass scala/collection/immutable/List
ciInstanceKlass scala/collection/AbstractSeq 1 1 624 1 100 1 1 7 1 7 1 1 1 1 1 1 1 1 1 12 11 1 1 1 1 1 1 1 12 11 1 1 7 1 1 12 11 1 1 1 1 1 12 11 1 1 1 1 1 1 12 11 1 1 1 1 1 12 11 1 1 1 1 1 12 11 1 1 1 1 12 11 1 1 1 1 1 1 1 12 11 1 1 1 12 11 1 1 1 12 11 1 1 1 1 1 12 11 1 1 1 1 1 1 12 11 1 1 1 1 12 11 1 1 1 1 1 1 1 12 11 1 1 1 1 12 11 1 1 1 1 1 1 1 12 11 1 1 1 1 1 1 12 11 1 1 1 1 1 12 11 1 1 1 12 11 1 1 12 11 12 11 1 1 12 11 1 1 1 1 1 1 12 11 1 1 1 1 1 12 11 1 1 1 1 12 11 1 1 12 11 1 1 12 11 1 1 1 1 1 1 12 11 1 1 1 1 1 1 12 11 1 1 1 1 1 12 11 1 1 12 11 1 1 12 11 1 1 1 1 1 12 11 1 1 1 1 1 1 12 11 1 1 1 1 1 12 11 1 1 1 1 1 12 11 1 1 12 11 1 1 1 1 12 11 1 1 1 1 1 12 11 1 1 1 1 12 11 1 1 1 1 12 11 1 1 1 1 7 1 1 12 11 1 1 1 1 1 12 11 12 11 1 1 1 1 1 12 11 1 1 1 12 11 1 1 12 11 12 11 12 11 1 12 11 1 1 1 12 11 1 1 1 12 11 1 1 1 1 7 1 1 12 11 1 1 1 1 1 1 1 12 11 1 1 1 1 1 12 11 1 1 1 1 1 1 12 11 1 1 1 1 1 1 12 11 1 1 1 1 100 1 1 12 11 1 1 1 1 1 12 11 1 1 1 1 12 11 1 1 1 1 12 11 1 1 1 1 12 11 1 1 1 1 12 11 1 1 1 1 12 11 1 1 1 1 1 12 11 1 1 1 1 12 11 1 1 1 1 12 11 1 1 1 1 12 11 1 1 1 1 12 11 1 1 1 12 11 1 1 1 1 12 11 1 1 1 1 12 11 1 1 12 11 1 1 1 1 12 11 1 1 1 1 12 11 1 1 1 1 12 11 1 1 1 1 1 12 11 1 1 1 1 12 11 1 1 1 1 12 11 1 1 1 1 12 11 1 1 1 1 12 11 1 1 1 1 1 12 11 1 1 1 12 10 1 1 1 12 10 1 1 1 12 10 12 10 1 100 1 12 10 12 10 1 12 10 1 1 12 10 1 1 12 10 1 12 10 1 12 10 1 12 10 1 1 12 10 1 1 12 11 1 12 11 1 7 1 12 11 1 12 11 1 12 11 1 1 1 1 1 1 1 1 1 1 100 1 8 1 1 12 10 1 1 1 8 1 1 1 8 1 1 8 1 1
instanceKlass scala/collection/immutable/$colon$colon
instanceKlass scala/collection/immutable/Nil$
ciInstanceKlass scala/collection/immutable/List 1 1 890 1 7 1 1 7 1 7 1 7 1 7 1 100 1 1 1 1 1 100 1 100 1 1 7 1 100 1 1 100 1 1 100 1 1 100 1 100 1 1 7 1 1 1 5 0 1 1 1 1 7 1 1 12 9 12 10 1 1 1 12 10 1 1 1 12 10 1 1 1 1 1 1 1 12 10 1 100 1 1 12 11 1 1 12 11 1 7 1 1 12 11 1 1 12 11 1 100 1 1 1 1 1 1 1 7 1 1 1 1 1 12 10 1 1 12 10 1 1 1 1 1 1 1 16 1 1 12 10 15 1 16 3 3 1 100 1 1 12 10 15 1 12 18 1 12 10 1 1 1 1 1 12 10 15 1 12 18 1 1 1 12 10 15 1 12 18 1 1 1 12 10 15 1 12 18 1 10 1 1 1 1 1 12 10 15 1 12 18 1 1 1 1 12 10 15 1 12 18 1 1 1 12 10 15 1 12 18 1 1 1 12 10 15 1 12 18 1 1 100 12 11 1 1 1 1 1 12 10 1 1 1 12 10 1 1 1 1 100 1 1 12 11 1 1 1 1 1 1 1 12 11 1 1 1 1 12 11 1 1 1 1 1 1 12 11 1 1 1 12 11 1 1 1 1 1 12 11 1 1 1 1 1 12 11 1 1 1 1 1 1 1 12 11 1 1 1 1 1 1 12 11 1 1 1 12 11 1 1 1 1 12 11 1 1 1 1 12 11 1 1 1 12 11 1 1 1 1 12 11 1 1 1 1 12 11 1 1 1 1 1 1 12 11 1 1 12 11 1 1 12 11 1 1 1 1 1 12 11 1 1 1 1 12 11 1 1 1 1 12 11 1 1 1 1 1 12 11 1 1 1 1 7 1 1 12 11 1 1 1 1 12 11 1 1 1 1 12 11 1 1 1 1 12 11 1 1 1 1 1 12 11 1 1 1 1 1 7 1 1 12 11 1 1 1 1 1 12 11 1 1 1 1 1 1 1 1 1 1 7 1 1 12 10 1 1 1 1 12 10 1 7 1 12 10 1 1 12 10 1 12 10 1 12 10 12 10 1 12 10 1 1 1 1 1 1 1 12 10 1 7 1 12 9 1 1 1 1 1 1 1 1 1 1 1 1 1 1 1 1 1 7 1 12 9 10 1 7 1 12 9 10 1 7 1 12 9 10 1 7 1 12 9 10 1 1 1 1 12 10 1 7 1 12 11 1 7 1 12 11 12 10 1 100 1 1 12 11 1 1 1 1 1 100 1 1 12 11 1 1 1 1 1 1 1 1 1 1 1 1 1 1 1 1 100 1 12 9 1 1 12 10 12 10 12 10 1 1 1 1 12 10 1 1 1 1 12 10 1 100 10 1 12 10 1 1 1 1 1 1 1 12 11 1 1 1 1 1 1 12 10 1 7 1 1 12 11 1 1 12 11 1 1 100 1 1 12 10 1 1 12 11 1 12 10 1 1 12 10 1 12 11 1 1 1 1 1 1 1 1 1 100 1 12 10 1 1 1 12 10 1 1 1 1 1 1 1 12 10 11 11 1 1 12 10 11 1 1 1 1 1 1 8 1 1 1 1 12 9 16 1 1 12 10 15 16 1 12 18 1 12 10 1 10 1 1 1 12 10 1 1 1 1 12 10 1 1 1 12 10 1 1 1 12 10 1 1 1 12 10 1 1 12 10 1 1 12 10 1 1 12 10 12 10 1 1 1 1 12 10 12 10 12 10 1 12 10 1 12 10 1 12 10 1 12 10 1 1 1 1 1 1 1 1 1 1 1 1 1 1 1 1 1 1 1 12 10 1 12 10 1 100 1 12 10 1 1 1 1 1 1 100 1 12 11 1 12 10 10 1 7 1 1 12 11 1 7 1 12 11 1 12 11 1 12 11 1 7 1 12 11 1 12 11 1 12 11 1 12 11 1 1 15 1 100 1 1 12 10 15 1 12 18 1 1 1 1 1 1 1 1 1 1 1 1 1 1 100 1 8 1 1 12 10 1 1 1 8 1 1
ciInstanceKlass scala/collection/immutable/Nil$ 1 1 97 1 7 1 1 7 1 1 1 1 1 5 0 1 1 1 12 10 1 1 1 1 1 1 100 1 8 1 12 10 1 1 1 1 100 1 8 10 1 1 1 1 7 12 11 1 1 1 1 8 1 1 1 1 1 1 100 1 100 1 1 12 10 10 1 1 1 1 1 100 1 12 9 1 1 12 10 1 1 12 9 1 12 10 12 10 10 1 1 1 1 1 1 1 1 1 1
ciInstanceKlass scala/collection/immutable/$colon$colon 1 1 106 1 7 1 1 7 1 1 1 1 1 1 5 0 1 1 1 1 1 1 1 1 1 12 9 1 1 1 1 12 9 1 1 1 1 1 12 10 1 1 1 1 1 1 1 12 10 1 1 12 10 1 1 1 1 1 8 1 1 1 1 12 10 1 100 1 100 1 1 12 10 1 12 10 1 1 1 1 1 100 1 1 12 9 1 1 12 10 1 12 10 1 1 12 10 1 1 1 1 1 1 1 1 1 1 1
ciInstanceKlass scala/collection/generic/Growable 1 1 121 1 7 1 1 100 1 100 1 1 1 1 1 100 1 100 1 1 1 1 1 1 1 1 1 1 1 1 12 11 1 1 1 1 12 11 1 1 12 11 1 1 1 1 1 1 1 7 1 1 12 11 1 16 1 1 12 11 15 16 3 3 1 7 1 7 1 1 12 10 15 1 1 12 18 1 7 1 1 12 11 1 1 1 1 12 11 1 1 12 11 1 12 11 1 1 1 1 1 1 100 1 1 12 10 15 1 12 18 1 1 1 1 1 1 1 1 1 1 1 1
ciInstanceKlass scala/collection/mutable/Builder 1 1 112 1 7 1 1 100 1 100 1 1 1 1 1 100 1 1 1 1 1 1 1 1 1 1 1 1 1 1 1 12 11 1 1 1 1 1 1 12 11 1 1 1 7 1 1 12 11 1 1 1 12 11 1 1 1 1 1 1 12 11 1 1 100 1 1 12 9 1 100 1 12 9 1 1 12 10 1 1 1 1 1 12 11 1 1 1 1 12 10 1 1 1 1 1 1 1 1 1 1 1 1 1 1 100 1 8 1 1 12 10 1 1
ciInstanceKlass scala/collection/generic/Shrinkable 1 1 98 1 100 1 1 100 1 1 1 1 1 100 1 100 1 1 1 1 1 1 1 1 1 1 1 1 12 11 1 1 1 1 12 11 1 1 12 11 1 1 1 1 1 1 1 16 1 1 12 11 15 16 3 3 1 100 1 100 1 1 12 10 15 1 1 12 18 1 100 1 1 12 11 1 1 1 1 1 100 1 1 12 10 15 1 12 18 1 1 1 1 1 1 1 1 1 1 1
ciInstanceKlass scala/collection/mutable/Cloneable 1 1 36 1 100 1 1 100 1 100 1 1 1 1 1 1 1 1 1 1 12 11 1 1 12 11 1 1 1 1 1 1 1 1 1 1 1 1
ciInstanceKlass scala/collection/CustomParallelizable 1 1 54 1 100 1 1 100 1 100 1 1 1 1 1 1 1 1 1 1 1 1 12 11 1 1 1 100 1 8 1 1 12 10 1 1 1 1 1 1 1 1 1 1 1 1 1 100 1 8 1 1 12 10 1 1
ciInstanceKlass scala/collection/mutable/SeqLike 1 1 191 1 100 1 1 100 1 100 1 100 1 1 1 1 1 100 1 100 1 1 1 1 1 1 12 11 1 1 1 100 1 1 12 9 1 12 10 1 1 1 1 1 1 1 1 1 1 1 12 11 1 1 1 100 1 1 12 10 1 16 1 1 12 11 15 3 3 1 100 1 100 1 1 12 10 15 1 1 12 18 1 1 12 11 1 1 1 1 1 1 1 1 12 9 1 100 12 11 12 11 1 1 1 12 11 1 100 1 1 12 9 1 1 1 100 1 1 12 10 15 1 12 18 1 1 1 1 1 1 1 1 1 1 1 1 100 1 8 1 1 12 10 1 1 1 8 1 1 1 8 1 1 1 8 1 1 1 8 1 1 1 8 1 1 1 8 1 1 1 8 1 1 1 8 1 1 1 8 1 1 1 8 1 1 1 8 1 1 8 1 1
ciInstanceKlass scala/collection/mutable/Seq 1 1 324 1 100 1 1 100 1 100 1 100 1 100 1 1 1 1 1 100 1 100 1 1 100 1 100 1 1 1 1 1 100 1 1 12 9 12 10 1 1 1 12 10 1 1 1 1 1 1 1 12 10 1 100 1 1 12 11 1 1 12 11 1 100 1 1 12 11 1 1 12 11 1 100 1 1 1 1 1 1 1 1 1 1 1 12 10 1 1 12 10 1 1 1 1 1 1 1 16 1 1 12 10 15 1 16 3 3 1 100 1 100 1 1 12 10 15 1 12 18 1 12 10 1 1 1 1 1 12 10 15 1 12 18 1 1 1 12 10 15 1 12 18 1 1 1 12 10 15 1 12 18 1 10 1 1 1 1 1 12 10 15 1 12 18 1 1 1 1 12 10 15 1 12 18 1 1 1 12 10 15 1 12 18 1 1 1 12 10 15 1 12 18 1 1 100 12 11 1 1 1 1 1 12 10 1 1 1 12 10 1 1 12 10 1 1 1 1 1 12 11 1 1 1 1 1 1 1 12 11 1 1 1 1 1 1 100 1 1 12 10 15 1 12 18 1 1 1 1 1 1 1 1 1 1 1 1 1 100 1 8 1 1 12 10 1 1 1 100 1 8 10 1 1 1 8 1 1 1 8 1 1 1 8 1 1 1 8 1 1 1 8 1 1 1 8 1 1 1 8 1 1 1 8 1 1 1 8 1 1 1 8 1 1 8 1 1 1 8 1 1 1 8 1 1
ciInstanceKlass scala/collection/mutable/BufferLike 1 1 489 1 100 1 1 100 1 100 1 100 1 100 1 100 1 100 1 1 1 1 1 100 1 100 1 1 1 1 1 1 1 1 1 1 1 1 1 1 1 1 1 1 1 1 1 1 1 1 1 1 1 1 12 11 1 1 1 100 1 100 3 1 1 12 10 1 8 1 1 12 10 1 100 1 1 12 10 1 12 10 1 12 10 1 100 1 1 12 9 1 100 1 12 9 1 1 12 10 1 16 1 1 12 11 15 3 3 1 100 1 100 1 1 12 10 15 1 12 18 1 100 1 1 12 10 1 1 1 1 1 1 12 11 1 1 1 12 11 12 11 1 100 1 1 1 1 1 1 12 11 1 1 1 100 1 1 12 11 12 11 1 1 1 12 11 1 1 1 1 12 11 1 1 1 1 1 12 11 1 1 12 11 1 12 11 1 1 1 1 1 12 11 1 1 1 1 12 11 1 1 12 11 12 11 1 1 12 10 1 1 1 1 1 12 11 1 1 1 100 1 1 12 10 1 12 10 1 100 1 12 9 1 1 12 10 1 1 12 10 1 100 1 12 9 1 100 12 10 1 100 1 12 9 12 11 1 100 10 10 12 11 1 100 10 10 1 100 1 100 1 1 12 10 12 11 1 12 10 1 100 12 11 1 100 1 1 12 10 1 1 12 11 15 1 16 3 1 12 18 1 100 11 1 100 3 1 8 1 12 10 1 8 10 1 100 1 100 1 1 1 12 11 1 8 1 1 1 1 12 11 1 1 1 1 12 11 1 100 1 1 12 11 11 1 1 12 11 11 1 1 1 1 12 11 1 1 1 12 11 1 1 12 11 1 1 1 1 100 1 1 12 11 1 100 11 1 12 11 1 1 1 1 1 1 1 1 1 12 10 12 11 12 11 1 100 1 1 12 9 1 1 1 100 1 1 12 10 15 1 12 18 1 1 1 1 1 1 1 1 1 1 1 1 1 1 100 1 8 1 1 12 10 1 1 1 8 1 1 1 8 1 1 1 8 1 1 1 8 1 1 1 8 1 1 1 8 1 1 1 8 1 1 1 8 1 1 1 8 1 1 1 8 1 1 1 8 1 1 1 8 1 1 1 8 1 1 8 1 1
ciInstanceKlass scala/collection/mutable/Buffer 1 1 348 1 100 1 1 100 1 100 1 100 1 1 1 1 1 100 1 100 1 1 100 1 100 1 1 1 1 1 100 1 1 12 9 12 10 1 1 1 12 10 1 1 1 1 1 1 1 12 10 1 100 1 1 12 11 1 1 12 11 1 100 1 1 12 11 1 1 12 11 1 100 1 1 1 1 1 1 1 1 1 1 1 12 10 1 1 12 10 1 1 1 1 1 1 1 16 1 1 12 10 15 1 16 3 3 1 100 1 100 1 1 12 10 15 1 12 18 1 12 10 1 1 1 1 1 12 10 15 1 12 18 1 1 1 12 10 15 1 12 18 1 1 1 12 10 15 1 12 18 1 10 1 1 1 1 1 12 10 15 1 12 18 1 1 1 1 12 10 15 1 12 18 1 1 1 12 10 15 1 12 18 1 1 1 12 10 15 1 12 18 1 1 100 12 11 1 1 1 1 1 12 10 1 1 1 12 10 1 1 12 10 1 1 1 1 1 12 11 1 1 1 1 1 1 1 1 100 1 1 12 10 15 1 12 18 1 1 1 1 1 1 1 1 1 1 1 1 1 100 1 8 1 1 12 10 1 1 1 8 1 1 1 8 1 1 1 8 1 1 1 8 1 1 1 8 1 1 1 100 1 8 10 1 1 1 8 1 1 1 8 1 1 1 8 1 1 1 8 1 1 1 8 1 1 8 1 1 1 8 1 1 1 8 1 1 1 8 1 1 8 1 1 1 8 1 1 1 8 1 1 8 1 1 1 8 1 1 8 1 1 1 8 1 1 1 8 1 1
instanceKlass scala/collection/mutable/StringBuilder
instanceKlass scala/collection/mutable/WrappedArray
instanceKlass scala/collection/mutable/AbstractBuffer
ciInstanceKlass scala/collection/mutable/AbstractSeq 1 1 179 1 100 1 1 7 1 7 1 1 1 1 1 1 1 1 1 12 11 1 1 1 1 1 1 1 12 11 1 1 1 1 7 1 1 12 11 1 1 1 1 1 1 12 11 1 1 1 1 100 1 12 10 1 7 1 1 12 11 1 1 1 12 10 1 1 1 12 10 1 1 1 12 10 1 1 1 1 100 1 1 12 10 1 12 10 1 1 1 1 1 1 12 10 1 1 1 1 12 10 1 1 1 1 12 10 1 1 1 1 12 10 1 1 12 10 1 12 10 1 1 1 1 12 10 1 7 1 1 12 11 1 7 1 12 11 1 12 11 1 12 11 1 12 11 1 1 1 1 1 1 1 1 1 1 100 1 8 1 1 12 10 1 1 1 8 1 1 1 8 1 1 1 8 1 1 1 8 1
instanceKlass scala/collection/mutable/ArrayBuffer
instanceKlass scala/collection/mutable/ListBuffer
ciInstanceKlass scala/collection/mutable/AbstractBuffer 1 1 322 1 100 1 1 7 1 7 1 1 1 1 1 1 1 1 1 12 11 1 1 1 1 1 1 1 7 1 1 12 11 1 1 1 1 1 1 12 11 1 1 1 1 1 1 12 11 1 1 1 1 1 1 1 12 11 1 1 1 1 1 1 12 11 1 1 12 11 1 1 12 11 1 1 1 1 1 12 11 1 1 1 1 12 11 1 1 12 11 1 1 1 1 1 1 12 11 1 1 1 1 1 12 11 1 1 1 1 1 12 11 1 1 1 1 1 12 11 1 1 1 1 1 12 11 1 1 12 11 1 1 1 1 1 12 11 1 1 1 7 1 12 11 1 1 1 1 1 12 11 1 1 1 1 7 1 1 12 11 1 1 1 1 1 12 11 1 1 1 12 10 1 1 1 1 12 10 1 1 1 1 12 10 1 7 1 1 1 12 10 1 1 1 100 1 1 12 10 1 12 10 1 1 1 1 1 12 10 1 1 1 12 10 1 1 1 1 12 10 1 1 1 12 10 1 1 12 10 1 1 12 10 12 10 1 12 10 1 12 10 1 12 10 1 12 10 1 1 12 10 1 1 12 11 1 12 11 1 12 11 1 12 11 1 12 11 1 1 1 1 1 1 1 1 1 1 1 100 1 8 1 1 12 10 1 1 1 8 1 1 1 8 1 1 1 8 1 1 8 1 1 8 1 1 1 8 1 1 1 8 1 1 1 8 1 1 1 8 1 1 1 8
ciInstanceKlass scala/collection/IndexedSeqLike 1 1 164 1 7 1 1 100 1 100 1 1 1 1 1 7 1 1 1 1 1 1 1 1 1 12 11 1 1 100 1 1 12 9 12 11 1 1 12 10 1 1 1 1 12 11 1 100 1 1 1 1 1 12 11 1 1 1 1 1 1 12 11 1 1 12 11 1 100 1 12 9 1 12 10 1 1 12 10 1 1 1 1 12 11 1 1 100 1 12 11 1 12 10 1 1 12 11 1 1 1 1 12 11 1 1 1 1 1 1 1 1 1 1 1 1 1 1 100 1 8 1 1 12 10 1 1 1 8 1 1 1 8 1 1 1 8 1 1 1 8 1 1 1 8 1 1 1 8 1 1 1 8 1 1 1 8 1 1 1 8 1 1 1 8 1
ciInstanceKlass scala/collection/IndexedSeq 1 1 303 1 100 1 1 100 1 100 1 100 1 1 1 1 1 100 1 100 1 1 100 1 100 1 1 1 1 1 100 1 1 12 9 12 10 1 1 1 12 10 1 1 1 1 1 1 1 12 10 1 100 1 1 12 11 1 1 12 11 1 100 1 1 12 11 1 1 12 11 1 100 1 1 1 1 1 1 1 1 1 1 1 12 10 1 1 12 10 1 1 1 1 1 1 1 16 1 1 12 10 15 1 16 3 3 1 100 1 100 1 1 12 10 15 1 12 18 1 12 10 1 1 1 1 1 12 10 15 1 12 18 1 1 1 12 10 15 1 12 18 1 1 1 12 10 15 1 12 18 1 10 1 1 1 1 1 12 10 15 1 12 18 1 1 1 1 12 10 15 1 12 18 1 1 1 12 10 15 1 12 18 1 1 1 12 10 15 1 12 18 1 1 100 12 11 1 1 1 1 1 12 10 1 1 1 12 10 1 1 12 10 1 1 1 1 1 12 11 1 1 1 1 1 1 1 12 11 1 1 1 1 1 1 100 1 1 12 10 15 1 12 18 1 1 1 1 1 1 1 1 1 1 1 1 1 100 1 8 1 1 12 10 1 1 1 8 1 1 1 8 1 1 1 8 1 1 1 8 1 1 1 8 1 1 1 8 1 1 1 8 1 1 1 8 1 1 1 8 1 1 8 1 1
ciInstanceKlass scala/collection/mutable/IndexedSeqLike 1 1 127 1 100 1 1 100 1 100 1 1 1 1 1 100 1 1 1 1 1 12 11 1 1 1 100 1 1 1 1 1 1 12 11 1 1 1 1 1 1 1 1 1 1 1 12 11 1 1 1 12 10 1 1 1 1 12 11 1 1 1 100 1 12 11 1 1 1 1 1 1 1 1 1 1 1 1 100 1 8 1 1 12 10 1 1 1 8 1 1 1 8 1 1 1 8 1 1 8 1 1 1 8 1 1 1 8 1 1 1 8 1 1 1 8 1 1 1 8 1 1 1 8 1 1 1 8 1
ciInstanceKlass scala/collection/mutable/IndexedSeq 1 1 320 1 7 1 1 100 1 100 1 100 1 100 1 1 1 1 1 100 1 100 1 1 100 1 100 1 1 1 1 1 7 1 1 12 9 12 10 1 1 1 12 10 1 1 1 1 1 1 1 12 10 1 100 1 1 12 11 1 1 12 11 1 100 1 1 12 11 1 1 12 11 1 100 1 1 1 1 1 1 1 1 1 1 1 12 10 1 1 12 10 1 1 1 1 1 1 1 16 1 1 12 10 15 1 16 3 3 1 100 1 100 1 1 12 10 15 1 12 18 1 12 10 1 1 1 1 1 12 10 15 1 12 18 1 1 1 12 10 15 1 12 18 1 1 1 12 10 15 1 12 18 1 10 1 1 1 1 1 12 10 15 1 12 18 1 1 1 1 12 10 15 1 12 18 1 1 1 12 10 15 1 12 18 1 1 1 12 10 15 1 12 18 1 1 100 12 11 1 1 1 1 1 12 10 1 1 1 12 10 1 1 12 10 1 1 1 1 1 12 11 1 1 1 1 1 1 1 12 11 1 1 1 1 1 1 100 1 1 12 10 15 1 12 18 1 1 1 1 1 1 1 1 1 1 1 1 1 100 1 8 1 1 12 10 1 1 1 8 1 1 1 8 1 1 1 8 1 1 1 8 1 1 1 8 1 1 1 100 1 8 10 1 1 1 8 1 1 1 8 1 1 1 8 1 1 1 8 1 1 8 1 1 1 8 1 1 1 8 1 1
ciInstanceKlass scala/collection/IndexedSeqOptimized 1 1 575 1 7 1 1 100 1 100 1 1 1 1 1 100 1 100 1 1 100 1 1 1 1 1 1 1 1 1 1 1 1 1 1 1 1 1 1 1 1 1 1 12 11 1 1 1 12 11 1 1 1 1 1 1 12 11 1 1 1 1 12 11 1 7 1 12 11 1 1 1 1 1 1 1 1 1 7 1 1 12 10 1 1 1 1 1 12 11 1 12 11 1 1 12 11 1 1 1 1 12 11 1 16 1 1 12 11 15 3 3 1 7 1 7 1 1 12 10 15 1 12 18 1 1 12 11 1 100 1 1 12 10 1 7 1 1 12 9 1 1 1 1 1 1 1 100 1 12 11 1 1 1 1 1 1 1 1 12 11 1 1 1 1 1 1 12 11 1 1 1 1 1 1 1 12 11 1 12 11 1 1 12 11 1 12 11 1 1 1 12 11 1 1 1 1 100 1 12 11 1 100 1 12 11 1 100 1 12 9 1 100 1 12 9 11 1 1 12 10 1 7 1 1 12 11 1 7 11 1 12 10 1 12 11 1 12 11 12 11 1 1 1 1 100 1 1 1 1 12 11 1 1 1 12 10 1 1 1 1 1 1 12 11 1 1 7 1 12 9 1 12 10 1 12 10 1 1 12 11 1 1 1 1 1 1 12 11 1 12 11 1 1 12 11 1 12 11 1 1 12 11 12 11 1 1 12 11 12 11 1 1 1 1 12 11 1 1 1 12 11 1 1 12 11 1 1 12 11 1 1 1 1 12 11 1 1 1 1 1 12 11 1 1 1 12 11 1 1 1 1 12 11 1 1 1 1 12 11 1 1 1 12 10 12 11 1 1 1 1 1 12 11 1 1 100 1 12 9 1 1 12 10 1 1 12 10 1 1 1 1 1 12 11 1 1 1 1 12 11 1 1 1 1 12 11 1 12 11 15 18 12 11 1 1 12 11 1 1 12 11 1 1 1 1 12 11 1 1 12 10 1 1 1 1 1 12 11 1 1 1 100 1 12 11 1 100 1 12 11 1 12 11 1 1 1 1 1 1 1 12 11 1 12 11 1 1 1 1 12 11 1 1 7 1 12 9 1 7 1 1 12 10 1 1 1 1 1 1 1 1 1 12 11 1 1 12 10 12 11 1 1 1 100 1 1 12 10 15 1 12 18 1 1 1 1 1 1 1 1 1 1 1 1 1 100 1 8 1 1 12 10 1 1 1 8 1 1 1 8 1 1 1 8 1 1 8 1 1 1 8 1 1 1 8 1 1 1 8 1 1 1 8 1 1 1 8 1 1 1 8 1 1 1 8 1
ciInstanceKlass scala/collection/mutable/WrappedArray$ofRef 1 1 96 1 7 1 1 7 1 100 1 1 1 1 5 0 1 1 1 1 1 12 9 1 1 1 1 1 1 7 1 1 12 9 12 10 1 7 1 1 12 10 1 7 1 12 10 1 1 12 10 1 1 1 1 1 1 1 1 1 1 1 1 1 100 1 12 9 1 1 12 10 1 1 1 100 1 12 10 12 10 1 1 1 1 1 12 10 1 1 1 1 1 1 1 1 1 1
ciInstanceKlass scala/math/Ordered 1 1 71 1 100 1 1 100 1 100 1 1 1 1 1 1 1 1 1 1 100 1 1 12 9 12 10 1 1 1 1 1 1 1 1 1 12 11 1 1 1 12 11 1 1 1 12 11 1 1 12 11 1 1 12 11 1 1 1 12 11 1 1 1 1 1 1 1 1 1 1 1 1
ciInstanceKlass scala/math/package$ 1 1 179 1 7 1 7 1 1 1 1 1 1 12 10 1 1 6 0 1 1 6 0 1 1 7 12 10 1 1 1 12 10 1 1 12 10 1 12 10 1 12 10 1 12 10 1 12 10 1 12 10 1 12 10 1 1 1 12 10 1 12 10 1 12 10 1 12 10 1 12 10 1 1 1 1 12 10 1 1 12 10 1 1 12 10 1 12 10 1 12 10 12 10 1 1 12 10 1 12 10 1 12 10 12 10 1 12 10 12 10 12 10 12 10 1 1 100 12 10 1 100 1 12 10 12 10 12 10 1 12 10 1 12 10 1 12 10 1 12 10 1 12 10 1 12 10 1 12 10 1 12 10 1 12 10 1 12 10 1 12 10 1 12 10 12 10 1 12 10 10 12 9 1 1 1 1 1 1 1 1
ciInstanceKlass scala/collection/immutable/StringLike 1 1 695 1 7 1 1 7 1 100 1 100 1 1 1 1 1 100 1 100 1 1 7 1 100 1 100 1 1 1 1 1 1 1 1 1 1 12 11 1 1 1 7 1 1 12 11 1 7 1 12 10 1 1 1 1 1 12 11 10 1 1 1 12 11 1 1 1 1 1 1 12 11 1 1 100 1 1 12 9 1 100 1 12 9 1 1 12 10 1 12 10 12 11 1 100 1 1 12 11 1 100 1 1 12 10 1 1 12 10 1 1 12 11 1 1 1 1 1 1 1 1 12 11 1 100 1 12 10 1 1 12 10 10 1 1 1 1 1 1 1 1 1 1 12 11 1 12 10 1 1 1 1 1 12 11 1 1 1 12 11 1 1 1 1 1 1 12 11 1 1 12 10 1 1 12 11 1 16 1 1 12 11 15 16 3 3 1 7 1 7 1 1 12 10 15 1 12 18 1 7 1 1 12 11 1 1 12 11 1 12 11 15 18 1 1 12 11 1 8 1 100 1 12 9 1 12 10 1 1 12 10 1 1 12 10 1 12 10 1 1 1 100 1 1 1 1 12 11 1 1 12 10 12 10 1 1 1 12 11 1 12 10 1 1 1 1 1 1 12 11 1 1 12 10 1 1 1 1 1 12 11 1 7 1 12 10 1 1 12 11 15 1 16 1 12 18 1 1 12 11 10 1 1 12 11 1 1 1 100 12 10 1 8 1 12 10 1 1 1 1 1 12 11 12 11 1 12 10 1 1 1 12 11 1 100 1 1 12 10 10 1 8 11 1 12 11 1 1 12 11 1 8 1 1 1 1 1 1 1 1 1 1 1 1 12 11 1 7 1 12 9 1 12 11 1 1 1 1 1 7 1 12 10 1 1 1 1 12 11 1 12 11 1 1 1 1 12 11 1 100 1 1 12 10 1 1 1 1 12 11 1 100 1 1 12 10 1 1 12 11 1 7 1 12 10 1 1 1 1 12 11 1 100 1 1 12 10 1 1 1 1 12 11 1 100 1 1 12 10 1 1 1 1 12 11 1 7 1 1 12 10 1 1 12 10 1 8 1 1 12 10 1 8 1 100 3 1 8 1 8 10 1 8 1 1 1 1 1 12 11 1 1 1 1 1 7 1 12 10 1 1 1 1 1 12 11 1 1 1 12 11 15 3 1 12 18 1 7 1 12 9 1 1 12 10 1 7 1 12 11 1 7 1 7 1 12 9 1 1 12 10 11 1 7 1 12 10 1 1 1 1 1 12 11 1 1 1 12 11 15 18 1 12 10 1 1 100 10 10 1 1 12 10 1 1 1 1 1 3 12 11 1 1 100 1 1 12 10 12 11 1 1 15 1 100 1 1 12 10 15 1 12 18 1 1 1 1 1 1 1 1 1 1 1 1 1 1 100 1 8 1 1 12 10 1 1 1 8 1 1 8 1 1 8 1 1 1 8 1 1 8 1 1 1 8 1 1 1 8 1 1 8 1 1 1 8 1 1 1 8 1 1 1 8 1 1 1 8 1 1 1 8 1 1 1 8 1 1 1 8 1 1 1 8 1 1 1 8 1 1 8 1 1 8 1 1
ciInstanceKlass scala/collection/immutable/StringOps 1 1 1261 1 7 1 1 7 1 7 1 1 1 1 1 100 1 100 1 1 100 1 1 1 1 1 1 1 1 7 1 1 12 9 12 10 1 1 12 10 1 1 12 10 1 12 10 1 1 12 10 1 1 1 1 12 10 1 1 1 12 10 1 1 12 10 1 1 12 10 1 12 10 1 1 1 1 12 11 1 1 1 1 1 1 1 12 11 1 1 1 1 1 12 11 1 1 12 11 1 1 1 1 1 12 11 1 1 12 11 1 1 12 11 1 1 12 11 1 1 1 1 12 11 1 1 1 12 11 1 1 1 1 1 1 12 11 1 1 1 1 1 12 11 1 12 11 1 1 1 1 1 12 11 1 1 100 1 1 12 11 1 1 1 1 1 12 11 1 1 1 1 12 11 1 1 1 1 1 12 11 1 1 1 1 12 11 1 1 1 1 12 11 1 1 1 1 12 11 1 1 1 1 12 11 1 1 1 1 12 11 1 1 1 1 12 11 1 1 1 1 1 1 12 11 1 1 1 1 1 1 1 12 11 1 1 1 1 1 1 12 11 1 1 1 1 1 7 1 1 12 11 1 1 1 12 11 1 1 12 11 1 1 12 11 1 1 1 1 12 11 1 1 1 1 7 1 12 11 1 100 1 8 1 1 12 10 1 12 10 1 1 12 11 1 1 12 10 1 1 1 1 1 7 1 12 11 1 100 1 12 11 1 1 1 1 1 12 11 1 1 1 1 1 12 11 1 1 7 1 1 12 11 1 1 12 11 1 1 12 11 1 1 1 1 12 11 1 1 1 7 1 1 12 11 1 1 7 1 1 12 11 1 1 1 1 12 11 1 1 1 1 1 1 1 12 11 1 1 12 11 1 1 1 1 1 12 11 1 1 1 1 1 1 12 11 1 1 1 12 11 1 1 1 1 12 11 1 1 12 11 1 1 1 12 11 1 1 1 1 1 12 11 1 1 12 11 1 12 11 1 12 11 1 12 11 1 1 1 1 12 11 1 1 12 11 1 1 12 11 1 1 12 11 1 1 1 1 1 12 11 1 1 1 1 12 11 1 1 12 11 1 1 1 1 1 12 11 1 1 1 12 11 1 1 1 1 1 1 1 1 12 11 1 1 1 1 12 11 1 1 1 1 1 12 11 1 1 12 11 1 1 1 12 11 1 1 12 11 1 1 1 1 12 11 1 1 1 1 1 1 12 11 1 1 1 12 11 1 1 1 1 1 12 11 1 7 1 1 12 11 1 1 1 1 1 12 11 1 1 1 12 11 1 1 1 1 1 12 11 1 1 1 12 11 1 1 1 12 11 1 1 1 1 1 12 11 1 1 1 1 1 12 11 1 1 1 1 1 12 11 1 1 1 12 11 1 1 12 11 12 11 1 1 12 11 1 1 1 1 1 12 11 1 1 1 1 1 12 11 1 1 1 1 12 11 1 1 12 11 1 1 1 12 11 1 1 1 1 1 1 12 11 1 1 1 1 1 12 11 1 1 1 1 1 12 11 1 1 12 11 1 1 12 11 1 1 1 1 1 12 11 1 1 1 1 12 11 1 1 1 1 1 12 11 1 1 1 1 1 12 11 1 1 1 1 1 12 11 1 1 1 1 12 11 1 1 1 1 1 12 11 1 1 1 12 11 1 1 1 1 7 1 1 12 11 1 1 1 1 1 12 11 12 11 1 1 1 1 12 11 1 1 1 12 11 1 1 12 11 12 11 12 11 1 12 11 1 1 1 1 1 12 11 1 1 1 12 11 1 1 1 12 11 1 1 12 11 1 1 1 1 12 11 1 1 1 1 1 1 1 12 11 1 1 1 1 1 12 11 1 1 1 12 11 1 1 1 12 11 1 1 12 11 1 1 1 1 1 12 11 1 1 1 1 1 1 12 11 1 1 1 1 12 11 1 1 1 1 12 11 1 1 1 12 11 1 1 1 1 1 12 11 1 1 1 1 12 11 1 1 12 11 1 1 1 1 1 1 12 11 1 1 1 1 12 11 1 1 1 1 1 12 11 1 1 1 1 1 1 12 11 1 1 1 12 11 1 1 1 12 11 1 1 1 1 1 12 11 1 1 12 11 1 1 1 1 1 12 11 1 1 1 1 12 11 1 1 1 12 11 1 1 12 11 1 1 1 1 1 12 11 1 1 1 1 12 11 1 1 1 12 11 1 1 1 1 1 12 11 1 1 1 7 1 1 12 11 1 1 1 12 11 1 1 1 12 11 1 1 1 12 11 1 1 1 1 1 12 11 1 1 1 12 11 1 1 12 11 1 1 1 1 1 12 11 1 1 1 12 11 1 1 1 1 12 11 1 1 1 12 11 1 1 1 12 11 1 1 1 1 1 1 1 12 11 1 1 1 1 1 1 1 12 11 1 1 1 12 11 1 1 1 1 12 11 1 1 12 11 1 1 1 12 11 1 1 12 11 1 1 1 1 1 1 12 11 1 1 1 1 12 11 1 1 1 12 11 1 1 1 1 1 12 11 1 1 1 1 1 12 11 1 1 1 1 1 12 11 1 1 1 1 1 1 12 11 1 1 1 1 12 11 1 12 11 1 1 1 1 1 12 11 1 1 1 12 11 1 1 12 11 12 9 1 1 12 10 1 1 1 1 1 1 1 1 1 1 1 1 1 12 10 1 12 10 1 12 10 1 1 12 10 1 12 10 1 1 12 10 1 1 12 10 1 100 12 10 1 1 1 7 1 1 12 10 1 1 1 1 1 1 12 10 1 7 1 1 12 11 1 12 11 1 12 11 1 12 11 1 12 11 1 12 11 1 12 11 1 12 11 1 12 11 1 12 11 1 12 11 1 1 1 1 1 1 1 1 1 1 1 1 1
ciInstanceKlass scala/runtime/BoxedUnit 1 1 50 9 10 8 7 10 9 9 7 100 1 1 1 5 0 1 1 1 1 1 1 1 1 1 1 1 1 1 1 1 1 1 1 1 1 1 1 1 1 1 1 12 12 1 1 7 12 1 1 1
staticfield scala/runtime/BoxedUnit UNIT Lscala/runtime/BoxedUnit; scala/runtime/BoxedUnit
staticfield scala/runtime/BoxedUnit TYPE Ljava/lang/Class; java/lang/Class
ciInstanceKlass scala/collection/mutable/ResizableArray 1 1 496 1 7 1 1 7 1 100 1 100 1 1 1 1 1 100 1 100 1 1 100 1 100 1 1 1 1 1 100 1 1 12 9 12 10 1 1 1 12 10 1 1 1 1 1 1 1 12 10 1 100 1 1 12 11 1 1 12 11 1 7 1 1 12 11 1 1 12 11 1 100 1 1 1 1 1 1 1 1 1 1 1 12 10 1 1 12 10 1 1 1 1 1 1 1 16 1 1 12 10 15 1 16 3 3 1 100 1 100 1 1 12 10 15 1 12 18 1 12 10 1 1 1 1 1 12 10 15 1 12 18 1 1 1 12 10 15 1 12 18 1 1 1 12 10 15 1 12 18 1 10 1 1 1 1 1 12 10 15 1 12 18 1 1 1 1 12 10 15 1 12 18 1 1 1 12 10 15 1 12 18 1 1 1 12 10 15 1 12 18 1 1 100 12 11 1 1 1 1 1 12 10 1 1 1 12 10 1 1 12 10 1 1 1 1 1 12 11 1 1 1 1 1 1 1 12 11 1 1 1 1 1 1 1 1 1 12 11 12 11 1 1 1 1 12 11 1 1 100 1 100 1 1 12 10 1 1 12 10 12 11 1 1 1 1 12 11 1 1 1 1 1 12 11 1 1 1 12 11 1 1 1 1 1 1 1 12 11 1 1 7 1 12 9 1 7 1 12 9 1 7 1 12 9 1 1 12 10 1 1 12 10 1 7 1 12 9 1 1 12 10 1 1 1 1 1 1 12 11 1 1 12 10 12 11 1 1 12 11 5 0 5 0 1 100 1 12 10 12 11 1 1 1 1 1 1 1 1 1 1 1 12 11 1 1 1 1 1 12 11 1 100 1 12 9 1 1 100 1 1 1 7 1 12 9 1 12 10 1 1 1 100 1 1 12 10 15 1 12 18 1 1 1 1 1 1 1 1 1 1 1 1 1 100 1 8 1 1 12 10 1 1 1 8 1 1 1 8 1 1 1 8 1 1 1 8 1 1 1 8 1 1 1 100 1 8 10 1 1 1 8 1 1 1 8 1 1 1 8 1 1 1 8 1 1 1 8 1 1 8 1 1 8 1 1 8 1 1 1 8 1 1 8 1 1 1 8 1 1 1 8 1 1 8 1 1
ciInstanceKlass scala/collection/mutable/ArrayBuffer 1 1 928 1 7 1 1 7 1 7 1 7 1 7 1 100 1 1 1 1 1 100 1 100 1 1 100 1 1 100 1 100 1 1 1 5 0 1 1 1 1 1 1 1 1 1 100 1 1 12 9 12 10 1 1 1 12 10 1 1 1 1 1 1 1 12 10 1 1 12 11 1 1 12 11 1 100 1 1 12 11 1 1 12 11 1 100 1 1 1 1 1 1 7 1 1 1 1 1 12 10 1 1 12 10 1 1 1 1 1 1 1 16 1 1 12 10 15 1 16 3 3 1 100 1 1 12 10 15 1 12 18 1 12 10 1 1 1 1 1 12 10 15 1 12 18 1 1 1 12 10 15 1 12 18 1 1 1 12 10 15 1 12 18 1 10 1 1 1 1 1 12 10 15 1 12 18 1 1 1 1 12 10 15 1 12 18 1 1 1 12 10 15 1 12 18 1 1 1 12 10 15 1 12 18 1 1 100 12 11 1 1 1 1 1 12 10 1 1 1 12 10 1 1 12 10 1 1 1 1 1 12 11 1 1 1 1 1 1 12 11 1 1 1 1 1 12 11 1 1 1 1 1 12 11 1 1 1 1 1 12 11 1 1 1 1 1 1 1 12 11 1 1 1 1 12 11 1 1 12 11 1 1 1 1 1 1 12 11 1 1 1 1 1 12 11 1 1 1 1 7 1 1 12 11 1 1 1 1 1 12 11 1 1 1 1 1 12 11 1 1 1 1 1 1 1 12 11 1 1 1 1 1 12 11 1 1 1 1 100 1 1 12 11 1 100 1 8 1 1 12 10 1 12 10 12 11 1 12 10 1 1 1 1 1 100 1 1 12 11 1 100 1 12 11 1 1 1 1 1 1 12 11 1 1 1 1 1 12 11 1 1 100 1 1 12 11 1 1 12 11 1 1 12 11 1 1 1 1 12 11 1 1 1 100 1 1 12 11 1 1 7 1 1 12 11 1 1 1 1 1 1 12 11 1 1 12 11 1 1 1 1 1 12 11 1 1 1 1 1 1 12 11 1 1 1 12 11 1 1 1 1 12 11 1 1 12 11 1 1 1 12 11 1 1 1 1 1 12 11 1 1 1 1 1 1 12 11 1 1 1 12 11 1 12 11 1 12 11 1 12 11 1 1 1 12 11 1 1 12 11 1 1 12 11 1 1 12 11 1 1 1 1 1 12 11 1 1 1 1 12 11 1 1 12 11 1 1 1 1 1 12 11 1 1 1 12 11 1 1 1 1 12 11 1 1 1 1 1 12 11 1 1 12 11 1 1 12 11 1 1 12 11 1 1 1 1 12 11 1 1 1 1 1 1 12 11 1 1 1 12 11 1 1 1 1 1 12 11 1 1 7 1 1 12 11 1 1 1 1 1 12 11 1 1 1 1 1 12 11 1 1 1 12 11 1 1 7 1 1 12 11 1 1 12 11 1 1 1 1 1 12 11 1 1 12 11 1 12 9 1 1 1 12 9 1 12 9 1 1 1 1 1 12 10 12 10 12 10 12 10 1 7 1 1 12 10 12 10 1 1 1 1 1 100 1 12 9 1 1 12 10 1 1 12 10 12 10 1 1 1 12 11 12 11 1 100 1 1 12 11 1 1 12 10 1 1 1 12 11 1 1 12 10 1 1 100 1 100 1 1 12 10 10 1 100 11 1 12 11 1 1 1 1 1 100 1 100 3 12 10 1 8 1 1 12 10 1 12 10 10 3 1 8 1 8 12 10 12 10 1 1 1 1 8 10 1 1 1 12 10 1 12 10 1 100 1 1 1 12 10 1 1 1 100 1 1 12 10 1 12 10 1 1 1 12 10 1 12 10 1 1 1 12 10 1 1 1 1 1 1 1 12 10 1 1 1 12 10 1 1 12 10 1 12 10 1 1 1 12 10 1 1 1 12 10 1 1 1 12 10 1 1 12 10 1 1 1 1 12 10 1 12 10 12 10 1 12 10 1 12 10 1 12 10 12 10 1 1 12 11 1 12 11 1 12 11 1 12 11 1 7 1 12 11 1 12 11 1 12 11 1 12 11 10 1 1 1 100 1 1 12 10 15 1 12 18 1 1 1 1 1 1 1 1 1 1 1 1 1
ciInstanceKlass scala/collection/mutable/StringBuilder 1 1 995 1 7 1 1 7 1 100 1 7 1 7 1 100 1 100 1 1 1 1 1 100 1 1 1 5 0 1 1 1 1 1 1 7 1 1 12 11 1 1 1 1 1 1 1 12 11 1 1 1 1 1 12 11 1 1 1 1 1 1 12 11 1 1 1 1 1 1 12 11 1 1 1 1 1 1 1 7 1 1 12 11 1 1 1 1 1 1 1 1 12 11 1 1 1 1 1 1 1 12 11 1 1 1 1 1 12 11 1 1 1 1 1 12 11 1 1 1 1 1 12 11 1 1 1 1 1 12 11 1 1 12 11 1 1 12 11 1 1 12 11 1 1 1 1 1 12 11 1 1 1 12 11 1 1 1 1 1 1 12 11 1 1 1 1 1 12 11 1 12 11 1 1 1 1 1 12 11 1 1 100 1 1 12 11 1 1 1 1 1 12 11 1 1 1 1 12 11 1 1 1 1 12 11 1 1 1 1 12 11 1 1 1 1 12 11 1 1 1 1 12 11 1 1 1 1 12 11 1 1 1 1 12 11 1 1 1 1 12 11 1 1 1 1 1 1 12 11 1 1 1 1 1 1 1 12 11 1 1 1 1 1 1 12 11 1 1 1 1 1 7 1 1 12 11 1 1 12 11 1 1 12 11 1 1 12 11 1 1 1 1 12 11 1 1 1 1 100 1 12 11 1 100 1 8 1 1 12 10 1 12 10 1 1 12 11 1 1 12 10 1 1 1 1 1 100 1 12 11 1 100 1 12 11 1 1 1 1 1 12 11 1 1 1 1 1 12 11 1 1 100 1 1 12 11 1 1 12 11 1 1 12 11 1 1 1 1 12 11 1 1 1 100 1 1 12 11 1 1 1 7 1 1 12 11 1 1 1 1 1 1 12 11 1 1 12 11 1 1 1 1 1 12 11 1 1 1 1 1 1 12 11 1 1 1 12 11 1 1 1 1 12 11 1 1 12 11 1 1 1 12 11 1 1 1 1 1 12 11 1 1 12 11 1 12 11 1 12 11 1 12 11 1 1 1 1 12 11 1 1 12 11 1 1 12 11 1 1 12 11 1 1 1 1 1 12 11 1 1 1 1 12 11 1 1 12 11 1 1 1 1 1 12 11 1 1 1 12 11 1 1 1 1 1 1 1 12 11 1 1 1 1 12 11 1 1 1 1 1 12 11 1 1 12 11 1 1 1 12 11 1 1 1 1 12 11 1 1 1 1 1 1 12 11 1 1 1 12 11 1 1 1 1 1 12 11 1 1 1 1 1 12 11 1 1 1 1 1 12 11 1 1 1 1 7 1 1 12 11 1 1 1 1 1 12 11 1 1 1 12 11 1 1 7 1 1 12 11 1 1 12 11 1 1 1 1 1 12 11 1 1 12 11 1 1 12 11 1 12 11 1 12 9 1 1 1 1 1 1 1 100 1 12 10 1 12 10 1 1 12 10 12 10 1 7 1 1 12 10 1 10 1 1 12 10 1 10 1 12 10 1 1 12 10 1 1 1 12 10 1 1 1 1 12 10 1 1 1 12 10 1 1 1 10 1 1 12 10 10 1 1 1 1 1 12 10 1 1 1 12 10 1 1 12 10 1 1 7 1 1 12 10 1 1 12 10 1 1 1 100 1 1 12 9 1 1 12 10 12 11 100 1 12 10 1 12 10 1 1 12 10 1 1 12 10 1 1 12 10 1 1 1 12 10 1 1 12 10 1 1 12 10 1 1 1 12 10 1 1 12 10 1 1 1 12 10 1 1 1 1 12 10 1 1 1 1 12 10 1 1 12 10 1 12 10 1 1 1 12 10 1 12 10 1 1 12 10 1 12 10 1 12 10 1 1 12 10 1 1 12 10 1 1 12 10 1 12 10 1 12 10 1 1 12 10 1 12 10 12 10 1 1 12 10 12 10 1 12 10 1 1 1 12 10 1 10 1 1 1 1 12 10 1 1 1 1 12 11 1 1 1 12 10 1 1 100 1 12 10 1 12 10 1 1 1 12 10 1 12 10 1 1 1 12 10 1 1 1 12 10 1 1 1 1 12 10 12 10 12 10 12 10 1 1 1 1 12 10 1 1 1 12 10 1 1 12 10 1 1 12 10 1 12 10 1 12 10 1 1 1 12 10 10 1 1 12 11 1 7 1 12 11 1 12 11 1 12 11 1 12 11 1 12 11 1 12 11 12 11 1 12 11 1 1 1 10 12 10 1 8 12 10 1 1 1 1 1 1 1 1 1 1 1 1 1
ciInstanceKlass org/yaml/model/ParseErrorHandler 1 0 39 1 100 1 100 1 1 1 1 1 1 1 100 1 1 12 9 12 10 1 12 10 1 1 1 1 12 10 1 1 1 1 1 1 1 1 1 1 1
ciInstanceKlass org/mulesoft/lexer/LexerInput 1 1 108 1 7 1 100 1 1 1 1 1 100 1 1 1 1 100 1 1 12 9 12 10 1 1 1 1 1 1 1 1 1 1 1 1 1 1 1 1 1 1 1 12 11 1 1 1 12 11 1 100 1 1 12 11 12 11 1 1 1 1 1 1 1 1 1 1 1 1 1 1 1 1 1 1 1 1 1 1 1 12 11 1 1 12 11 3 1 1 1 12 11 1 1 1 8 12 11 1 1 1 1 1 1 1 1 1 1 1
ciInstanceKlass org/mulesoft/lexer/CharSequenceLexerInput 1 1 326 1 7 1 7 1 7 1 1 1 1 1 100 1 100 1 1 7 1 1 7 1 1 100 1 1 1 1 1 1 1 1 1 1 1 1 1 1 100 1 1 12 9 12 10 1 1 12 10 1 12 10 1 1 12 10 1 1 12 10 1 1 1 1 1 1 12 11 1 1 1 1 1 1 12 9 12 9 12 9 12 9 12 9 1 12 9 1 1 1 12 10 1 1 12 10 12 10 1 12 10 1 12 10 1 1 12 10 1 12 10 1 1 12 10 12 10 1 12 10 1 1 1 7 1 12 9 1 7 1 12 9 1 1 12 10 1 1 12 10 16 1 1 12 10 15 3 3 1 7 1 7 1 1 12 10 15 1 1 12 18 1 7 1 12 10 1 12 10 1 1 10 1 12 10 1 100 1 12 9 1 12 10 1 7 1 1 12 11 1 7 1 1 12 10 1 12 10 1 1 12 10 1 1 1 1 1 1 1 12 10 1 100 1 8 1 12 10 12 11 1 1 1 12 10 1 12 10 1 12 10 1 12 10 1 12 10 1 12 10 1 1 12 10 1 1 1 1 1 1 1 1 1 1 12 10 1 1 1 1 12 10 1 7 10 1 1 3 1 1 1 1 1 1 12 10 1 1 12 11 1 12 10 1 12 9 12 10 10 1 12 10 1 12 10 1 12 10 1 1 12 10 1 1 1 100 1 1 12 10 15 1 12 18 1 1 1 1 1 1 1 1 1 1 1 1
instanceKlass org/yaml/lexer/YamlLexer
ciInstanceKlass org/mulesoft/lexer/BaseLexer 1 1 440 1 7 1 1 7 1 7 1 1 1 1 1 100 1 100 1 1 7 1 100 1 1 1 1 1 1 1 1 1 1 1 1 1 1 1 1 1 1 1 1 100 1 1 12 9 12 10 1 1 1 1 12 11 1 1 1 12 9 1 1 1 1 12 9 12 9 1 1 12 9 12 9 1 1 12 9 1 1 12 9 1 1 1 12 9 1 1 1 12 10 1 7 12 11 12 10 1 7 1 1 12 10 1 1 12 10 1 7 1 12 10 1 1 1 1 1 1 12 10 1 7 12 10 1 1 1 1 1 1 1 12 10 1 7 1 12 10 1 12 10 1 1 12 11 1 12 10 1 1 1 10 1 1 12 10 12 10 12 10 1 12 10 1 12 10 1 12 10 1 1 12 10 1 12 10 1 1 12 10 12 10 1 1 1 1 7 1 12 9 1 1 12 10 1 1 12 10 1 12 10 12 10 12 10 1 7 1 1 12 9 1 12 10 1 12 10 12 10 1 100 1 100 1 12 9 1 1 12 10 1 12 10 1 100 1 100 1 1 1 1 1 1 1 12 10 1 1 1 1 1 1 1 12 10 1 12 10 1 100 1 12 9 1 12 10 11 12 10 12 10 1 12 10 1 1 12 10 12 10 1 1 12 11 1 1 12 9 1 7 1 12 9 1 1 12 10 1 1 12 10 1 1 1 12 11 1 12 11 12 11 1 1 1 12 11 1 1 10 1 1 1 1 1 12 10 10 1 1 100 1 12 10 1 100 1 12 9 1 100 1 12 9 1 12 10 1 1 12 10 1 16 1 1 12 10 15 3 3 1 100 1 100 1 1 12 10 15 1 1 12 18 1 100 1 1 12 10 1 1 1 1 1 12 11 1 1 1 1 11 1 1 1 1 100 1 12 9 1 1 12 10 1 1 12 10 10 1 12 10 1 1 12 11 10 11 1 1 1 100 1 1 12 10 15 1 12 18 1 1 1 1 1 1 1 1 1 1 1 1
ciInstanceKlass org/yaml/lexer/YamlLexer 1 1 1960 1 7 1 1 7 1 1 1 1 1 100 1 100 1 1 7 1 7 1 1 7 1 1 1 1 1 1 1 1 1 1 1 100 1 1 12 9 12 10 1 1 12 10 1 1 1 12 10 1 1 12 10 1 1 12 10 1 1 12 10 1 12 10 1 12 10 1 12 10 1 12 10 1 12 10 1 12 10 1 1 1 12 10 1 12 9 1 1 1 1 1 1 1 12 10 1 7 1 12 9 1 7 1 1 12 10 1 100 1 1 12 10 12 10 12 10 1 1 12 10 1 12 10 1 12 10 16 1 1 12 10 15 3 3 1 7 1 7 1 1 12 10 15 1 1 12 18 1 7 1 12 9 1 1 12 10 1 1 12 10 15 18 1 1 12 10 1 12 10 1 12 10 1 1 12 10 1 12 10 1 1 7 1 12 9 1 1 12 10 1 1 12 10 1 1 12 10 1 12 10 1 1 1 1 12 10 1 1 1 1 12 10 15 1 12 18 1 12 10 1 1 1 1 12 10 1 1 12 10 1 1 1 12 10 1 1 1 1 1 12 10 12 10 1 1 12 10 1 1 1 12 10 12 10 1 1 1 1 1 12 10 1 1 12 10 15 1 12 18 1 12 10 1 12 10 1 1 1 12 10 1 1 8 1 100 1 12 10 1 7 1 12 9 1 12 10 12 10 1 12 10 1 12 10 1 1 12 10 12 10 1 12 9 1 1 12 11 1 12 10 1 12 10 1 3 1 1 1 1 12 11 1 12 11 1 12 10 1 12 10 1 1 1 1 7 1 12 9 1 7 1 12 9 1 1 12 10 12 10 1 1 100 1 1 12 10 1 12 10 1 12 10 1 1 1 1 1 1 1 1 12 10 15 1 12 18 1 1 12 10 1 1 12 10 15 18 12 10 1 12 10 12 10 12 10 1 1 12 10 1 12 10 1 12 10 1 12 10 1 12 10 1 7 1 12 9 1 12 10 12 10 1 1 12 10 12 10 1 12 10 1 12 10 15 18 1 1 7 1 12 9 1 7 1 12 9 1 12 10 15 18 1 1 12 10 15 18 1 1 12 10 12 10 1 12 10 15 18 1 12 10 15 18 1 12 10 15 18 1 12 10 12 10 1 1 12 10 1 12 10 15 18 1 1 8 1 12 10 1 12 10 16 1 12 10 15 1 1 12 18 1 1 12 10 1 12 10 15 18 1 1 8 1 12 10 1 12 10 1 12 10 12 10 1 12 10 15 18 1 12 10 1 12 10 15 18 1 1 12 10 15 18 1 1 12 10 1 12 10 15 18 1 12 10 15 18 1 12 10 1 1 12 10 1 12 10 1 12 10 1 12 10 1 12 10 1 12 10 15 1 12 18 1 1 12 10 1 12 10 1 12 10 1 12 10 1 1 12 10 12 10 1 12 10 1 1 1 1 7 1 1 12 10 1 7 1 1 12 9 1 1 12 10 1 12 10 1 12 10 1 7 1 1 12 10 1 12 10 15 18 12 10 1 12 9 1 12 10 1 12 10 1 12 10 1 1 1 1 1 1 1 1 1 12 10 1 12 10 1 1 1 1 1 12 10 1 1 1 12 10 1 1 12 10 1 12 10 12 10 1 12 10 1 12 10 15 18 1 1 1 1 12 10 15 18 1 1 12 10 12 10 1 12 10 1 12 10 15 18 1 12 10 15 18 1 12 10 15 18 1 1 12 10 15 18 1 1 12 10 1 12 10 12 10 1 12 10 1 12 10 1 12 10 12 10 1 12 10 15 18 1 12 10 1 12 10 1 12 10 15 18 1 1 12 10 15 18 1 12 10 15 18 1 1 12 10 15 18 1 1 12 10 1 12 10 15 18 1 12 10 15 18 1 1 12 10 1 1 12 10 1 12 10 12 10 1 12 10 12 10 12 10 1 12 10 12 10 12 10 12 10 1 12 10 15 18 1 1 12 10 15 18 1 12 10 15 18 1 1 1 1 1 12 10 1 12 10 1 1 12 10 1 12 10 15 18 1 12 11 1 12 11 1 100 1 12 9 1 100 1 12 9 1 12 10 1 12 10 1 1 12 10 1 100 1 1 12 10 1 1 1 1 1 1 1 12 10 15 1 12 18 1 1 1 12 10 15 18 1 12 10 15 18 1 12 10 1 12 10 15 18 1 12 10 1 100 1 12 10 1 12 10 1 100 1 12 10 1 12 10 1 1 12 10 1 12 10 15 18 1 12 10 1 12 10 15 18 1 1 12 10 15 1 12 18 12 10 1 1 12 10 1 1 12 10 15 18 1 12 10 1 12 10 15 18 1 1 1 12 10 1 12 10 15 18 1 12 10 1 12 10 15 18 1 1 1 12 10 15 18 1 12 10 15 18 1 12 10 15 18 1 12 10 15 18 1 1 12 10 1 1 12 10 15 1 12 18 1 12 10 1 1 1 12 10 15 18 1 1 12 10 1 12 10 1 1 12 10 15 18 1 12 10 1 1 1 1 1 12 10 15 1 12 18 1 1 12 10 1 1 1 1 12 10 1 7 1 12 9 1 12 10 1 12 10 15 18 1 12 10 15 18 1 12 10 1 12 10 15 18 1 1 12 10 15 18 1 12 10 1 1 12 10 1 12 10 1 12 10 1 1 12 10 15 18 1 1 12 10 15 18 1 1 12 10 1 12 10 1 12 10 1 12 10 15 18 1 1 1 1 1 12 10 15 18 1 1 12 10 12 10 1 12 10 1 12 10 15 18 1 1 7 1 12 9 1 12 10 15 18 1 1 12 10 15 18 1 1 12 10 15 18 1 1 12 10 1 12 10 1 12 10 15 18 1 12 10 15 18 1 12 11 1 1 12 10 15 18 1 1 12 10 15 18 1 12 10 1 12 10 1 12 10 15 18 1 12 10 12 10 1 12 10 15 18 1 12 10 15 18 1 1 12 10 1 12 10 1 12 10 15 18 1 12 10 15 18 1 1 12 10 15 1 12 18 1 1 12 10 1 12 10 1 12 10 15 18 1 12 10 15 18 1 12 10 15 18 1 12 10 15 18 1 1 12 10 15 18 1 1 12 10 15 18 1 1 12 10 15 18 1 7 1 12 10 15 18 10 1 1 1 12 10 1 7 12 11 12 11 1 16 1 1 12 10 15 16 3 1 12 18 1 7 1 12 10 1 12 10 15 18 1 1 1 1 12 10 15 18 1 12 10 15 18 1 7 1 12 10 12 9 1 1 12 10 1 12 10 1 1 12 10 1 1 12 10 16 1 1 12 10 15 1 1 12 18 1 12 10 1 1 1 1 1 1 1 1 12 10 1 1 1 12 10 1 7 1 12 10 1 7 1 12 10 1 12 10 1 7 1 1 12 10 1 12 10 1 1 12 11 1 12 10 1 12 10 1 1 12 10 1 1 12 10 1 1 12 11 1 12 10 1 12 10 1 1 1 1 12 10 12 10 1 12 10 12 10 1 1 12 10 12 10 1 12 10 12 10 15 18 12 10 1 1 12 10 1 1 1 12 10 12 10 15 18 1 1 12 10 1 1 12 10 12 10 12 10 12 10 1 12 10 15 18 1 1 12 10 15 18 12 10 12 10 15 18 1 1 1 12 10 1 12 10 1 12 10 12 10 15 18 12 10 15 18 1 12 10 1 12 10 15 18 1 12 10 15 18 1 1 1 1 1 100 1 12 9 12 10 15 18 1 1 12 10 12 10 1 100 1 1 1 1 12 10 12 10 1 1 1 12 10 12 10 1 1 1 12 10 12 10 12 10 1 1 12 10 1 1 1 12 10 12 10 15 18 1 1 1 1 1 1 1 12 10 12 10 15 18 1 1 1 1 12 10 12 10 1 1 1 1 12 10 1 1 1 12 10 1 1 12 10 12 10 15 18 1 1 1 1 12 10 1 12 10 15 18 12 10 1 12 10 1 1 1 12 10 15 18 1 12 10 12 10 1 1 12 10 1 12 10 15 18 1 1 1 12 10 1 12 10 1 12 10 12 10 15 18 12 10 15 18 12 10 15 18 1 1 1 12 10 1 1 1 12 10 12 10 1 1 12 10 1 12 10 1 1 1 12 10 12 10 15 18 12 10 1 12 10 12 10 1 12 10 1 1 12 10 12 10 1 12 10 1 1 1 1 12 10 15 18 12 10 15 18 12 10 1 12 10 1 1 12 10 15 18 1 1 1 1 12 10 1 1 1 12 10 12 10 1 1 1 1 12 10 12 10 12 10 1 12 10 1 1 1 12 10 12 10 15 18 12 10 15 18 1 12 10 12 10 1 12 10 12 10 12 10 1 1 1 1 1 12 10 15 18 12 10 15 18 1 12 10 15 18 1 1 1 12 10 1 12 10 1 12 10 1 7 1 12 9 1 12 10 1 1 1 100 1 1 12 10 15 1 12 18 1 1 1 1 1 1 1 1 1 1 1 1 1
instanceKlass org/yaml/lexer/YamlToken
ciInstanceKlass org/mulesoft/lexer/Token 1 1 35 1 7 1 7 1 1 1 1 1 1 1 1 12 9 1 1 12 9 1 12 10 1 1 1 12 10 1 1 1 1 1 1 1 1
ciInstanceKlass org/yaml/lexer/YamlToken 1 1 179 1 100 1 7 1 1 1 1 1 1 1 1 7 1 1 12 9 12 10 1 1 12 10 1 12 10 1 12 10 1 12 10 1 12 10 1 12 10 1 12 10 1 12 10 1 12 10 1 12 10 1 12 10 1 12 10 1 12 10 1 12 10 1 12 10 1 12 10 1 12 10 1 12 10 1 12 10 1 12 10 1 12 10 1 12 10 1 12 10 1 12 10 1 12 10 1 12 10 1 12 10 1 12 10 1 12 10 1 12 10 1 12 10 1 12 10 1 12 10 1 12 10 1 12 10 1 12 10 1 12 10 1 12 10 1 12 10 1 12 10 1 12 10 1 12 10 1 12 10 1 1 1 12 10 1 1 12 10 1 12 10 1 7 1 1 12 10 1 1 1 1 1 1 1 1 1 1 1
ciInstanceKlass org/mulesoft/common/client/lexical/SourceLocation 1 1 280 1 7 1 1 7 1 7 1 7 1 100 1 1 1 1 1 1 1 1 1 1 1 1 1 1 1 1 1 1 7 1 1 12 9 12 10 1 1 12 10 1 1 12 10 1 12 10 1 1 12 10 1 12 10 1 12 10 1 1 1 12 10 1 1 1 1 1 12 11 1 1 1 1 1 12 11 1 1 12 11 1 1 12 11 1 1 1 1 12 11 1 12 9 1 12 9 12 9 12 9 12 9 12 9 12 9 1 1 12 10 1 12 10 1 100 1 12 10 12 10 1 100 1 12 10 12 10 12 10 1 1 7 1 12 9 1 12 10 12 10 12 10 12 10 1 12 10 12 10 1 1 1 1 100 1 12 9 1 12 10 1 1 12 10 8 1 8 1 100 3 1 1 12 10 1 8 1 1 12 10 1 12 10 1 8 1 8 12 10 3 1 8 1 8 3 1 1 1 1 12 10 1 1 1 1 1 1 1 1 1 8 1 1 1 1 1 100 1 1 12 10 1 100 1 12 10 1 12 10 1 1 1 1 100 1 12 9 1 1 12 10 1 1 3 1 100 1 12 10 1 12 10 1 12 10 12 10 12 10 1 12 10 1 1 12 11 1 12 11 1 1 1 1 1 1 1 1 1 1
ciInstanceKlass org/yaml/parser/YamlLoader 1 1 433 1 7 1 7 1 7 1 1 1 1 1 100 1 1 100 1 1 7 1 1 100 1 1 100 1 1 7 1 1 7 1 1 7 1 1 7 1 1 7 1 1 7 1 1 100 1 1 7 1 1 7 1 1 1 1 1 1 1 1 1 1 1 1 1 1 1 1 1 1 1 1 1 1 12 11 1 1 1 1 1 12 9 1 1 12 10 1 12 9 1 12 9 1 12 9 1 12 9 1 1 12 9 1 1 1 12 10 1 12 10 12 9 1 1 1 12 10 1 1 12 10 1 1 12 10 1 1 12 10 12 10 1 7 1 1 12 10 1 7 1 1 12 9 1 1 12 10 1 1 12 10 1 12 10 1 12 10 1 7 1 12 9 1 12 10 1 1 12 10 1 7 1 1 12 10 1 7 1 100 1 12 10 1 12 10 1 1 1 1 1 1 12 10 1 7 1 1 12 10 1 1 12 10 1 12 10 10 1 7 1 1 12 9 1 12 10 10 1 12 10 1 1 12 10 1 12 10 1 12 10 10 1 12 10 10 1 12 10 10 1 12 10 10 1 12 10 10 1 12 10 10 1 12 10 10 1 12 10 10 1 12 10 1 12 10 1 12 10 1 12 10 1 12 10 1 12 10 1 12 10 1 12 10 1 12 10 1 12 10 1 12 10 1 12 10 1 12 10 1 1 12 10 1 1 12 10 1 12 10 1 8 1 12 10 1 8 1 12 10 1 1 12 10 1 12 10 1 12 10 1 12 10 1 12 10 1 12 10 1 12 10 1 12 10 1 12 10 1 12 10 1 12 10 1 12 10 1 12 10 1 12 10 1 12 10 12 10 1 1 12 10 1 100 1 12 10 1 100 1 12 10 1 100 1 12 9 1 1 12 10 1 12 10 1 100 1 1 12 11 1 12 10 10 1 100 1 12 10 1 1 12 11 1 7 1 12 9 1 12 10 10 1 1 1 1 1 1 1 1 1 1 1
instanceKlass org/yaml/parser/YamlLoader$TagBuilder
instanceKlass org/yaml/parser/YamlLoader$AnchorBuilder
instanceKlass org/yaml/parser/YamlLoader$AliasBuilder
instanceKlass org/yaml/parser/YamlLoader$CommentBuilder
instanceKlass org/yaml/parser/YamlLoader$DirectiveBuilder
instanceKlass org/yaml/parser/YamlLoader$MapBuilder
instanceKlass org/yaml/parser/YamlLoader$PairBuilder
instanceKlass org/yaml/parser/YamlLoader$SeqBuilder
instanceKlass org/yaml/parser/YamlLoader$ScalarBuilder
instanceKlass org/yaml/parser/YamlLoader$NodeBuilder
instanceKlass org/yaml/parser/YamlLoader$DocBuilder
ciInstanceKlass org/yaml/parser/YamlLoader$YamlBuilder 1 1 345 1 7 1 7 1 1 100 1 100 1 1 7 1 1 1 1 1 1 1 1 1 1 1 1 1 1 1 1 1 1 1 1 1 1 1 1 1 12 9 1 1 1 1 12 9 1 12 9 1 12 9 1 12 9 1 1 1 12 9 1 1 12 9 1 1 1 1 12 9 1 1 1 1 12 9 1 1 1 12 9 1 1 1 1 1 1 1 1 1 12 10 1 1 12 10 1 1 12 10 1 7 1 1 12 10 1 7 1 1 12 10 1 12 10 1 1 12 10 1 12 10 1 1 1 1 1 12 10 12 10 1 7 10 12 10 1 100 1 1 12 10 1 100 1 1 12 9 1 12 10 1 1 12 10 1 1 12 10 1 1 100 1 1 1 1 12 9 1 100 1 12 9 1 12 10 1 1 12 10 1 1 12 10 12 10 12 10 1 12 10 1 1 1 12 10 1 12 10 12 10 1 7 1 12 9 1 7 1 1 12 10 1 1 12 10 1 7 1 1 1 7 1 12 10 1 7 1 12 9 1 1 12 10 1 12 10 10 1 1 1 1 1 12 10 1 12 10 1 7 1 1 12 10 1 100 1 12 9 1 1 12 10 12 10 1 7 1 12 10 1 12 10 1 1 12 10 1 1 12 10 1 1 1 100 1 100 1 1 1 1 7 1 12 9 1 7 1 1 12 10 1 12 10 1 100 1 12 9 1 12 10 1 12 10 1 7 1 1 12 10 12 9 1 12 10 10 10 1 7 1 12 9 1 8 1 1 1 1 1 1 1 1 1 1
ciInstanceKlass org/yaml/parser/YamlLoader$DocBuilder 0 0 83 1 100 1 100 1 1 100 1 1 1 100 1 1 1 1 1 12 10 1 100 1 1 12 10 1 100 1 1 12 9 1 1 12 10 1 100 1 1 12 10 1 1 12 10 1 1 12 10 1 1 1 1 12 9 1 1 1 12 10 1 12 10 1 12 10 1 1 12 10 1 100 1 12 11 1 1 1 1 1 1 1 1
ciInstanceKlass org/yaml/parser/YamlLoader$NodeBuilder 1 1 274 1 7 1 7 1 1 100 1 100 1 1 100 1 100 1 1 100 1 1 7 1 1 1 7 1 1 100 1 100 1 1 1 1 1 12 10 1 1 12 10 1 7 1 7 1 1 12 9 1 1 12 10 1 1 12 10 1 1 12 10 1 1 12 10 1 1 12 10 1 1 12 10 1 16 1 1 12 10 15 1 16 3 3 1 7 1 7 1 1 12 10 15 1 1 12 18 1 100 1 1 12 11 1 7 1 1 12 10 1 12 10 1 12 10 1 1 12 10 1 7 1 12 10 1 7 1 1 12 10 1 1 12 10 1 12 10 1 7 1 1 12 10 1 12 10 1 16 1 1 12 10 15 1 16 1 12 18 1 7 1 1 12 10 1 1 12 10 1 1 1 1 1 1 1 1 100 1 100 1 100 1 1 12 9 1 1 1 1 12 10 1 100 1 100 1 12 9 1 1 12 10 1 12 10 1 100 1 1 12 11 1 100 1 12 9 1 12 10 1 1 1 12 9 1 100 1 12 10 1 12 10 1 1 12 10 1 1 12 11 1 1 1 1 12 10 1 12 10 1 12 10 1 1 1 100 1 1 12 10 15 1 12 18 1 1 1 1 1 1 1 1 1 1
ciInstanceKlass org/yaml/parser/YamlLoader$ScalarBuilder 1 1 199 1 7 1 7 1 1 7 1 1 1 7 1 1 1 1 1 1 12 9 1 1 1 12 9 1 1 1 1 1 12 10 1 7 1 1 12 9 1 7 1 1 12 10 1 7 1 12 9 1 1 12 10 1 1 12 10 1 7 1 1 12 10 1 1 12 10 12 10 12 10 1 100 1 1 1 1 7 1 12 9 12 10 1 7 1 1 12 10 1 1 100 1 1 12 10 1 1 12 10 1 7 1 12 9 1 1 12 10 1 1 12 10 1 1 12 10 1 7 1 7 1 1 12 10 1 7 1 12 9 1 1 12 10 1 7 1 1 12 10 1 1 12 10 1 1 12 10 1 1 12 10 10 1 1 12 10 1 1 1 1 1 1 1 1 1 100 1 1 12 9 1 1 1 1 12 10 1 12 10 1 12 10 1 1 12 10 12 10 1 1 1 1 1 1 1 1 1 1
ciInstanceKlass org/yaml/parser/YamlLoader$SeqBuilder 1 1 97 1 7 1 7 1 1 7 1 1 1 7 1 1 1 1 7 1 1 12 9 1 1 12 10 1 7 1 12 9 1 1 12 10 1 7 1 1 12 10 1 1 12 10 1 1 12 10 1 1 12 10 1 1 12 10 1 7 1 12 9 1 1 12 10 1 1 12 10 1 1 1 1 1 1 12 9 1 1 1 1 12 10 1 12 10 1 12 10 1 1 1 1 1 1 1 1
ciInstanceKlass org/yaml/parser/YamlLoader$PairBuilder 1 1 78 1 7 1 7 1 1 7 1 1 1 7 1 1 1 1 1 12 10 1 7 1 1 12 9 1 1 12 10 1 7 1 12 9 1 1 12 10 1 7 1 1 12 10 1 1 12 10 1 1 12 10 1 1 1 1 12 9 1 1 1 1 12 10 1 12 10 1 12 10 1 1 1 1 1 1 1 1
ciInstanceKlass org/yaml/parser/YamlLoader$MapBuilder 1 1 107 1 7 1 7 1 1 7 1 1 1 7 1 1 1 1 1 12 10 1 1 12 10 1 1 12 10 1 1 12 10 1 7 1 1 12 9 1 1 12 10 1 7 1 12 9 1 7 1 1 12 10 1 1 12 10 1 1 12 10 1 1 12 10 1 7 1 12 9 1 1 12 10 1 1 12 10 1 1 1 1 1 1 1 1 12 9 1 1 1 1 12 10 1 12 10 1 12 10 1 1 1 1 1 1 1 1
ciInstanceKlass org/yaml/parser/YamlLoader$DirectiveBuilder 0 0 171 1 100 1 100 1 1 100 1 1 100 1 1 100 1 1 100 1 100 1 1 1 1 1 1 12 9 1 1 1 1 1 12 10 1 1 12 10 1 100 1 1 12 10 12 10 1 1 12 10 1 100 1 1 12 10 1 12 10 1 1 1 12 10 1 100 1 1 12 9 1 100 1 1 12 10 1 1 12 10 1 12 10 1 1 12 10 1 1 12 10 1 100 1 12 9 1 1 12 10 1 100 1 12 10 1 100 1 100 1 12 9 1 1 12 10 1 1 12 11 1 1 12 10 1 1 12 10 1 12 10 1 1 12 10 1 1 1 1 12 9 1 1 1 12 10 1 12 10 1 12 10 1 100 1 12 9 1 1 12 10 1 1 1 1 1 1 1 1 1 1
ciInstanceKlass org/yaml/parser/YamlLoader$CommentBuilder 1 1 80 1 7 1 7 1 1 7 1 1 1 7 1 1 1 1 12 10 1 1 12 10 1 7 1 1 12 9 1 1 12 10 1 7 1 1 12 10 1 1 12 10 1 1 12 10 1 1 12 10 1 1 12 10 1 1 1 1 12 9 1 1 1 1 12 10 1 12 10 1 12 10 1 1 1 1 1 1 1 1
ciInstanceKlass org/yaml/parser/YamlLoader$AliasBuilder 0 0 90 1 100 1 100 1 1 100 1 1 1 100 1 1 1 1 1 12 10 1 100 1 1 12 10 1 12 10 1 1 12 10 1 100 1 1 12 9 1 1 12 10 1 1 12 10 1 1 12 10 1 1 12 10 1 1 12 10 1 1 12 10 1 1 1 1 1 1 12 9 1 1 1 1 12 10 1 12 10 1 12 10 1 1 1 1 1 1 1 1
ciInstanceKlass org/yaml/parser/YamlLoader$AnchorBuilder 0 0 95 1 100 1 100 1 1 100 1 1 1 100 1 1 1 1 12 10 1 100 1 1 12 9 1 1 12 10 1 100 1 1 12 10 1 1 12 10 1 1 12 10 1 1 12 10 1 1 12 10 1 1 12 10 1 1 12 10 1 100 1 1 12 10 1 1 12 10 1 1 1 1 1 1 12 9 1 1 1 12 10 1 12 10 1 12 10 1 1 1 1 1 1 1 1
ciInstanceKlass org/yaml/parser/YamlLoader$TagBuilder 0 0 117 1 100 1 100 1 1 100 1 100 1 1 1 1 100 1 1 1 1 1 12 10 1 1 12 10 1 1 12 10 1 100 1 1 12 10 1 100 1 1 12 10 1 1 1 1 12 10 1 100 1 1 12 9 1 1 12 10 1 1 12 10 1 1 12 10 1 1 12 10 1 1 12 10 1 1 12 10 1 1 12 10 1 100 1 1 12 9 1 1 1 100 1 1 12 9 1 1 1 1 12 10 1 12 10 1 12 10 1 1 1 1 1 1 1 1 1
ciInstanceKlass org/yaml/model/LexerException 0 0 149 1 100 1 100 1 100 1 100 1 1 1 1 1 1 1 1 1 1 1 100 1 1 12 9 12 10 1 1 1 1 12 10 1 12 10 1 1 12 10 1 1 1 12 10 1 1 12 10 1 12 9 1 1 12 9 1 1 1 12 10 1 12 10 1 12 10 1 1 8 1 1 1 1 1 1 100 1 100 1 1 12 10 1 12 10 1 1 1 1 1 100 1 12 9 1 1 12 10 1 1 1 1 1 1 12 10 1 1 100 12 10 12 10 1 100 1 100 1 100 3 1 12 10 1 8 1 1 12 10 1 8 12 10 10 1 1 12 11 1 1 1 1 1 1 1 1 1 1
ciInstanceKlass org/yaml/lexer/YamlToken$ 1 1 361 1 7 1 7 1 1 100 1 100 1 1 1 1 1 1 1 1 1 1 1 1 1 1 1 1 1 1 1 1 1 1 1 1 1 1 1 1 1 1 1 1 1 1 1 1 1 1 1 1 1 1 1 1 1 1 1 1 1 1 1 1 1 12 10 1 1 12 9 1 1 12 9 12 9 12 9 12 9 12 9 12 9 12 9 12 9 12 9 12 9 12 9 12 9 12 9 12 9 12 9 12 9 12 9 12 9 12 9 12 9 12 9 12 9 12 9 12 9 12 9 12 9 12 9 12 9 12 9 12 9 12 9 12 9 12 9 12 9 12 9 12 9 12 9 12 9 12 9 12 9 12 9 12 9 12 9 1 1 1 12 10 1 16 1 1 12 10 15 1 16 3 3 1 100 1 100 1 1 12 10 15 1 12 18 1 7 1 1 12 10 1 7 1 1 1 100 1 12 9 1 1 12 10 10 12 9 10 8 1 8 1 12 10 8 1 8 8 1 8 8 1 8 8 1 8 8 1 8 8 1 8 8 1 8 1 8 1 8 8 1 8 8 1 8 8 1 8 8 1 8 8 1 8 8 1 8 8 1 8 8 1 8 8 1 8 8 1 8 8 1 8 8 1 8 8 1 8 8 1 8 8 1 8 8 1 8 8 1 8 8 1 8 8 1 8 8 1 8 8 1 8 8 1 8 8 1 8 8 1 8 8 1 8 8 1 8 8 1 8 8 1 8 8 1 8 8 1 8 8 1 8 8 8 1 8 8 1 8 1 1 1 100 1 1 12 10 15 1 12 18 1 1 1 1 1 1 1 1 1 1
ciInstanceKlass org/mulesoft/lexer/TokenData 1 1 138 1 7 1 1 7 1 7 1 100 1 1 1 1 1 1 1 1 1 1 1 1 1 1 100 1 1 12 9 12 10 1 1 1 12 10 1 1 12 9 1 1 1 12 9 1 1 1 1 12 10 1 100 1 1 12 10 1 1 1 12 10 1 1 12 10 1 1 1 1 1 8 1 1 1 1 1 1 100 1 100 1 1 12 10 1 12 10 1 1 1 1 1 100 1 12 9 1 1 12 10 1 1 1 1 1 1 12 10 1 1 12 10 1 12 10 12 10 1 100 1 1 12 10 1 1 12 11 1 1 1 1 1 1 1 1 1 1
ciInstanceKlass org/yaml/parser/YamlLoader$Stack 1 1 96 1 7 1 7 1 1 7 1 1 7 1 1 7 1 1 1 1 1 1 1 1 12 9 1 1 1 1 1 1 1 1 1 12 10 1 7 1 1 12 10 12 10 1 1 1 1 1 12 10 1 12 10 1 1 1 1 12 9 1 1 1 12 10 1 7 1 1 12 10 1 1 12 10 1 12 10 1 7 1 1 12 9 1 12 10 1 1 1 1 1 1 1 1 1 1
ciInstanceKlass org/yaml/parser/YamlLoader$YamlBuilder$ 1 1 46 1 7 1 7 1 1 7 1 1 1 1 1 12 9 1 1 12 10 1 7 1 1 12 10 1 7 1 12 10 1 1 1 1 1 12 10 1 1 1 1 1 1 1 1 1
ciInstanceKlass org/mulesoft/lexer/AstToken 0 0 177 1 100 1 100 1 100 1 100 1 1 1 1 1 100 1 100 1 1 1 1 1 1 1 1 1 1 1 1 100 1 1 12 9 12 10 1 1 12 10 1 1 1 12 10 1 1 12 10 1 12 9 1 1 1 12 9 1 12 9 1 1 100 3 1 1 12 10 12 10 1 1 12 10 1 8 1 12 10 1 12 9 1 100 1 12 9 12 10 1 1 12 10 1 12 10 1 8 12 10 1 1 12 10 1 1 1 12 10 1 1 8 1 1 1 1 1 1 100 1 100 1 12 10 1 12 10 1 1 1 1 1 100 1 12 9 1 1 12 10 1 1 1 1 1 1 12 10 1 12 10 12 10 1 100 1 100 1 100 1 12 10 1 1 12 11 1 1 1 1 1 1 1 1 1 1 1
ciInstanceKlass org/yaml/model/ScalarMark 1 1 43 1 100 1 100 1 1 1 1 1 1 1 1 100 1 1 12 9 12 10 1 1 1 1 1 1 1 1 12 11 1 1 1 1 1 1 1 1 1 1 1 1 1
ciInstanceKlass org/yaml/model/UnknownMark$ 1 1 40 1 7 1 7 1 7 1 1 1 1 1 1 12 10 1 1 1 1 1 12 11 1 1 1 1 10 12 9 1 1 12 11 1 1 1 1 1 1 1
ciInstanceKlass org/yaml/model/NoMark$ 1 1 40 1 7 1 7 1 7 1 1 1 1 1 1 12 10 1 1 1 1 1 12 11 1 1 1 1 10 12 9 1 1 12 11 1 1 1 1 1 1 1
ciInstanceKlass org/yaml/model/YTag 1 1 103 1 7 1 7 1 1 1 1 1 1 1 1 1 1 1 1 1 1 100 1 1 12 9 12 10 1 12 10 1 1 1 12 10 1 12 9 1 1 1 12 9 1 1 12 10 12 9 1 1 12 10 1 1 12 10 1 1 12 10 1 100 12 10 1 12 10 1 100 1 1 12 10 1 1 100 1 12 9 1 12 10 1 1 12 10 1 1 1 1 12 10 1 1 1 1 1 1 1 1 1 1 1
ciMethodData java/lang/Object <init> ()V 2 607912 orig 80 1 0 0 0 0 0 0 0 0 0 0 0 0 0 0 0 0 0 0 0 0 0 0 0 0 0 0 0 0 0 0 0 0 0 0 0 0 0 0 0 0 0 0 0 0 0 0 0 0 0 0 0 0 0 0 0 0 0 0 0 0 0 0 0 0 0 0 0 0 0 0 0 0 0 0 0 0 0 0 0 data 4 0x0 0x9 0x1 0x0 oops 0 methods 0
ciMethodData java/lang/String coder ()B 2 1097702 orig 80 0 0 0 0 0 0 0 0 0 0 0 0 0 0 0 0 0 0 0 0 0 0 0 0 0 0 0 0 0 0 0 0 0 0 0 0 0 0 0 0 0 0 0 0 0 0 0 0 0 0 0 0 0 0 0 0 0 0 0 0 0 0 0 0 0 0 0 0 0 0 0 0 0 0 0 0 0 0 0 0 data 14 0x30007 0x0 0x38 0x10bdef 0xa0003 0x10bdef 0x18 0x0 0x0 0x0 0x0 0x9 0x1 0x0 oops 0 methods 0
ciMethodData java/lang/String length ()I 2 384249 orig 80 0 0 0 0 0 0 0 0 0 0 0 0 0 0 0 0 0 0 0 0 0 0 0 0 0 0 0 0 0 0 0 0 0 0 0 0 0 0 0 0 0 0 0 0 0 0 0 0 0 0 0 0 0 0 0 0 0 0 0 0 0 0 0 0 0 0 0 0 0 0 0 0 0 0 0 0 0 0 0 0 data 16 0x60005 0x5dafb 0x0 0x0 0x0 0x0 0x0 0x0 0x0 0x0 0x0 0x0 0x0 0x9 0x1 0x0 oops 0 methods 0
ciMethodData java/lang/AbstractStringBuilder <init> (I)V 2 5290 orig 80 0 0 0 0 0 0 0 0 0 0 0 0 75 2 0 0 0 0 0 0 0 0 0 0 0 0 0 0 0 0 0 0 0 0 0 0 0 0 0 0 0 0 0 0 0 0 0 0 0 0 0 0 0 0 0 0 0 0 0 0 0 0 0 0 0 0 0 0 0 0 0 0 0 0 0 0 0 0 0 0 data 21 0x10002 0x141f 0x70007 0x0 0x38 0x141f 0x160003 0x141f 0x28 0x1b0002 0x0 0x0 0x0 0x0 0x0 0x0 0x0 0x9 0x2 0xc 0x0 oops 0 methods 0
ciMethodData java/lang/StringBuilder append (Ljava/lang/String;)Ljava/lang/StringBuilder; 2 126417 orig 80 1 0 0 0 0 0 0 0 0 0 0 0 75 2 0 0 0 0 0 0 0 0 0 0 0 0 0 0 0 0 0 0 0 0 0 0 0 0 0 0 0 0 0 0 0 0 0 0 0 0 0 0 0 0 0 0 0 0 0 0 0 0 0 0 0 0 0 0 0 0 0 0 0 0 0 0 0 0 0 0 data 9 0x20002 0x1ecec 0x0 0x0 0x0 0x9 0x2 0xffffffffffffffff 0x0 oops 0 methods 0
ciMethodData java/lang/AbstractStringBuilder append (Ljava/lang/String;)Ljava/lang/AbstractStringBuilder; 2 6544 orig 80 0 0 0 0 0 0 0 0 0 0 0 0 75 2 0 0 0 0 0 0 0 0 0 0 0 0 0 0 0 0 0 0 0 0 0 0 0 0 0 1 0 0 0 0 0 0 0 0 0 0 0 0 0 0 0 0 0 0 0 0 0 0 0 0 0 0 0 0 0 0 0 0 0 0 0 0 0 0 0 0 data 42 0x8000000600010007 0x18ab 0x58 0x1 0x50005 0x1 0x0 0x0 0x0 0x0 0x0 0xa0005 0x18ab 0x0 0x0 0x0 0x0 0x0 0x150005 0x18ab 0x0 0x0 0x0 0x0 0x0 0x1e0005 0x18ab 0x0 0x0 0x0 0x0 0x0 0x0 0x0 0x0 0x0 0x0 0x0 0x9 0x2 0xffffffffffffffff 0x0 oops 0 methods 0
ciMethodData java/lang/String valueOf (Ljava/lang/Object;)Ljava/lang/String; 2 2104 orig 80 0 0 0 0 0 0 0 0 0 0 0 0 75 2 0 0 0 0 0 0 0 0 0 0 0 0 0 0 0 0 0 0 0 0 0 0 0 0 0 0 0 0 0 0 0 0 0 0 0 0 0 0 0 0 0 0 0 0 0 0 0 0 0 0 0 0 0 0 0 0 0 0 0 0 0 0 0 0 0 0 data 23 0x10007 0x7ad 0x38 0x8a 0x70003 0x8a 0x50 0xb0005 0x13a 0x0 0x24b10013b60 0x671 0x24b11d07320 0x2 0x0 0x0 0x0 0x0 0x0 0x0 0x9 0x1 0xffffffffffffffff oops 2 10 java/lang/String 12 java/net/URI methods 0
ciMethodData java/lang/Object equals (Ljava/lang/Object;)Z 2 155446 orig 80 0 0 0 0 0 0 0 0 0 0 0 0 75 2 0 0 0 0 0 0 0 0 0 0 0 0 0 0 0 0 0 0 0 0 0 0 0 0 0 0 0 0 0 0 0 0 0 0 0 0 0 0 0 0 0 0 0 0 0 0 0 0 0 0 0 0 0 0 0 0 0 0 0 0 0 0 0 0 0 0 data 17 0x20007 0x2266b 0x38 0x3747 0x60003 0x3747 0x18 0x0 0x0 0x0 0x0 0x0 0x0 0x9 0x2 0x0 0x0 oops 0 methods 0
ciMethodData java/lang/StringBuilder <init> (I)V 2 7409 orig 80 0 0 0 0 0 0 0 0 0 0 0 0 75 2 0 0 0 0 0 0 0 0 0 0 0 0 0 0 0 0 0 0 0 0 0 0 0 0 0 0 0 0 0 0 0 0 0 0 0 0 0 0 0 0 0 0 0 0 0 0 0 0 0 0 0 0 0 0 0 0 0 0 0 0 0 0 0 0 0 0 data 8 0x20002 0x1be9 0x0 0x0 0x9 0x2 0x0 0x0 oops 0 methods 0
ciMethod scala/Product $init$ (Lscala/Product;)V 814 0 65407 0 64
ciMethod scala/collection/TraversableOnce nonEmpty$ (Lscala/collection/TraversableOnce;)Z 514 0 6546 0 0
ciMethod scala/collection/TraversableOnce nonEmpty ()Z 514 0 6546 0 0
ciMethod scala/collection/GenTraversableOnce $init$ (Lscala/collection/GenTraversableOnce;)V 560 0 17850 0 0
ciMethod scala/collection/TraversableOnce isEmpty ()Z 0 0 1 0 -1
ciMethod scala/collection/TraversableOnce $init$ (Lscala/collection/TraversableOnce;)V 672 0 17850 0 0
ciMethod scala/collection/Parallelizable $init$ (Lscala/collection/Parallelizable;)V 748 0 17838 0 0
ciMethod scala/collection/TraversableLike $init$ (Lscala/collection/TraversableLike;)V 894 0 17838 0 0
ciMethod scala/collection/generic/GenericTraversableTemplate $init$ (Lscala/collection/generic/GenericTraversableTemplate;)V 788 0 15946 0 0
ciMethod scala/collection/GenTraversable $init$ (Lscala/collection/GenTraversable;)V 788 0 15946 0 0
ciMethod scala/collection/Traversable $init$ (Lscala/collection/Traversable;)V 788 0 15946 0 0
ciMethod scala/collection/immutable/Traversable $init$ (Lscala/collection/immutable/Traversable;)V 770 0 18162 0 64
ciMethod scala/collection/GenIterable $init$ (Lscala/collection/GenIterable;)V 788 0 26710 0 0
ciMethod scala/collection/IterableLike $init$ (Lscala/collection/IterableLike;)V 894 0 28602 0 0
ciMethod scala/collection/Iterable $init$ (Lscala/collection/Iterable;)V 788 0 26710 0 0
ciMethod scala/collection/immutable/Iterable $init$ (Lscala/collection/immutable/Iterable;)V 770 0 18162 0 64
ciMethod scala/PartialFunction $init$ (Lscala/PartialFunction;)V 860 0 26686 0 64
ciMethod scala/collection/GenSeqLike $init$ (Lscala/collection/GenSeqLike;)V 878 0 27433 0 64
ciMethod scala/collection/GenSeq $init$ (Lscala/collection/GenSeq;)V 772 0 25637 0 0
ciMethod scala/collection/SeqLike $init$ (Lscala/collection/SeqLike;)V 878 0 27529 0 0
ciMethod scala/collection/Seq $init$ (Lscala/collection/Seq;)V 772 0 25637 0 0
ciMethod scala/collection/immutable/Seq $init$ (Lscala/collection/immutable/Seq;)V 772 0 17664 0 0
ciMethod scala/collection/LinearSeqLike $init$ (Lscala/collection/LinearSeqLike;)V 770 0 4752 0 0
ciMethod scala/collection/LinearSeq $init$ (Lscala/collection/LinearSeq;)V 770 0 4752 0 0
ciMethod scala/collection/immutable/LinearSeq $init$ (Lscala/collection/immutable/LinearSeq;)V 770 0 4752 0 0
ciMethod scala/collection/LinearSeqOptimized $init$ (Lscala/collection/LinearSeqOptimized;)V 770 0 4752 0 0
ciMethod scala/collection/immutable/List head ()Ljava/lang/Object; 0 0 1 0 -1
ciMethod scala/collection/immutable/List $colon$colon (Ljava/lang/Object;)Lscala/collection/immutable/List; 774 0 3567 0 0
ciMethod scala/collection/immutable/List <init> ()V 770 0 4752 0 0
ciMethod scala/collection/AbstractSeq <init> ()V 772 0 25636 0 64
ciMethod scala/collection/AbstractIterable <init> ()V 768 0 26709 0 0
ciMethod scala/collection/AbstractTraversable nonEmpty ()Z 514 0 4924 0 0
ciMethod scala/collection/AbstractTraversable <init> ()V 768 0 15946 0 64
ciMethod scala/collection/immutable/$colon$colon head ()Ljava/lang/Object; 290 0 145 0 0
ciMethod scala/collection/immutable/$colon$colon <init> (Ljava/lang/Object;Lscala/collection/immutable/List;)V 1014 0 4751 0 0
ciMethod scala/collection/mutable/Traversable $init$ (Lscala/collection/mutable/Traversable;)V 528 0 8258 0 0
ciMethod scala/collection/mutable/Iterable $init$ (Lscala/collection/mutable/Iterable;)V 604 0 8258 0 0
ciMethod scala/collection/generic/Subtractable $init$ (Lscala/collection/generic/Subtractable;)V 522 0 4972 0 64
ciMethod scala/collection/generic/Growable $init$ (Lscala/collection/generic/Growable;)V 512 0 6359 0 64
ciMethod scala/collection/mutable/Builder $init$ (Lscala/collection/mutable/Builder;)V 512 0 6375 0 64
ciMethod scala/collection/generic/Shrinkable $init$ (Lscala/collection/generic/Shrinkable;)V 1024 0 4422 0 0
ciMethod scala/collection/mutable/Cloneable $init$ (Lscala/collection/mutable/Cloneable;)V 1024 0 8258 0 0
ciMethod scala/collection/CustomParallelizable $init$ (Lscala/collection/CustomParallelizable;)V 512 0 18060 0 64
ciMethod scala/collection/mutable/SeqLike $init$ (Lscala/collection/mutable/SeqLike;)V 1024 0 8114 0 0
ciMethod scala/collection/mutable/Seq $init$ (Lscala/collection/mutable/Seq;)V 1024 0 8114 0 0
ciMethod scala/collection/mutable/BufferLike $init$ (Lscala/collection/mutable/BufferLike;)V 1024 0 4279 0 0
ciMethod scala/collection/mutable/Buffer $init$ (Lscala/collection/mutable/Buffer;)V 1024 0 4279 0 0
ciMethod scala/collection/mutable/AbstractBuffer <init> ()V 1024 0 4278 0 0
ciMethod scala/collection/mutable/AbstractSeq <init> ()V 1024 0 8113 0 0
ciMethod scala/collection/IndexedSeqLike $init$ (Lscala/collection/IndexedSeqLike;)V 512 0 21643 0 64
ciMethod scala/collection/IndexedSeq $init$ (Lscala/collection/IndexedSeq;)V 582 0 20772 0 64
ciMethod scala/collection/mutable/IndexedSeqLike $init$ (Lscala/collection/mutable/IndexedSeqLike;)V 770 0 7925 0 64
ciMethod scala/collection/mutable/IndexedSeq $init$ (Lscala/collection/mutable/IndexedSeq;)V 780 0 7851 0 64
ciMethod scala/collection/IndexedSeqOptimized isEmpty$ (Lscala/collection/IndexedSeqOptimized;)Z 1024 0 9628 0 0
ciMethod scala/collection/IndexedSeqOptimized isEmpty ()Z 1024 0 9628 0 0
ciMethod scala/collection/IndexedSeqOptimized $init$ (Lscala/collection/IndexedSeqOptimized;)V 512 0 8651 0 64
ciMethod scala/collection/IndexedSeqOptimized length ()I 0 0 1 0 -1
ciMethod scala/math/package$ max (II)I 1024 0 4221 0 0
ciMethod scala/math/Ordered $init$ (Lscala/math/Ordered;)V 518 0 30160 0 64
ciMethod scala/collection/immutable/StringLike $init$ (Lscala/collection/immutable/StringLike;)V 724 0 4485 0 0
ciMethod scala/collection/mutable/ResizableArray initialSize ()I 0 0 1 0 -1
ciMethod scala/collection/mutable/ResizableArray array_$eq ([Ljava/lang/Object;)V 0 0 1 0 -1
ciMethod scala/collection/mutable/ResizableArray size0 ()I 0 0 1 0 -1
ciMethod scala/collection/mutable/ResizableArray size0_$eq (I)V 0 0 1 0 -1
ciMethod scala/collection/mutable/ResizableArray length$ (Lscala/collection/mutable/ResizableArray;)I 790 0 19471 0 0
ciMethod scala/collection/mutable/ResizableArray length ()I 792 0 19471 0 0
ciMethod scala/collection/mutable/ResizableArray $init$ (Lscala/collection/mutable/ResizableArray;)V 1024 0 4152 0 0
ciMethod scala/collection/mutable/ArrayBuffer length ()I 790 0 19471 0 64
ciMethod scala/collection/mutable/ArrayBuffer isEmpty ()Z 1024 0 5965 0 0
ciMethod scala/collection/mutable/ArrayBuffer array_$eq ([Ljava/lang/Object;)V 308 0 154 0 0
ciMethod scala/collection/mutable/ArrayBuffer size0 ()I 256 0 128 0 0
ciMethod scala/collection/mutable/ArrayBuffer size0_$eq (I)V 260 0 130 0 0
ciMethod scala/collection/mutable/ArrayBuffer initialSize ()I 304 0 152 0 0
ciMethod scala/collection/mutable/ArrayBuffer $plus$eq (Ljava/lang/Object;)Lscala/collection/mutable/ArrayBuffer; 3874 0 9371 0 -1
ciMethod scala/collection/mutable/ArrayBuffer <init> (I)V 1024 0 4152 0 0
ciMethod scala/collection/mutable/ArrayBuffer <init> ()V 1024 0 4107 0 0
ciMethod scala/collection/mutable/StringBuilder underlying ()Ljava/lang/StringBuilder; 256 0 128 0 -1
ciMethod scala/collection/mutable/StringBuilder clear ()V 0 0 1 0 -1
ciMethod scala/collection/mutable/StringBuilder append (Ljava/lang/Object;)Lscala/collection/mutable/StringBuilder; 94 0 688 0 -1
ciMethod scala/collection/mutable/StringBuilder <init> (Ljava/lang/StringBuilder;)V 1024 0 2620 0 0
ciMethod scala/collection/mutable/StringBuilder <init> (ILjava/lang/String;)V 1024 0 2620 0 0
ciMethod scala/collection/mutable/StringBuilder <init> ()V 1024 0 2462 0 0
ciMethodData scala/collection/GenTraversableOnce $init$ (Lscala/collection/GenTraversableOnce;)V 2 17850 orig 80 0 0 0 0 0 0 0 0 0 0 0 0 75 2 0 0 0 0 0 0 0 0 0 0 0 0 0 0 0 0 0 0 0 0 0 0 0 0 0 0 0 0 0 0 0 0 0 0 0 0 0 0 0 0 0 0 0 0 0 0 0 0 0 0 0 0 0 0 0 0 0 0 0 0 0 0 0 0 0 0 data 4 0x0 0x9 0x1 0x0 oops 0 methods 0
ciMethodData scala/collection/TraversableOnce $init$ (Lscala/collection/TraversableOnce;)V 2 17850 orig 80 0 0 0 0 0 0 0 0 0 0 0 0 75 2 0 0 0 0 0 0 0 0 0 0 0 0 0 0 0 0 0 0 0 0 0 0 0 0 0 0 0 0 0 0 0 0 0 0 0 0 0 0 0 0 0 0 0 0 0 0 0 0 0 0 0 0 0 0 0 0 0 0 0 0 0 0 0 0 0 0 data 4 0x0 0x9 0x1 0x0 oops 0 methods 0
ciMethodData scala/collection/Parallelizable $init$ (Lscala/collection/Parallelizable;)V 2 17840 orig 80 0 0 0 0 0 0 0 0 0 0 0 0 75 2 0 0 0 0 0 0 0 0 0 0 0 0 0 0 0 0 0 0 0 0 0 0 0 0 0 0 0 0 0 0 0 0 0 0 0 0 0 0 0 0 0 0 0 0 0 0 0 0 0 0 0 0 0 0 0 0 0 0 0 0 0 0 0 0 0 0 data 4 0x0 0x9 0x1 0x0 oops 0 methods 0
ciMethodData scala/Product $init$ (Lscala/Product;)V 2 65407 orig 80 0 0 0 0 0 0 0 0 0 0 0 0 75 2 0 0 0 0 0 0 0 0 0 0 0 0 0 0 0 0 0 0 0 0 0 0 0 0 0 0 0 0 0 0 0 0 0 0 0 0 0 0 0 0 0 0 0 0 0 0 0 0 0 0 0 0 0 0 0 0 0 0 0 0 0 0 0 0 0 0 data 4 0x0 0x9 0x1 0x0 oops 0 methods 0
ciMethodData scala/collection/AbstractIterable <init> ()V 2 26709 orig 80 0 0 0 0 0 0 0 0 0 0 0 0 75 2 0 0 0 0 0 0 0 0 0 0 0 0 0 0 0 0 0 0 0 0 0 0 0 0 0 0 0 0 0 0 0 0 0 0 0 0 0 0 0 0 0 0 0 0 0 0 0 0 0 0 0 0 0 0 0 0 0 0 0 0 0 0 0 0 0 0 data 17 0x10002 0x66d6 0x50002 0x66d6 0x90002 0x66d6 0xd0002 0x66d6 0x0 0x0 0x0 0x0 0x0 0x0 0x9 0x1 0xffffffffffffffff oops 0 methods 0
ciMethodData scala/collection/AbstractTraversable <init> ()V 2 15946 orig 80 0 0 0 0 0 0 0 0 0 0 0 0 75 2 0 0 0 0 0 0 0 0 0 0 0 0 0 0 0 0 0 0 0 0 0 0 0 0 0 0 0 0 0 0 0 0 0 0 0 0 0 0 0 0 0 0 0 0 0 0 0 0 0 0 0 0 0 0 0 0 0 0 0 0 0 0 0 0 0 0 data 25 0x10002 0x3cca 0x50002 0x3cca 0x90002 0x3cca 0xd0002 0x3cca 0x110002 0x3cca 0x150002 0x3cca 0x190002 0x3cca 0x1d0002 0x3cca 0x0 0x0 0x0 0x0 0x0 0x0 0x9 0x1 0xffffffffffffffff oops 0 methods 0
ciMethodData scala/collection/TraversableLike $init$ (Lscala/collection/TraversableLike;)V 2 17840 orig 80 0 0 0 0 0 0 0 0 0 0 0 0 75 2 0 0 0 0 0 0 0 0 0 0 0 0 0 0 0 0 0 0 0 0 0 0 0 0 0 0 0 0 0 0 0 0 0 0 0 0 0 0 0 0 0 0 0 0 0 0 0 0 0 0 0 0 0 0 0 0 0 0 0 0 0 0 0 0 0 0 data 4 0x0 0x9 0x1 0x0 oops 0 methods 0
ciMethodData scala/collection/generic/GenericTraversableTemplate $init$ (Lscala/collection/generic/GenericTraversableTemplate;)V 2 15946 orig 80 0 0 0 0 0 0 0 0 0 0 0 0 75 2 0 0 0 0 0 0 0 0 0 0 0 0 0 0 0 0 0 0 0 0 0 0 0 0 0 0 0 0 0 0 0 0 0 0 0 0 0 0 0 0 0 0 0 0 0 0 0 0 0 0 0 0 0 0 0 0 0 0 0 0 0 0 0 0 0 0 data 4 0x0 0x9 0x1 0x0 oops 0 methods 0
ciMethodData scala/collection/GenTraversable $init$ (Lscala/collection/GenTraversable;)V 2 15946 orig 80 0 0 0 0 0 0 0 0 0 0 0 0 75 2 0 0 0 0 0 0 0 0 0 0 0 0 0 0 0 0 0 0 0 0 0 0 0 0 0 0 0 0 0 0 0 0 0 0 0 0 0 0 0 0 0 0 0 0 0 0 0 0 0 0 0 0 0 0 0 0 0 0 0 0 0 0 0 0 0 0 data 4 0x0 0x9 0x1 0x0 oops 0 methods 0
ciMethodData scala/collection/Traversable $init$ (Lscala/collection/Traversable;)V 2 15946 orig 80 0 0 0 0 0 0 0 0 0 0 0 0 75 2 0 0 0 0 0 0 0 0 0 0 0 0 0 0 0 0 0 0 0 0 0 0 0 0 0 0 0 0 0 0 0 0 0 0 0 0 0 0 0 0 0 0 0 0 0 0 0 0 0 0 0 0 0 0 0 0 0 0 0 0 0 0 0 0 0 0 data 4 0x0 0x9 0x1 0x0 oops 0 methods 0
ciMethodData scala/collection/GenIterable $init$ (Lscala/collection/GenIterable;)V 2 26754 orig 80 0 0 0 0 0 0 0 0 0 0 0 0 75 2 0 0 0 0 0 0 0 0 0 0 0 0 0 0 0 0 0 0 0 0 0 0 0 0 0 0 0 0 0 0 0 0 0 0 0 0 0 0 0 0 0 0 0 0 0 0 0 0 0 0 0 0 0 0 0 0 0 0 0 0 0 0 0 0 0 0 data 4 0x0 0x9 0x1 0x0 oops 0 methods 0
ciMethodData scala/collection/IterableLike $init$ (Lscala/collection/IterableLike;)V 2 28650 orig 80 0 0 0 0 0 0 0 0 0 0 0 0 75 2 0 0 0 0 0 0 0 0 0 0 0 0 0 0 0 0 0 0 0 0 0 0 0 0 0 0 0 0 0 0 0 0 0 0 0 0 0 0 0 0 0 0 0 0 0 0 0 0 0 0 0 0 0 0 0 0 0 0 0 0 0 0 0 0 0 0 data 4 0x0 0x9 0x1 0x0 oops 0 methods 0
ciMethodData scala/collection/Iterable $init$ (Lscala/collection/Iterable;)V 2 26754 orig 80 0 0 0 0 0 0 0 0 0 0 0 0 75 2 0 0 0 0 0 0 0 0 0 0 0 0 0 0 0 0 0 0 0 0 0 0 0 0 0 0 0 0 0 0 0 0 0 0 0 0 0 0 0 0 0 0 0 0 0 0 0 0 0 0 0 0 0 0 0 0 0 0 0 0 0 0 0 0 0 0 data 4 0x0 0x9 0x1 0x0 oops 0 methods 0
ciMethodData scala/collection/immutable/Traversable $init$ (Lscala/collection/immutable/Traversable;)V 2 18162 orig 80 0 0 0 0 0 0 0 0 0 0 0 0 75 2 0 0 0 0 0 0 0 0 0 0 0 0 0 0 0 0 0 0 0 0 0 0 0 0 0 0 0 0 0 0 0 0 0 0 0 0 0 0 0 0 0 0 0 0 0 0 0 0 0 0 0 0 0 0 0 0 0 0 0 0 0 0 0 0 0 0 data 4 0x0 0x9 0x1 0x0 oops 0 methods 0
ciMethodData scala/collection/immutable/Iterable $init$ (Lscala/collection/immutable/Iterable;)V 2 18162 orig 80 0 0 0 0 0 0 0 0 0 0 0 0 75 2 0 0 0 0 0 0 0 0 0 0 0 0 0 0 0 0 0 0 0 0 0 0 0 0 0 0 0 0 0 0 0 0 0 0 0 0 0 0 0 0 0 0 0 0 0 0 0 0 0 0 0 0 0 0 0 0 0 0 0 0 0 0 0 0 0 0 data 4 0x0 0x9 0x1 0x0 oops 0 methods 0
ciMethodData scala/collection/AbstractSeq <init> ()V 2 25636 orig 80 0 0 0 0 0 0 0 0 0 0 0 0 75 2 0 0 0 0 0 0 0 0 0 0 0 0 0 0 0 0 0 0 0 0 0 0 0 0 0 0 0 0 0 0 0 0 0 0 0 0 0 0 0 0 0 0 0 0 0 0 0 0 0 0 0 0 0 0 0 0 0 0 0 0 0 0 0 0 0 0 data 21 0x10002 0x62a3 0x50002 0x62a4 0x90002 0x62a4 0xd0002 0x62a3 0x110002 0x62a3 0x150002 0x62a3 0x0 0x0 0x0 0x0 0x0 0x0 0x9 0x1 0xffffffffffffffff oops 0 methods 0
ciMethodData scala/PartialFunction $init$ (Lscala/PartialFunction;)V 2 26732 orig 80 0 0 0 0 0 0 0 0 0 0 0 0 75 2 0 0 0 0 0 0 0 0 0 0 0 0 0 0 0 0 0 0 0 0 0 0 0 0 0 0 0 0 0 0 0 0 0 0 0 0 0 0 0 0 0 0 0 0 0 0 0 0 0 0 0 0 0 0 0 0 0 0 0 0 0 0 0 0 0 0 data 4 0x0 0x9 0x1 0x0 oops 0 methods 0
ciMethodData scala/collection/GenSeqLike $init$ (Lscala/collection/GenSeqLike;)V 2 27478 orig 80 0 0 0 0 0 0 0 0 0 0 0 0 75 2 0 0 0 0 0 0 0 0 0 0 0 0 0 0 0 0 0 0 0 0 0 0 0 0 0 0 0 0 0 0 0 0 0 0 0 0 0 0 0 0 0 0 0 0 0 0 0 0 0 0 0 0 0 0 0 0 0 0 0 0 0 0 0 0 0 0 data 4 0x0 0x9 0x1 0x0 oops 0 methods 0
ciMethodData scala/collection/GenSeq $init$ (Lscala/collection/GenSeq;)V 2 25678 orig 80 0 0 0 0 0 0 0 0 0 0 0 0 75 2 0 0 0 0 0 0 0 0 0 0 0 0 0 0 0 0 0 0 0 0 0 0 0 0 0 0 0 0 0 0 0 0 0 0 0 0 0 0 0 0 0 0 0 0 0 0 0 0 0 0 0 0 0 0 0 0 0 0 0 0 0 0 0 0 0 0 data 4 0x0 0x9 0x1 0x0 oops 0 methods 0
ciMethodData scala/collection/SeqLike $init$ (Lscala/collection/SeqLike;)V 2 27577 orig 80 0 0 0 0 0 0 0 0 0 0 0 0 75 2 0 0 0 0 0 0 0 0 0 0 0 0 0 0 0 0 0 0 0 0 0 0 0 0 0 0 0 0 0 0 0 0 0 0 0 0 0 0 0 0 0 0 0 0 0 0 0 0 0 0 0 0 0 0 0 0 0 0 0 0 0 0 0 0 0 0 data 4 0x0 0x9 0x1 0x0 oops 0 methods 0
ciMethodData scala/collection/Seq $init$ (Lscala/collection/Seq;)V 2 25688 orig 80 0 0 0 0 0 0 0 0 0 0 0 0 75 2 0 0 0 0 0 0 0 0 0 0 0 0 0 0 0 0 0 0 0 0 0 0 0 0 0 0 0 0 0 0 0 0 0 0 0 0 0 0 0 0 0 0 0 0 0 0 0 0 0 0 0 0 0 0 0 0 0 0 0 0 0 0 0 0 0 0 data 4 0x0 0x9 0x1 0x0 oops 0 methods 0
ciMethodData scala/collection/immutable/Seq $init$ (Lscala/collection/immutable/Seq;)V 2 17664 orig 80 0 0 0 0 0 0 0 0 0 0 0 0 75 2 0 0 0 0 0 0 0 0 0 0 0 0 0 0 0 0 0 0 0 0 0 0 0 0 0 0 0 0 0 0 0 0 0 0 0 0 0 0 0 0 0 0 0 0 0 0 0 0 0 0 0 0 0 0 0 0 0 0 0 0 0 0 0 0 0 0 data 4 0x0 0x9 0x1 0x0 oops 0 methods 0
ciMethodData scala/collection/immutable/List <init> ()V 2 4752 orig 80 0 0 0 0 0 0 0 0 0 0 0 0 75 2 0 0 0 0 0 0 0 0 0 0 0 0 0 0 0 0 0 0 0 0 0 0 0 0 0 0 0 0 0 0 0 0 0 0 0 0 0 0 0 0 0 0 0 0 0 0 0 0 0 0 0 0 0 0 0 0 0 0 0 0 0 0 0 0 0 0 data 27 0x10002 0x110f 0x50002 0x110f 0x90002 0x110f 0xd0002 0x110f 0x110002 0x110f 0x150002 0x110f 0x190002 0x110f 0x1d0002 0x110f 0x210002 0x110f 0x0 0x0 0x0 0x0 0x0 0x0 0x9 0x1 0xffffffffffffffff oops 0 methods 0
ciMethodData scala/collection/LinearSeqLike $init$ (Lscala/collection/LinearSeqLike;)V 2 4752 orig 80 0 0 0 0 0 0 0 0 0 0 0 0 75 2 0 0 0 0 0 0 0 0 0 0 0 0 0 0 0 0 0 0 0 0 0 0 0 0 0 0 0 0 0 0 0 0 0 0 0 0 0 0 0 0 0 0 0 0 0 0 0 0 0 0 0 0 0 0 0 0 0 0 0 0 0 0 0 0 0 0 data 4 0x0 0x9 0x1 0x0 oops 0 methods 0
ciMethodData scala/collection/LinearSeq $init$ (Lscala/collection/LinearSeq;)V 2 4752 orig 80 0 0 0 0 0 0 0 0 0 0 0 0 75 2 0 0 0 0 0 0 0 0 0 0 0 0 0 0 0 0 0 0 0 0 0 0 0 0 0 0 0 0 0 0 0 0 0 0 0 0 0 0 0 0 0 0 0 0 0 0 0 0 0 0 0 0 0 0 0 0 0 0 0 0 0 0 0 0 0 0 data 4 0x0 0x9 0x1 0x0 oops 0 methods 0
ciMethodData scala/collection/immutable/LinearSeq $init$ (Lscala/collection/immutable/LinearSeq;)V 2 4752 orig 80 0 0 0 0 0 0 0 0 0 0 0 0 75 2 0 0 0 0 0 0 0 0 0 0 0 0 0 0 0 0 0 0 0 0 0 0 0 0 0 0 0 0 0 0 0 0 0 0 0 0 0 0 0 0 0 0 0 0 0 0 0 0 0 0 0 0 0 0 0 0 0 0 0 0 0 0 0 0 0 0 data 4 0x0 0x9 0x1 0x0 oops 0 methods 0
ciMethodData scala/collection/LinearSeqOptimized $init$ (Lscala/collection/LinearSeqOptimized;)V 2 4752 orig 80 0 0 0 0 0 0 0 0 0 0 0 0 75 2 0 0 0 0 0 0 0 0 0 0 0 0 0 0 0 0 0 0 0 0 0 0 0 0 0 0 0 0 0 0 0 0 0 0 0 0 0 0 0 0 0 0 0 0 0 0 0 0 0 0 0 0 0 0 0 0 0 0 0 0 0 0 0 0 0 0 data 4 0x0 0x9 0x1 0x0 oops 0 methods 0
ciMethodData scala/collection/immutable/List $colon$colon (Ljava/lang/Object;)Lscala/collection/immutable/List; 2 3567 orig 80 0 0 0 0 0 0 0 0 0 0 0 0 75 2 0 0 0 0 0 0 0 0 0 0 0 0 0 0 0 0 0 0 0 0 0 0 0 0 0 0 0 0 0 0 0 0 0 0 0 0 0 0 0 0 0 0 0 0 0 0 0 0 0 0 0 0 0 0 0 0 0 0 0 0 0 0 0 0 0 0 data 9 0x60002 0xc6c 0x0 0x0 0x0 0x9 0x2 0x0 0x0 oops 0 methods 0
ciMethodData scala/collection/immutable/$colon$colon <init> (Ljava/lang/Object;Lscala/collection/immutable/List;)V 2 4751 orig 80 0 0 0 0 0 0 0 0 0 0 0 0 75 2 0 0 0 0 0 0 0 0 0 0 0 0 0 0 0 0 0 0 0 0 0 0 0 0 0 0 0 0 0 0 0 0 0 0 0 0 0 0 0 0 0 0 0 0 0 0 0 0 0 0 0 0 0 0 0 0 0 0 0 0 0 0 0 0 0 0 data 11 0xb0002 0x1094 0x0 0x0 0x0 0x0 0x9 0x3 0xffffffffffffffff 0x0 0x0 oops 0 methods 0
ciMethodData scala/collection/generic/Subtractable $init$ (Lscala/collection/generic/Subtractable;)V 2 5020 orig 80 0 0 0 0 0 0 0 0 0 0 0 0 75 2 0 0 0 0 0 0 0 0 0 0 0 0 0 0 0 0 0 0 0 0 0 0 0 0 0 0 0 0 0 0 0 0 0 0 0 0 0 0 0 0 0 0 0 0 0 0 0 0 0 0 0 0 0 0 0 0 0 0 0 0 0 0 0 0 0 0 data 4 0x0 0x9 0x1 0x0 oops 0 methods 0
ciMethodData scala/collection/CustomParallelizable $init$ (Lscala/collection/CustomParallelizable;)V 2 18230 orig 80 0 0 0 0 0 0 0 0 0 0 0 0 75 2 0 0 0 0 0 0 0 0 0 0 0 0 0 0 0 0 0 0 0 0 0 0 0 0 0 0 0 0 0 0 0 0 0 0 0 0 0 0 0 0 0 0 0 0 0 0 0 0 0 0 0 0 0 0 0 0 0 0 0 0 0 0 0 0 0 0 data 4 0x0 0x9 0x1 0x0 oops 0 methods 0
ciMethodData scala/collection/IndexedSeqLike $init$ (Lscala/collection/IndexedSeqLike;)V 2 21748 orig 80 0 0 0 0 0 0 0 0 0 0 0 0 75 2 0 0 0 0 0 0 0 0 0 0 0 0 0 0 0 0 0 0 0 0 0 0 0 0 0 0 0 0 0 0 0 0 0 0 0 0 0 0 0 0 0 0 0 0 0 0 0 0 0 0 0 0 0 0 0 0 0 0 0 0 0 0 0 0 0 0 data 4 0x0 0x9 0x1 0x0 oops 0 methods 0
ciMethodData scala/collection/IndexedSeqOptimized $init$ (Lscala/collection/IndexedSeqOptimized;)V 2 8759 orig 80 0 0 0 0 0 0 0 0 0 0 0 0 75 2 0 0 0 0 0 0 0 0 0 0 0 0 0 0 0 0 0 0 0 0 0 0 0 0 0 0 0 0 0 0 0 0 0 0 0 0 0 0 0 0 0 0 0 0 0 0 0 0 0 0 0 0 0 0 0 0 0 0 0 0 0 0 0 0 0 0 data 4 0x0 0x9 0x1 0x0 oops 0 methods 0
ciMethod org/mulesoft/lexer/LexerInput subSequence (II)Ljava/lang/CharSequence; 0 0 1 0 -1
ciMethod org/mulesoft/lexer/BaseLexer tokenString ()Ljava/lang/String; 6 0 3 0 -1
ciMethod org/mulesoft/lexer/BaseLexer input ()Lorg/mulesoft/lexer/LexerInput; 258 0 129 0 -1
ciMethod org/mulesoft/lexer/BaseLexer _tokenData ()Lorg/mulesoft/lexer/TokenData; 266 0 133 0 0
ciMethod org/mulesoft/lexer/BaseLexer token ()Lorg/mulesoft/lexer/Token; 780 0 10816 0 0
ciMethod org/mulesoft/lexer/BaseLexer tokenData ()Lorg/mulesoft/lexer/TokenData; 798 0 8970 0 0
ciMethod org/mulesoft/lexer/BaseLexer tokenText (Lorg/mulesoft/lexer/TokenData;)Ljava/lang/CharSequence; 82 0 683 0 -1
ciMethod org/mulesoft/lexer/BaseLexer tokenText ()Ljava/lang/CharSequence; 82 0 605 0 0
ciMethod org/mulesoft/common/client/lexical/SourceLocation offsetFrom ()I 770 0 385 0 -1
ciMethod org/mulesoft/common/client/lexical/SourceLocation offsetTo ()I 774 0 387 0 -1
ciMethod org/yaml/parser/YamlLoader org$yaml$parser$YamlLoader$$YamlBuilder ()Lorg/yaml/parser/YamlLoader$YamlBuilder$; 186 0 1809 0 0
ciMethod org/yaml/parser/YamlLoader lexer ()Lorg/yaml/lexer/YamlLexer; 280 0 140 0 0
ciMethod org/yaml/parser/YamlLoader keepTokens ()Z 352 0 176 0 -1
ciMethod org/yaml/parser/YamlLoader eh ()Lorg/yaml/model/ParseErrorHandler; 322 0 161 0 -1
ciMethod org/yaml/parser/YamlLoader org$yaml$parser$YamlLoader$$current ()Lorg/yaml/parser/YamlLoader$YamlBuilder; 524 0 11926 0 0
ciMethod org/yaml/parser/YamlLoader stack ()Lorg/yaml/parser/YamlLoader$Stack; 432 0 216 0 0
ciMethod org/yaml/parser/YamlLoader push (Lorg/yaml/parser/YamlLoader$YamlBuilder;)V 182 0 1757 0 0
ciMethod org/yaml/parser/YamlLoader process ()V 526 0 5397 0 -1
ciMethod org/yaml/parser/YamlLoader YamlBuilder$lzycompute$1 ()V 2 0 1 0 -1
ciMethod org/yaml/parser/YamlLoader$YamlBuilder tokens ()Lscala/collection/mutable/ArrayBuffer; 256 0 128 0 0
ciMethod org/yaml/parser/YamlLoader$YamlBuilder parts ()Lscala/collection/mutable/ArrayBuffer; 272 0 136 0 -1
ciMethod org/yaml/parser/YamlLoader$YamlBuilder metaTextBuilder ()Lscala/collection/mutable/StringBuilder; 4 0 2 0 -1
ciMethod org/yaml/parser/YamlLoader$YamlBuilder escaping ()Z 280 0 140 0 -1
ciMethod org/yaml/parser/YamlLoader$YamlBuilder escaping_$eq (Z)V 0 0 1 0 -1
ciMethod org/yaml/parser/YamlLoader$YamlBuilder inHandle ()Z 360 0 180 0 -1
ciMethod org/yaml/parser/YamlLoader$YamlBuilder inHandle_$eq (Z)V 0 0 1 0 -1
ciMethod org/yaml/parser/YamlLoader$YamlBuilder tag ()Lorg/yaml/model/YTag; 894 0 447 0 0
ciMethod org/yaml/parser/YamlLoader$YamlBuilder tag_$eq (Lorg/yaml/model/YTag;)V 448 0 224 0 0
ciMethod org/yaml/parser/YamlLoader$YamlBuilder processWhiteSpace ()V 54 0 297 0 0
ciMethod org/yaml/parser/YamlLoader$YamlBuilder appendText (Ljava/lang/CharSequence;)V 0 0 1 0 -1
ciMethod org/yaml/parser/YamlLoader$YamlBuilder appendMetaText ()V 2 0 1 0 -1
ciMethod org/yaml/parser/YamlLoader$YamlBuilder processLineBreak ()V 96 0 342 0 0
ciMethod org/yaml/parser/YamlLoader$YamlBuilder create ()V 0 0 1 0 -1
ciMethod org/yaml/parser/YamlLoader$YamlBuilder endEscape ()V 0 0 1 0 -1
ciMethod org/yaml/parser/YamlLoader$YamlBuilder processIndicator ()V 924 0 410 0 0
ciMethod org/yaml/parser/YamlLoader$YamlBuilder addCurrentToken ()V 1024 0 5466 0 0
ciMethod org/yaml/parser/YamlLoader$YamlBuilder addNonContent ()V 328 0 3976 0 0
ciMethod org/yaml/parser/YamlLoader$YamlBuilder org$yaml$parser$YamlLoader$YamlBuilder$$$outer ()Lorg/yaml/parser/YamlLoader; 342 0 171 0 -1
ciMethod org/yaml/parser/YamlLoader$YamlBuilder <init> (Lorg/yaml/parser/YamlLoader;Lorg/mulesoft/common/client/lexical/SourceLocation;)V 186 0 1809 0 0
ciMethod org/yaml/parser/YamlLoader$NodeBuilder <init> (Lorg/yaml/parser/YamlLoader;)V 72 0 717 0 0
ciMethod org/yaml/parser/YamlLoader$ScalarBuilder text ()Lscala/collection/mutable/StringBuilder; 420 0 210 0 -1
ciMethod org/yaml/parser/YamlLoader$ScalarBuilder mark ()Lorg/yaml/model/ScalarMark; 618 0 309 0 -1
ciMethod org/yaml/parser/YamlLoader$ScalarBuilder mark_$eq (Lorg/yaml/model/ScalarMark;)V 302 0 151 0 -1
ciMethod org/yaml/parser/YamlLoader$ScalarBuilder appendText (Ljava/lang/CharSequence;)V 800 0 679 0 0
ciMethod org/yaml/parser/YamlLoader$ScalarBuilder <init> (Lorg/yaml/parser/YamlLoader;Lorg/yaml/model/YTag;)V 58 0 601 0 0
ciMethod org/yaml/parser/YamlLoader$SeqBuilder <init> (Lorg/yaml/parser/YamlLoader;)V 20 0 9 0 0
ciMethod org/yaml/parser/YamlLoader$PairBuilder <init> (Lorg/yaml/parser/YamlLoader;)V 36 0 322 0 0
ciMethod org/yaml/parser/YamlLoader$MapBuilder <init> (Lorg/yaml/parser/YamlLoader;)V 14 0 107 0 0
ciMethod org/yaml/parser/YamlLoader$CommentBuilder <init> (Lorg/yaml/parser/YamlLoader;)V 2 0 1 0 -1
ciMethod org/yaml/lexer/YamlToken$ BeginAnchor ()Lorg/yaml/lexer/YamlToken; 260 0 130 0 0
ciMethod org/yaml/lexer/YamlToken$ EndAnchor ()Lorg/yaml/lexer/YamlToken; 664 0 332 0 0
ciMethod org/yaml/lexer/YamlToken$ LineBreak ()Lorg/yaml/lexer/YamlToken; 264 0 132 0 0
ciMethod org/yaml/lexer/YamlToken$ BeginComment ()Lorg/yaml/lexer/YamlToken; 262 0 131 0 0
ciMethod org/yaml/lexer/YamlToken$ EndComment ()Lorg/yaml/lexer/YamlToken; 668 0 334 0 0
ciMethod org/yaml/lexer/YamlToken$ BeginDirective ()Lorg/yaml/lexer/YamlToken; 260 0 130 0 0
ciMethod org/yaml/lexer/YamlToken$ EndDirective ()Lorg/yaml/lexer/YamlToken; 270 0 135 0 0
ciMethod org/yaml/lexer/YamlToken$ BeginEscape ()Lorg/yaml/lexer/YamlToken; 466 0 233 0 0
ciMethod org/yaml/lexer/YamlToken$ EndEscape ()Lorg/yaml/lexer/YamlToken; 316 0 158 0 0
ciMethod org/yaml/lexer/YamlToken$ BeginTag ()Lorg/yaml/lexer/YamlToken; 262 0 131 0 0
ciMethod org/yaml/lexer/YamlToken$ EndTag ()Lorg/yaml/lexer/YamlToken; 664 0 332 0 0
ciMethod org/yaml/lexer/YamlToken$ BeginHandle ()Lorg/yaml/lexer/YamlToken; 466 0 233 0 0
ciMethod org/yaml/lexer/YamlToken$ EndHandle ()Lorg/yaml/lexer/YamlToken; 466 0 233 0 0
ciMethod org/yaml/lexer/YamlToken$ Indicator ()Lorg/yaml/lexer/YamlToken; 256 0 128 0 0
ciMethod org/yaml/lexer/YamlToken$ LineFeed ()Lorg/yaml/lexer/YamlToken; 502 0 251 0 0
ciMethod org/yaml/lexer/YamlToken$ LineFold ()Lorg/yaml/lexer/YamlToken; 276 0 138 0 0
ciMethod org/yaml/lexer/YamlToken$ BeginNode ()Lorg/yaml/lexer/YamlToken; 368 0 184 0 0
ciMethod org/yaml/lexer/YamlToken$ EndNode ()Lorg/yaml/lexer/YamlToken; 284 0 142 0 0
ciMethod org/yaml/lexer/YamlToken$ BeginDocument ()Lorg/yaml/lexer/YamlToken; 344 0 172 0 0
ciMethod org/yaml/lexer/YamlToken$ EndDocument ()Lorg/yaml/lexer/YamlToken; 270 0 135 0 0
ciMethod org/yaml/lexer/YamlToken$ BeginAlias ()Lorg/yaml/lexer/YamlToken; 258 0 129 0 0
ciMethod org/yaml/lexer/YamlToken$ EndAlias ()Lorg/yaml/lexer/YamlToken; 664 0 332 0 0
ciMethod org/yaml/lexer/YamlToken$ BeginSequence ()Lorg/yaml/lexer/YamlToken; 256 0 128 0 0
ciMethod org/yaml/lexer/YamlToken$ EndSequence ()Lorg/yaml/lexer/YamlToken; 268 0 134 0 0
ciMethod org/yaml/lexer/YamlToken$ BeginMapping ()Lorg/yaml/lexer/YamlToken; 264 0 132 0 0
ciMethod org/yaml/lexer/YamlToken$ EndMapping ()Lorg/yaml/lexer/YamlToken; 264 0 132 0 0
ciMethod org/yaml/lexer/YamlToken$ BeginScalar ()Lorg/yaml/lexer/YamlToken; 256 0 128 0 0
ciMethod org/yaml/lexer/YamlToken$ EndScalar ()Lorg/yaml/lexer/YamlToken; 256 0 128 0 0
ciMethod org/yaml/lexer/YamlToken$ Text ()Lorg/yaml/lexer/YamlToken; 260 0 130 0 0
ciMethod org/yaml/lexer/YamlToken$ MetaText ()Lorg/yaml/lexer/YamlToken; 468 0 234 0 0
ciMethod org/yaml/lexer/YamlToken$ WhiteSpace ()Lorg/yaml/lexer/YamlToken; 388 0 194 0 0
ciMethod org/yaml/lexer/YamlToken$ BeginPair ()Lorg/yaml/lexer/YamlToken; 284 0 142 0 0
ciMethod org/yaml/lexer/YamlToken$ EndPair ()Lorg/yaml/lexer/YamlToken; 292 0 146 0 0
ciMethod org/yaml/lexer/YamlToken$ EndStream ()Lorg/yaml/lexer/YamlToken; 316 0 158 0 -1
ciMethod org/yaml/lexer/YamlToken$ Error ()Lorg/yaml/lexer/YamlToken; 98 0 49 0 0
ciMethod org/mulesoft/lexer/TokenData token ()Lorg/mulesoft/lexer/Token; 304 0 152 0 0
ciMethod org/mulesoft/lexer/TokenData range ()Lorg/mulesoft/common/client/lexical/SourceLocation; 318 0 159 0 0
ciMethodData scala/collection/AbstractTraversable nonEmpty ()Z 2 4924 orig 80 0 0 0 0 0 0 0 0 0 0 0 0 75 2 0 0 0 0 0 0 0 0 0 0 0 0 0 0 0 0 0 0 0 0 0 0 0 0 0 0 0 0 0 0 0 0 0 0 0 0 0 0 0 0 0 0 0 0 0 0 0 0 0 0 0 0 0 0 0 0 0 0 0 0 0 0 0 0 0 0 data 11 0x10002 0x123b 0x0 0x0 0x0 0x0 0x0 0x0 0x9 0x1 0x0 oops 0 methods 0
ciMethodData scala/collection/TraversableOnce nonEmpty$ (Lscala/collection/TraversableOnce;)Z 2 6546 orig 80 0 0 0 0 0 0 0 0 0 0 0 0 75 2 0 0 0 0 0 0 0 0 0 0 0 0 0 0 0 0 0 0 0 0 0 0 0 0 0 0 0 0 0 0 0 0 0 0 0 0 0 0 0 0 0 0 0 0 0 0 0 0 0 0 0 0 0 0 0 0 0 0 0 0 0 0 0 0 0 0 data 7 0x10002 0x1891 0x0 0x0 0x9 0x1 0x0 oops 0 methods 0
ciMethodData scala/collection/TraversableOnce nonEmpty ()Z 2 6546 orig 80 0 0 0 0 0 0 0 0 0 0 0 0 75 2 0 0 0 0 0 0 0 0 0 0 0 0 0 0 0 0 0 0 0 0 0 0 0 0 0 0 0 0 0 0 0 0 0 0 0 0 0 0 0 0 0 0 0 0 0 0 0 0 0 0 0 0 0 0 0 0 0 0 0 0 0 0 0 0 0 0 data 20 0x10005 0x46f 0x0 0x24b11e1cf90 0x7f 0x24b11e16eb0 0x234 0x60007 0x1332 0x20 0x55f 0x0 0x0 0x0 0x0 0x0 0x0 0x9 0x1 0x0 oops 2 3 scala/collection/immutable/Nil$ 5 scala/collection/immutable/$colon$colon methods 0
ciMethodData scala/math/Ordered $init$ (Lscala/math/Ordered;)V 2 30216 orig 80 0 0 0 0 0 0 0 0 0 0 0 0 75 2 0 0 0 0 0 0 0 0 0 0 0 0 0 0 0 0 0 0 0 0 0 0 0 0 0 0 0 0 0 0 0 0 0 0 0 0 0 0 0 0 0 0 0 0 0 0 0 0 0 0 0 0 0 0 0 0 0 0 0 0 0 0 0 0 0 0 data 4 0x0 0x9 0x1 0x0 oops 0 methods 0
ciMethodData scala/collection/IndexedSeq $init$ (Lscala/collection/IndexedSeq;)V 2 20865 orig 80 0 0 0 0 0 0 0 0 0 0 0 0 75 2 0 0 0 0 0 0 0 0 0 0 0 0 0 0 0 0 0 0 0 0 0 0 0 0 0 0 0 0 0 0 0 0 0 0 0 0 0 0 0 0 0 0 0 0 0 0 0 0 0 0 0 0 0 0 0 0 0 0 0 0 0 0 0 0 0 0 data 4 0x0 0x9 0x1 0x0 oops 0 methods 0
ciMethodData scala/collection/mutable/ArrayBuffer length ()I 2 19471 orig 80 0 0 0 0 0 0 0 0 0 0 0 0 75 2 0 0 0 0 0 0 0 0 0 0 0 0 0 0 0 0 0 0 0 0 0 0 0 0 0 0 0 0 0 0 0 0 0 0 0 0 0 0 0 0 0 0 0 0 0 0 0 0 0 0 0 0 0 0 0 0 0 0 0 0 0 0 0 0 0 0 data 11 0x10002 0x4a84 0x0 0x0 0x0 0x0 0x0 0x0 0x9 0x1 0x0 oops 0 methods 0
ciMethodData scala/collection/mutable/ResizableArray length$ (Lscala/collection/mutable/ResizableArray;)I 2 19471 orig 80 0 0 0 0 0 0 0 0 0 0 0 0 75 2 0 0 0 0 0 0 0 0 0 0 0 0 0 0 0 0 0 0 0 0 0 0 0 0 0 0 0 0 0 0 0 0 0 0 0 0 0 0 0 0 0 0 0 0 0 0 0 0 0 0 0 0 0 0 0 0 0 0 0 0 0 0 0 0 0 0 data 7 0x10002 0x4a84 0x0 0x0 0x9 0x1 0x0 oops 0 methods 0
ciMethodData scala/collection/mutable/ResizableArray length ()I 2 19471 orig 80 0 0 0 0 0 0 0 0 0 0 0 0 75 2 0 0 0 0 0 0 0 0 0 0 0 0 0 0 0 0 0 0 0 0 0 0 0 0 0 0 0 0 0 0 0 0 0 0 0 0 0 0 0 0 0 0 0 0 0 0 0 0 0 0 0 0 0 0 0 0 0 0 0 0 0 0 0 0 0 0 data 16 0x10005 0x0 0x0 0x24b11559d00 0x4a83 0x0 0x0 0x0 0x0 0x0 0x0 0x0 0x0 0x9 0x1 0x0 oops 1 3 scala/collection/mutable/ArrayBuffer methods 0
ciMethod org/yaml/parser/YamlLoader$Stack list ()Lscala/collection/immutable/List; 472 0 236 0 0
ciMethod org/yaml/parser/YamlLoader$Stack list_$eq (Lscala/collection/immutable/List;)V 256 0 128 0 0
ciMethod org/yaml/parser/YamlLoader$Stack push (Lorg/yaml/parser/YamlLoader$YamlBuilder;)V 184 0 1989 0 0
ciMethod org/yaml/parser/YamlLoader$Stack top ()Lorg/yaml/parser/YamlLoader$YamlBuilder; 524 0 13527 0 0
ciMethod org/yaml/parser/YamlLoader$YamlBuilder$ $lessinit$greater$default$1 ()Lorg/mulesoft/common/client/lexical/SourceLocation; 186 0 1809 0 0
ciMethod org/yaml/parser/YamlLoader$YamlBuilder$ <init> (Lorg/yaml/parser/YamlLoader;)V 2 0 1 0 -1
ciMethod org/mulesoft/lexer/AstToken <init> (Lorg/mulesoft/lexer/Token;Ljava/lang/String;Lorg/mulesoft/common/client/lexical/SourceLocation;)V 0 0 1 0 -1
ciMethodData scala/collection/generic/Growable $init$ (Lscala/collection/generic/Growable;)V 2 6430 orig 80 0 0 0 0 0 0 0 0 0 0 0 0 75 2 0 0 0 0 0 0 0 0 0 0 0 0 0 0 0 0 0 0 0 0 0 0 0 0 0 0 0 0 0 0 0 0 0 0 0 0 0 0 0 0 0 0 0 0 0 0 0 0 0 0 0 0 0 0 0 0 0 0 0 0 0 0 0 0 0 0 data 4 0x0 0x9 0x1 0x0 oops 0 methods 0
ciMethodData scala/collection/mutable/Builder $init$ (Lscala/collection/mutable/Builder;)V 2 6449 orig 80 0 0 0 0 0 0 0 0 0 0 0 0 75 2 0 0 0 0 0 0 0 0 0 0 0 0 0 0 0 0 0 0 0 0 0 0 0 0 0 0 0 0 0 0 0 0 0 0 0 0 0 0 0 0 0 0 0 0 0 0 0 0 0 0 0 0 0 0 0 0 0 0 0 0 0 0 0 0 0 0 data 4 0x0 0x9 0x1 0x0 oops 0 methods 0
ciMethodData scala/collection/mutable/Traversable $init$ (Lscala/collection/mutable/Traversable;)V 2 8301 orig 80 0 0 0 0 0 0 0 0 0 0 0 0 75 2 0 0 0 0 0 0 0 0 0 0 0 0 0 0 0 0 0 0 0 0 0 0 0 0 0 0 0 0 0 0 0 0 0 0 0 0 0 0 0 0 0 0 0 0 0 0 0 0 0 0 0 0 0 0 0 0 0 0 0 0 0 0 0 0 0 0 data 4 0x0 0x9 0x1 0x0 oops 0 methods 0
ciMethodData scala/collection/mutable/Iterable $init$ (Lscala/collection/mutable/Iterable;)V 2 8305 orig 80 0 0 0 0 0 0 0 0 0 0 0 0 75 2 0 0 0 0 0 0 0 0 0 0 0 0 0 0 0 0 0 0 0 0 0 0 0 0 0 0 0 0 0 0 0 0 0 0 0 0 0 0 0 0 0 0 0 0 0 0 0 0 0 0 0 0 0 0 0 0 0 0 0 0 0 0 0 0 0 0 data 4 0x0 0x9 0x1 0x0 oops 0 methods 0
ciMethodData org/yaml/parser/YamlLoader org$yaml$parser$YamlLoader$$current ()Lorg/yaml/parser/YamlLoader$YamlBuilder; 2 13527 orig 80 0 0 0 0 0 0 0 0 0 0 0 0 75 2 0 0 0 0 0 0 0 0 0 0 0 0 0 0 0 0 0 0 0 0 0 0 0 0 0 0 0 0 0 0 0 0 0 0 0 0 0 0 0 0 0 0 0 0 0 0 0 0 0 0 0 0 0 0 0 0 0 0 0 0 0 0 0 0 0 0 data 18 0x10002 0x33d1 0x40005 0x0 0x0 0x24b11e143d0 0x33d1 0x0 0x0 0x0 0x0 0x0 0x0 0x0 0x0 0x9 0x1 0x0 oops 1 5 org/yaml/parser/YamlLoader$Stack methods 0
ciMethodData org/yaml/parser/YamlLoader$Stack top ()Lorg/yaml/parser/YamlLoader$YamlBuilder; 2 13527 orig 80 0 0 0 0 0 0 0 0 0 0 0 0 75 2 0 0 0 0 0 0 0 0 0 0 0 0 0 0 0 0 0 0 0 0 0 0 0 0 0 0 0 0 0 0 0 0 0 0 0 0 0 0 0 0 0 0 0 0 0 0 0 0 0 0 0 0 0 0 0 0 0 0 0 0 0 0 0 0 0 0 data 25 0x10002 0x33d1 0x40005 0x0 0x0 0x24b11e16eb0 0x33d1 0x0 0x0 0x70004 0x0 0x0 0x24b104c9d00 0x131c 0x24b104c9e60 0xf0e 0x0 0x0 0x0 0x0 0x0 0x0 0x9 0x1 0x0 oops 3 5 scala/collection/immutable/$colon$colon 12 org/yaml/parser/YamlLoader$NodeBuilder 14 org/yaml/parser/YamlLoader$PairBuilder methods 0
ciMethodData org/mulesoft/lexer/BaseLexer token ()Lorg/mulesoft/lexer/Token; 2 11078 orig 80 0 0 0 0 0 0 0 0 0 0 0 0 75 2 0 0 0 0 0 0 0 0 0 0 0 0 0 0 0 0 0 0 0 0 0 0 0 0 0 0 0 0 0 0 0 0 0 0 0 0 0 0 0 0 0 0 0 0 0 0 0 0 0 0 0 0 0 0 0 0 0 0 0 0 0 0 0 0 0 0 data 18 0x10002 0x29be 0x40005 0x0 0x0 0x24b104e60a0 0x29be 0x0 0x0 0x0 0x0 0x0 0x0 0x0 0x0 0x9 0x1 0x0 oops 1 5 org/mulesoft/lexer/TokenData methods 0
ciMethodData scala/collection/immutable/StringLike $init$ (Lscala/collection/immutable/StringLike;)V 2 4541 orig 80 0 0 0 0 0 0 0 0 0 0 0 0 75 2 0 0 0 0 0 0 0 0 0 0 0 0 0 0 0 0 0 0 0 0 0 0 0 0 0 0 0 0 0 0 0 0 0 0 0 0 0 0 0 0 0 0 0 0 0 0 0 0 0 0 0 0 0 0 0 0 0 0 0 0 0 0 0 0 0 0 data 4 0x0 0x9 0x1 0x0 oops 0 methods 0
ciMethodData scala/collection/mutable/IndexedSeqLike $init$ (Lscala/collection/mutable/IndexedSeqLike;)V 2 8015 orig 80 0 0 0 0 0 0 0 0 0 0 0 0 75 2 0 0 0 0 0 0 0 0 0 0 0 0 0 0 0 0 0 0 0 0 0 0 0 0 0 0 0 0 0 0 0 0 0 0 0 0 0 0 0 0 0 0 0 0 0 0 0 0 0 0 0 0 0 0 0 0 0 0 0 0 0 0 0 0 0 0 data 4 0x0 0x9 0x1 0x0 oops 0 methods 0
ciMethodData scala/collection/mutable/Cloneable $init$ (Lscala/collection/mutable/Cloneable;)V 2 8316 orig 80 0 0 0 0 0 0 0 0 0 0 0 0 0 0 0 0 0 0 0 0 0 0 0 0 0 0 0 0 0 0 0 0 0 0 0 0 0 0 0 0 0 0 0 0 0 0 0 0 0 0 0 0 0 0 0 0 0 0 0 0 0 0 0 0 0 0 0 0 0 0 0 0 0 0 0 0 0 0 0 0 data 4 0x0 0x9 0x1 0x0 oops 0 methods 0
ciMethodData org/mulesoft/lexer/BaseLexer tokenData ()Lorg/mulesoft/lexer/TokenData; 2 9281 orig 80 0 0 0 0 0 0 0 0 0 0 0 0 75 2 0 0 0 0 0 0 0 0 0 0 0 0 0 0 0 0 0 0 0 0 0 0 0 0 0 0 0 0 0 0 0 0 0 0 0 0 0 0 0 0 0 0 0 0 0 0 0 0 0 0 0 0 0 0 0 0 0 0 0 0 0 0 0 0 0 0 data 7 0x10002 0x22b2 0x0 0x0 0x9 0x1 0x0 oops 0 methods 0
ciMethodData scala/collection/mutable/SeqLike $init$ (Lscala/collection/mutable/SeqLike;)V 2 8178 orig 80 0 0 0 0 0 0 0 0 0 0 0 0 0 0 0 0 0 0 0 0 0 0 0 0 0 0 0 0 0 0 0 0 0 0 0 0 0 0 0 0 0 0 0 0 0 0 0 0 0 0 0 0 0 0 0 0 0 0 0 0 0 0 0 0 0 0 0 0 0 0 0 0 0 0 0 0 0 0 0 0 data 4 0x0 0x9 0x1 0x0 oops 0 methods 0
ciMethodData scala/collection/mutable/Seq $init$ (Lscala/collection/mutable/Seq;)V 2 8189 orig 80 0 0 0 0 0 0 0 0 0 0 0 0 0 0 0 0 0 0 0 0 0 0 0 0 0 0 0 0 0 0 0 0 0 0 0 0 0 0 0 0 0 0 0 0 0 0 0 0 0 0 0 0 0 0 0 0 0 0 0 0 0 0 0 0 0 0 0 0 0 0 0 0 0 0 0 0 0 0 0 0 data 4 0x0 0x9 0x1 0x0 oops 0 methods 0
ciMethodData scala/collection/mutable/IndexedSeq $init$ (Lscala/collection/mutable/IndexedSeq;)V 2 7955 orig 80 0 0 0 0 0 0 0 0 0 0 0 0 75 2 0 0 0 0 0 0 0 0 0 0 0 0 0 0 0 0 0 0 0 0 0 0 0 0 0 0 0 0 0 0 0 0 0 0 0 0 0 0 0 0 0 0 0 0 0 0 0 0 0 0 0 0 0 0 0 0 0 0 0 0 0 0 0 0 0 0 data 4 0x0 0x9 0x1 0x0 oops 0 methods 0
ciMethodData scala/collection/mutable/AbstractSeq <init> ()V 2 8113 orig 80 0 0 0 0 0 0 0 0 0 0 0 0 0 0 0 0 0 0 0 0 0 0 0 0 0 0 0 0 0 0 0 0 0 0 0 0 0 0 0 0 0 0 0 0 0 0 0 0 0 0 0 0 0 0 0 0 0 0 0 0 0 0 0 0 0 0 0 0 0 0 0 0 0 0 0 0 0 0 0 0 data 21 0x10002 0x1db2 0x50002 0x1db2 0x90002 0x1db2 0xd0002 0x1db2 0x110002 0x1db2 0x150002 0x1db2 0x0 0x0 0x0 0x0 0x0 0x0 0x9 0x1 0xffffffffffffffff oops 0 methods 0
ciMethodData org/yaml/parser/YamlLoader push (Lorg/yaml/parser/YamlLoader$YamlBuilder;)V 2 1988 orig 80 0 0 0 0 0 0 0 0 0 0 0 0 75 2 0 0 0 0 0 0 0 0 0 0 0 0 0 0 0 0 0 0 0 0 0 0 0 0 0 0 0 0 0 0 0 0 0 0 0 0 0 0 0 0 0 0 0 0 0 0 0 0 0 0 0 0 0 0 0 0 0 0 0 0 0 0 0 0 0 0 data 33 0x10005 0x0 0x0 0x24b104c5fc0 0x769 0x0 0x0 0x40005 0x1ab 0x0 0x24b104c9e60 0x2b7 0x24b104c9d00 0x307 0x80002 0x769 0xc0005 0x0 0x0 0x24b11e143d0 0x769 0x0 0x0 0x0 0x0 0x0 0x0 0x0 0x0 0x9 0x2 0x0 0x0 oops 4 3 org/yaml/parser/YamlLoader 10 org/yaml/parser/YamlLoader$PairBuilder 12 org/yaml/parser/YamlLoader$NodeBuilder 19 org/yaml/parser/YamlLoader$Stack methods 0
ciMethodData org/yaml/parser/YamlLoader$YamlBuilder addNonContent ()V 2 3976 orig 80 0 0 0 0 0 0 0 0 0 0 0 0 75 2 0 0 0 0 0 0 0 0 0 0 0 0 0 0 0 0 0 0 0 0 0 0 0 0 0 0 0 0 0 0 0 0 0 0 0 0 0 0 0 0 0 0 0 0 0 0 0 0 0 0 0 0 0 0 0 0 0 0 0 0 0 0 0 0 0 0 data 78 0x10005 0x645 0x0 0x24b104c9db0 0x28b 0x24b104c9d00 0x614 0x40005 0x0 0x0 0x24b11559d00 0xee4 0x0 0x0 0x70007 0xee4 0x1b8 0x0 0xb0005 0x0 0x0 0x0 0x0 0x0 0x0 0x160005 0x0 0x0 0x0 0x0 0x0 0x0 0x1f0005 0x0 0x0 0x0 0x0 0x0 0x0 0x220002 0x0 0x250004 0x0 0x0 0x0 0x0 0x0 0x0 0x280005 0x0 0x0 0x0 0x0 0x0 0x0 0x2b0005 0x0 0x0 0x0 0x0 0x0 0x0 0x2e0005 0x0 0x0 0x0 0x0 0x0 0x0 0x0 0x0 0x0 0x0 0x0 0x0 0x9 0x1 0x0 oops 3 3 org/yaml/parser/YamlLoader$ScalarBuilder 5 org/yaml/parser/YamlLoader$NodeBuilder 10 scala/collection/mutable/ArrayBuffer methods 0
ciMethodData org/yaml/parser/YamlLoader$Stack push (Lorg/yaml/parser/YamlLoader$YamlBuilder;)V 2 1989 orig 80 0 0 0 0 0 0 0 0 0 0 0 0 75 2 0 0 0 0 0 0 0 0 0 0 0 0 0 0 0 0 0 0 0 0 0 0 0 0 0 0 0 0 0 0 0 0 0 0 0 0 0 0 0 0 0 0 0 0 0 0 0 0 0 0 0 0 0 0 0 0 0 0 0 0 0 0 0 0 0 0 data 21 0x40002 0x769 0x80005 0x0 0x0 0x24b11e16eb0 0x769 0x0 0x0 0xb0002 0x769 0x0 0x0 0x0 0x0 0x0 0x0 0x9 0x2 0x6 0x0 oops 1 5 scala/collection/immutable/$colon$colon methods 0
ciMethodData org/yaml/parser/YamlLoader$NodeBuilder <init> (Lorg/yaml/parser/YamlLoader;)V 1 737 orig 80 0 0 0 0 0 0 0 0 0 0 0 0 75 2 0 0 0 0 0 0 0 0 0 0 0 0 0 0 0 0 0 0 0 0 0 0 0 0 0 0 0 0 0 0 0 0 0 0 0 0 0 0 0 0 0 0 0 0 0 0 0 0 0 0 0 0 0 0 0 0 0 0 0 0 0 0 0 0 0 0 data 26 0x30005 0x0 0x0 0x24b104c5fc0 0x2bd 0x0 0x0 0x60005 0x0 0x0 0x24b11543fd0 0x2bd 0x0 0x0 0x90002 0x2bd 0x0 0x0 0x0 0x0 0x0 0x0 0x9 0x2 0x0 0x0 oops 2 3 org/yaml/parser/YamlLoader 10 org/yaml/parser/YamlLoader$YamlBuilder$ methods 0
ciMethodData org/yaml/parser/YamlLoader org$yaml$parser$YamlLoader$$YamlBuilder ()Lorg/yaml/parser/YamlLoader$YamlBuilder$; 2 1809 orig 80 0 0 0 0 0 0 0 0 0 0 0 0 75 2 0 0 0 0 0 0 0 0 0 0 0 0 0 0 0 0 0 0 0 0 0 0 0 0 0 0 0 0 0 0 0 0 0 0 0 0 0 0 0 0 0 0 0 0 0 0 0 0 0 0 0 0 0 0 0 0 0 0 0 0 0 0 0 0 0 0 data 15 0x40007 0x6b4 0x30 0x0 0x80002 0x0 0x0 0x0 0x0 0x0 0x0 0x0 0x9 0x1 0x4 oops 0 methods 0
ciMethodData org/yaml/parser/YamlLoader YamlBuilder$lzycompute$1 ()V 1 1 orig 80 0 0 0 0 0 0 0 0 0 0 0 0 75 2 0 0 0 0 0 0 0 0 0 0 0 0 0 0 0 0 0 0 0 0 0 0 0 0 0 0 0 0 0 0 0 0 0 0 0 0 0 0 0 0 0 0 0 0 0 0 0 0 0 0 0 0 0 0 0 0 0 0 0 0 0 0 0 0 0 0 data 18 0x80007 0x0 0x30 0x0 0x110002 0x0 0x190003 0x0 0x18 0x0 0x0 0x0 0x0 0x0 0x0 0x9 0x1 0x4 oops 0 methods 0
ciMethodData org/yaml/parser/YamlLoader$YamlBuilder$ $lessinit$greater$default$1 ()Lorg/mulesoft/common/client/lexical/SourceLocation; 2 1812 orig 80 0 0 0 0 0 0 0 0 0 0 0 0 75 2 0 0 0 0 0 0 0 0 0 0 0 0 0 0 0 0 0 0 0 0 0 0 0 0 0 0 0 0 0 0 0 0 0 0 0 0 0 0 0 0 0 0 0 0 0 0 0 0 0 0 0 0 0 0 0 0 0 0 0 0 0 0 0 0 0 0 data 30 0x40005 0x0 0x0 0x24b104c5fc0 0x6b7 0x0 0x0 0x70005 0x0 0x0 0x24b104c9ba0 0x6b7 0x0 0x0 0xa0005 0x0 0x0 0x24b104e60a0 0x6b7 0x0 0x0 0x0 0x0 0x0 0x0 0x0 0x0 0x9 0x1 0x0 oops 3 3 org/yaml/parser/YamlLoader 10 org/yaml/lexer/YamlLexer 17 org/mulesoft/lexer/TokenData methods 0
ciMethodData org/yaml/parser/YamlLoader$YamlBuilder <init> (Lorg/yaml/parser/YamlLoader;Lorg/mulesoft/common/client/lexical/SourceLocation;)V 2 1829 orig 80 0 0 0 0 0 0 0 0 0 0 0 0 75 2 0 0 0 0 0 0 0 0 0 0 0 0 0 0 0 0 0 0 0 0 0 0 0 0 0 0 0 0 0 0 0 0 0 0 0 0 0 0 0 0 0 0 0 0 0 0 0 0 0 0 0 0 0 0 0 0 0 0 0 0 0 0 0 0 0 0 data 24 0x60007 0x6c8 0x20 0x0 0x110002 0x6c8 0x190002 0x6c8 0x240002 0x6c8 0x2f0002 0x6c8 0x0 0x0 0x0 0x0 0x0 0x0 0x0 0x9 0x3 0x7e 0x0 0x0 oops 0 methods 0
ciMethodData org/yaml/parser/YamlLoader$ScalarBuilder <init> (Lorg/yaml/parser/YamlLoader;Lorg/yaml/model/YTag;)V 1 679 orig 80 0 0 0 0 0 0 0 0 0 0 0 0 75 2 0 0 0 0 0 0 0 0 0 0 0 0 0 0 0 0 0 0 0 0 0 0 0 0 0 0 0 0 0 0 0 0 0 0 0 0 0 0 0 0 0 0 0 0 0 0 0 0 0 0 0 0 0 0 0 0 0 0 0 0 0 0 0 0 0 0 data 36 0x30005 0x0 0x0 0x24b104c5fc0 0x28a 0x0 0x0 0x60005 0x0 0x0 0x24b11543fd0 0x28a 0x0 0x0 0x90002 0x28a 0xe0005 0x0 0x0 0x24b104c9db0 0x28a 0x0 0x0 0x160002 0x28a 0x0 0x0 0x0 0x0 0x0 0x0 0x9 0x3 0x0 0x0 0x0 oops 3 3 org/yaml/parser/YamlLoader 10 org/yaml/parser/YamlLoader$YamlBuilder$ 19 org/yaml/parser/YamlLoader$ScalarBuilder methods 0
ciMethodData org/yaml/parser/YamlLoader$PairBuilder <init> (Lorg/yaml/parser/YamlLoader;)V 1 365 orig 80 0 0 0 0 0 0 0 0 0 0 0 0 75 2 0 0 0 0 0 0 0 0 0 0 0 0 0 0 0 0 0 0 0 0 0 0 0 0 0 0 0 0 0 0 0 0 0 0 0 0 0 0 0 0 0 0 0 0 0 0 0 0 0 0 0 0 0 0 0 0 0 0 0 0 0 0 0 0 0 0 data 26 0x30005 0x0 0x0 0x24b104c5fc0 0x15b 0x0 0x0 0x60005 0x0 0x0 0x24b11543fd0 0x15b 0x0 0x0 0x90002 0x15b 0x0 0x0 0x0 0x0 0x0 0x0 0x9 0x2 0x0 0x0 oops 2 3 org/yaml/parser/YamlLoader 10 org/yaml/parser/YamlLoader$YamlBuilder$ methods 0
ciMethodData org/yaml/parser/YamlLoader process ()V 2 5407 orig 80 0 0 0 0 0 0 0 0 0 0 0 0 75 2 0 0 0 0 0 0 0 0 0 0 0 0 0 0 0 0 0 0 0 0 0 0 0 0 0 0 0 0 0 0 0 0 0 0 0 0 0 0 0 0 0 0 0 0 0 0 0 0 0 0 0 0 0 0 0 0 0 0 0 0 0 0 0 0 0 0 data 1573 0x10005 0x0 0x0 0x24b104c5fc0 0x1416 0x0 0x0 0x40005 0x0 0x0 0x24b104c9ba0 0x1416 0x0 0x0 0x70004 0x0 0x0 0x24b104c9c50 0x1416 0x0 0x0 0xe0005 0x1416 0x0 0x0 0x0 0x0 0x0 0x150007 0x1416 0x58 0x0 0x1b0007 0x0 0x90 0x0 0x1e0003 0x0 0xa8 0x230005 0x0 0x0 0x24b104c9c50 0x1416 0x0 0x0 0x260007 0x1416 0x58 0x0 0x2f0002 0x0 0x320002 0x0 0x390003 0x0 0x2de0 0x3c0003 0x1416 0x18 0x420005 0x1416 0x0 0x0 0x0 0x0 0x0 0x490007 0x1416 0x58 0x0 0x4f0007 0x0 0x90 0x0 0x520003 0x0 0xa8 0x570005 0x0 0x0 0x24b104c9c50 0x1416 0x0 0x0 0x5a0007 0x1175 0x58 0x2a1 0x630002 0x2a1 0x660002 0x2a1 0x6d0003 0x2a1 0x2ca8 0x700003 0x1175 0x18 0x760005 0x1175 0x0 0x0 0x0 0x0 0x0 0x7d0007 0x1175 0x58 0x0 0x830007 0x0 0x90 0x0 0x860003 0x0 0x118 0x8b0005 0x0 0x0 0x24b104c9c50 0x1175 0x0 0x0 0x8e0007 0xf40 0xc8 0x235 0x980005 0x0 0x0 0x24b104c5fc0 0x235 0x0 0x0 0x9b0005 0x0 0x0 0x24b104c9d00 0x235 0x0 0x0 0x9e0002 0x235 0xa10002 0x235 0xa80003 0x235 0x2b00 0xab0003 0xf40 0x18 0xb10005 0xf40 0x0 0x0 0x0 0x0 0x0 0xb80007 0xf40 0x58 0x0 0xbe0007 0x0 0x90 0x0 0xc10003 0x0 0xa8 0xc60005 0x0 0x0 0x24b104c9c50 0xf40 0x0 0x0 0xc90007 0xf37 0x58 0x9 0xd20002 0x9 0xd50002 0x9 0xdc0003 0x9 0x29c8 0xdf0003 0xf37 0x18 0xe50005 0xf37 0x0 0x0 0x0 0x0 0x0 0xec0007 0xf37 0x58 0x0 0xf20007 0x0 0x90 0x0 0xf50003 0x0 0xa8 0xfa0005 0x0 0x0 0x24b104c9c50 0xf37 0x0 0x0 0xfd0007 0xe0b 0x58 0x12c 0x1060002 0x12c 0x1090002 0x12c 0x1100003 0x12c 0x2890 0x1130003 0xe0b 0x18 0x1190005 0xe0b 0x0 0x0 0x0 0x0 0x0 0x1200007 0xe0b 0x58 0x0 0x1260007 0x0 0x90 0x0 0x1290003 0x0 0xa8 0x12e0005 0x0 0x0 0x24b104c9c50 0xe0b 0x0 0x0 0x1310007 0xda8 0x58 0x63 0x13a0002 0x63 0x13d0002 0x63 0x1440003 0x63 0x2758 0x1470003 0xda8 0x18 0x14d0005 0xda8 0x0 0x0 0x0 0x0 0x0 0x1540007 0xda8 0x58 0x0 0x15a0007 0x0 0x90 0x0 0x15d0003 0x0 0xa8 0x1620005 0x0 0x0 0x24b104c9c50 0xda8 0x0 0x0 0x1650007 0xda8 0x58 0x0 0x16e0002 0x0 0x1710002 0x0 0x1780003 0x0 0x2620 0x17b0003 0xda8 0x18 0x1810005 0xda8 0x0 0x0 0x0 0x0 0x0 0x1880007 0xda8 0x58 0x0 0x18e0007 0x0 0x90 0x0 0x1910003 0x0 0xa8 0x1960005 0x0 0x0 0x24b104c9c50 0xda8 0x0 0x0 0x1990007 0xda8 0x58 0x0 0x1a20002 0x0 0x1a50002 0x0 0x1ac0003 0x0 0x24e8 0x1af0003 0xda8 0x18 0x1b50005 0xda8 0x0 0x0 0x0 0x0 0x0 0x1bc0007 0xda8 0x58 0x0 0x1c20007 0x0 0x90 0x0 0x1c50003 0x0 0xa8 0x1ca0005 0x0 0x0 0x24b104c9c50 0xda8 0x0 0x0 0x1cd0007 0xda8 0x58 0x0 0x1d60002 0x0 0x1d90002 0x0 0x1e00003 0x0 0x23b0 0x1e30003 0xda8 0x18 0x1e90005 0xda8 0x0 0x0 0x0 0x0 0x0 0x1f00007 0xda8 0x58 0x0 0x1f60007 0x0 0x90 0x0 0x1f90003 0x0 0xa8 0x1fe0005 0x0 0x0 0x24b104c9c50 0xda8 0x0 0x0 0x2010007 0xda8 0x58 0x0 0x20a0002 0x0 0x20d0002 0x0 0x2140003 0x0 0x2278 0x2170003 0xda8 0x18 0x21d0005 0xda8 0x0 0x0 0x0 0x0 0x0 0x2240007 0xda8 0x58 0x0 0x22a0007 0x0 0x90 0x0 0x22d0003 0x0 0xa8 0x2320005 0x0 0x0 0x24b104c9c50 0xda8 0x0 0x0 0x2350007 0xda8 0x58 0x0 0x23e0002 0x0 0x2410002 0x0 0x2480003 0x0 0x2140 0x24b0003 0xda8 0x18 0x2510005 0xda8 0x0 0x0 0x0 0x0 0x0 0x2580007 0xda8 0x58 0x0 0x25e0007 0x0 0x90 0x0 0x2610003 0x0 0x88 0x2660005 0x0 0x0 0x24b104c9c50 0xda8 0x0 0x0 0x2690007 0xb72 0x38 0x236 0x26d0003 0x236 0xb38 0x2700003 0xb72 0x18 0x2760005 0xb72 0x0 0x0 0x0 0x0 0x0 0x27d0007 0xb72 0x58 0x0 0x2830007 0x0 0x90 0x0 0x2860003 0x0 0x88 0x28b0005 0x0 0x0 0x24b104c9c50 0xb72 0x0 0x0 0x28e0007 0xb72 0x38 0x0 0x2920003 0x0 0xa20 0x2950003 0xb72 0x18 0x29b0005 0xb72 0x0 0x0 0x0 0x0 0x0 0x2a20007 0xb72 0x58 0x0 0x2a80007 0x0 0x90 0x0 0x2ab0003 0x0 0x88 0x2b00005 0x0 0x0 0x24b104c9c50 0xb72 0x0 0x0 0x2b30007 0xb0f 0x38 0x63 0x2b70003 0x63 0x908 0x2ba0003 0xb0f 0x18 0x2c00005 0xb0f 0x0 0x0 0x0 0x0 0x0 0x2c70007 0xb0f 0x58 0x0 0x2cd0007 0x0 0x90 0x0 0x2d00003 0x0 0x88 0x2d50005 0x0 0x0 0x24b104c9c50 0xb0f 0x0 0x0 0x2d80007 0xb06 0x38 0x9 0x2dc0003 0x9 0x7f0 0x2df0003 0xb06 0x18 0x2e50005 0xb06 0x0 0x0 0x0 0x0 0x0 0x2ec0007 0xb06 0x58 0x0 0x2f20007 0x0 0x90 0x0 0x2f50003 0x0 0x88 0x2fa0005 0x0 0x0 0x24b104c9c50 0xb06 0x0 0x0 0x2fd0007 0xb06 0x38 0x0 0x3010003 0x0 0x6d8 0x3040003 0xb06 0x18 0x30a0005 0xb06 0x0 0x0 0x0 0x0 0x0 0x3110007 0xb06 0x58 0x0 0x3170007 0x0 0x90 0x0 0x31a0003 0x0 0x88 0x31f0005 0x0 0x0 0x24b104c9c50 0xb06 0x0 0x0 0x3220007 0x864 0x38 0x2a2 0x3260003 0x2a2 0x5c0 0x3290003 0x864 0x18 0x32f0005 0x864 0x0 0x0 0x0 0x0 0x0 0x3360007 0x864 0x58 0x0 0x33c0007 0x0 0x90 0x0 0x33f0003 0x0 0x88 0x3440005 0x0 0x0 0x24b104c9c50 0x864 0x0 0x0 0x3470007 0x738 0x38 0x12c 0x34b0003 0x12c 0x4a8 0x34e0003 0x738 0x18 0x3540005 0x738 0x0 0x0 0x0 0x0 0x0 0x35b0007 0x738 0x58 0x0 0x3610007 0x0 0x90 0x0 0x3640003 0x0 0x88 0x3690005 0x0 0x0 0x24b104c9c50 0x738 0x0 0x0 0x36c0007 0x738 0x38 0x0 0x3700003 0x0 0x390 0x3730003 0x738 0x18 0x3790005 0x738 0x0 0x0 0x0 0x0 0x0 0x3800007 0x738 0x58 0x0 0x3860007 0x0 0x90 0x0 0x3890003 0x0 0x88 0x38e0005 0x0 0x0 0x24b104c9c50 0x738 0x0 0x0 0x3910007 0x738 0x38 0x0 0x3950003 0x0 0x278 0x3980003 0x738 0x18 0x39e0005 0x738 0x0 0x0 0x0 0x0 0x0 0x3a50007 0x738 0x58 0x0 0x3ab0007 0x0 0x90 0x0 0x3ae0003 0x0 0x88 0x3b30005 0x0 0x0 0x24b104c9c50 0x738 0x0 0x0 0x3b60007 0x738 0x38 0x0 0x3ba0003 0x0 0x160 0x3bd0003 0x738 0x18 0x3c30005 0x738 0x0 0x0 0x0 0x0 0x0 0x3ca0007 0x738 0x58 0x0 0x3d00007 0x0 0x90 0x0 0x3d30003 0x0 0x88 0x3d80005 0x0 0x0 0x24b104c9c50 0x738 0x0 0x0 0x3db0007 0x738 0x38 0x0 0x3df0003 0x0 0x48 0x3e20003 0x738 0x18 0x3e60003 0x738 0x18 0x3e90007 0x738 0x90 0x670 0x3ed0005 0x0 0x0 0x24b104c5fc0 0x670 0x0 0x0 0x3f00005 0x198 0x0 0x24b104c9db0 0x236 0x24b104c9d00 0x2a2 0x3f40003 0x738 0x18 0x3fa0005 0x738 0x0 0x0 0x0 0x0 0x0 0x4010007 0x738 0x58 0x0 0x4070007 0x0 0x90 0x0 0x40a0003 0x0 0x168 0x40f0005 0x0 0x0 0x24b104c9c50 0x738 0x0 0x0 0x4120007 0x502 0x118 0x236 0x4160005 0x0 0x0 0x24b104c5fc0 0x236 0x0 0x0 0x41a0005 0x0 0x0 0x24b104c5fc0 0x236 0x0 0x0 0x41d0005 0x0 0x0 0x24b104c9ba0 0x236 0x0 0x0 0x4200005 0x0 0x0 0x24b104c9db0 0x236 0x0 0x0 0x4270003 0x236 0x1280 0x42a0003 0x502 0x18 0x4300005 0x502 0x0 0x0 0x0 0x0 0x0 0x4370007 0x502 0x58 0x0 0x43d0007 0x0 0x90 0x0 0x4400003 0x0 0xf8 0x4450005 0x0 0x0 0x24b104c9c50 0x502 0x0 0x0 0x4480007 0x502 0xa8 0x0 0x44c0005 0x0 0x0 0x0 0x0 0x0 0x0 0x4520005 0x0 0x0 0x0 0x0 0x0 0x0 0x4590003 0x0 0x10f8 0x45c0003 0x502 0x18 0x4620005 0x502 0x0 0x0 0x0 0x0 0x0 0x4690007 0x502 0x58 0x0 0x46f0007 0x0 0x90 0x0 0x4720003 0x0 0xf8 0x4770005 0x0 0x0 0x24b104c9c50 0x502 0x0 0x0 0x47a0007 0x502 0xa8 0x0 0x47e0005 0x0 0x0 0x0 0x0 0x0 0x0 0x4840005 0x0 0x0 0x0 0x0 0x0 0x0 0x48b0003 0x0 0xf70 0x48e0003 0x502 0x18 0x4940005 0x502 0x0 0x0 0x0 0x0 0x0 0x49b0007 0x502 0x58 0x0 0x4a10007 0x0 0x90 0x0 0x4a40003 0x0 0xf8 0x4a90005 0x0 0x0 0x24b104c9c50 0x502 0x0 0x0 0x4ac0007 0x502 0xa8 0x0 0x4b00005 0x0 0x0 0x0 0x0 0x0 0x0 0x4b40005 0x0 0x0 0x0 0x0 0x0 0x0 0x4bb0003 0x0 0xde8 0x4be0003 0x502 0x18 0x4c40005 0x502 0x0 0x0 0x0 0x0 0x0 0x4cb0007 0x502 0x58 0x0 0x4d10007 0x0 0x90 0x0 0x4d40003 0x0 0xf8 0x4d90005 0x0 0x0 0x24b104c9c50 0x502 0x0 0x0 0x4dc0007 0x502 0xa8 0x0 0x4e00005 0x0 0x0 0x0 0x0 0x0 0x0 0x4e40005 0x0 0x0 0x0 0x0 0x0 0x0 0x4eb0003 0x0 0xc60 0x4ee0003 0x502 0x18 0x4f40005 0x502 0x0 0x0 0x0 0x0 0x0 0x4fb0007 0x502 0x58 0x0 0x5010007 0x0 0x90 0x0 0x5040003 0x0 0xf8 0x5090005 0x0 0x0 0x24b104c9c50 0x502 0x0 0x0 0x50c0007 0x502 0xa8 0x0 0x5100005 0x0 0x0 0x0 0x0 0x0 0x0 0x5140005 0x0 0x0 0x0 0x0 0x0 0x0 0x51b0003 0x0 0xad8 0x51e0003 0x502 0x18 0x5240005 0x502 0x0 0x0 0x0 0x0 0x0 0x52b0007 0x502 0x58 0x0 0x5310007 0x0 0x90 0x0 0x5340003 0x0 0xf8 0x5390005 0x0 0x0 0x24b104c9c50 0x502 0x0 0x0 0x53c0007 0x502 0xa8 0x0 0x5400005 0x0 0x0 0x0 0x0 0x0 0x0 0x5430005 0x0 0x0 0x0 0x0 0x0 0x0 0x54a0003 0x0 0x950 0x54d0003 0x502 0x18 0x5530005 0x502 0x0 0x0 0x0 0x0 0x0 0x55a0007 0x502 0x58 0x0 0x5600007 0x0 0x90 0x0 0x5630003 0x0 0xf8 0x5680005 0x0 0x0 0x24b104c9c50 0x502 0x0 0x0 0x56b0007 0x384 0xa8 0x17e 0x56f0005 0x0 0x0 0x24b104c5fc0 0x17e 0x0 0x0 0x5720005 0x0 0x0 0x24b104c9e60 0x12d 0x24b104c9f10 0x51 0x5790003 0x17e 0x7c8 0x57c0003 0x384 0x18 0x5820005 0x384 0x0 0x0 0x0 0x0 0x0 0x5890007 0x384 0x58 0x0 0x58f0007 0x0 0x90 0x0 0x5920003 0x0 0xf8 0x5970005 0x0 0x0 0x24b104c9c50 0x384 0x0 0x0 0x59a0007 0x384 0xa8 0x0 0x59e0005 0x0 0x0 0x0 0x0 0x0 0x0 0x5a10005 0x0 0x0 0x0 0x0 0x0 0x0 0x5a80003 0x0 0x640 0x5ab0003 0x384 0x18 0x5b10005 0x384 0x0 0x0 0x0 0x0 0x0 0x5b80007 0x384 0x58 0x0 0x5be0007 0x0 0x90 0x0 0x5c10003 0x0 0xf8 0x5c60005 0x0 0x0 0x24b104c9c50 0x384 0x0 0x0 0x5c90007 0x247 0xa8 0x13d 0x5cd0005 0x0 0x0 0x24b104c5fc0 0x13d 0x0 0x0 0x5d00005 0x0 0x0 0x24b104c9e60 0xda 0x24b104c9d00 0x63 0x5d70003 0x13d 0x4b8 0x5da0003 0x247 0x18 0x5e00005 0x247 0x0 0x0 0x0 0x0 0x0 0x5e70007 0x247 0x58 0x0 0x5ed0007 0x0 0x90 0x0 0x5f00003 0x0 0xf8 0x5f50005 0x0 0x0 0x24b104c9c50 0x247 0x0 0x0 0x5f80007 0x12c 0xa8 0x11b 0x5fc0005 0x0 0x0 0x24b104c5fc0 0x11b 0x0 0x0 0x5ff0005 0x0 0x0 0x24b104c9e60 0xca 0x24b104c9f10 0x51 0x6060003 0x11b 0x330 0x6090003 0x12c 0x18 0x60f0005 0x12c 0x0 0x0 0x0 0x0 0x0 0x6160007 0x12c 0x58 0x0 0x61c0007 0x0 0x90 0x0 0x61f0003 0x0 0x258 0x6240005 0x0 0x0 0x24b104c9c50 0x12c 0x0 0x0 0x6270007 0x12c 0x208 0x0 0x62b0005 0x0 0x0 0x0 0x0 0x0 0x0 0x62f0005 0x0 0x0 0x0 0x0 0x0 0x0 0x6320005 0x0 0x0 0x0 0x0 0x0 0x0 0x6350005 0x0 0x0 0x0 0x0 0x0 0x0 0x63d0005 0x0 0x0 0x0 0x0 0x0 0x0 0x6400005 0x0 0x0 0x0 0x0 0x0 0x0 0x6460005 0x0 0x0 0x0 0x0 0x0 0x0 0x6490002 0x0 0x64c0005 0x0 0x0 0x0 0x0 0x0 0x0 0x6550003 0x0 0x48 0x6580003 0x12c 0x18 0x65f0003 0x12c 0x18 0x6630005 0x0 0x0 0x24b104c5fc0 0xda6 0x0 0x0 0x6660005 0x53e 0x0 0x24b104c9db0 0x46b 0x24b104c9e60 0x3fd 0x0 0x0 0x0 0x0 0x0 0x0 0x0 0x0 0x0 0x0 0x0 0x0 0x0 0x0 0x0 0x0 0x0 0x0 0x0 0x0 0x0 0x0 0x0 0x0 0x0 0x0 0x0 0x0 0x0 0x0 0x0 0x0 0x0 0x0 0x9 0x1 0x0 oops 58 3 org/yaml/parser/YamlLoader 10 org/yaml/lexer/YamlLexer 17 org/yaml/lexer/YamlToken 42 org/yaml/lexer/YamlToken 81 org/yaml/lexer/YamlToken 120 org/yaml/lexer/YamlToken 131 org/yaml/parser/YamlLoader 138 org/yaml/parser/YamlLoader$NodeBuilder 173 org/yaml/lexer/YamlToken 212 org/yaml/lexer/YamlToken 251 org/yaml/lexer/YamlToken 290 org/yaml/lexer/YamlToken 329 org/yaml/lexer/YamlToken 368 org/yaml/lexer/YamlToken 407 org/yaml/lexer/YamlToken 446 org/yaml/lexer/YamlToken 485 org/yaml/lexer/YamlToken 520 org/yaml/lexer/YamlToken 555 org/yaml/lexer/YamlToken 590 org/yaml/lexer/YamlToken 625 org/yaml/lexer/YamlToken 660 org/yaml/lexer/YamlToken 695 org/yaml/lexer/YamlToken 730 org/yaml/lexer/YamlToken 765 org/yaml/lexer/YamlToken 800 org/yaml/lexer/YamlToken 835 org/yaml/lexer/YamlToken 859 org/yaml/parser/YamlLoader 866 org/yaml/parser/YamlLoader$ScalarBuilder 868 org/yaml/parser/YamlLoader$NodeBuilder 894 org/yaml/lexer/YamlToken 905 org/yaml/parser/YamlLoader 912 org/yaml/parser/YamlLoader 919 org/yaml/lexer/YamlLexer 926 org/yaml/parser/YamlLoader$ScalarBuilder 957 org/yaml/lexer/YamlToken 1006 org/yaml/lexer/YamlToken 1055 org/yaml/lexer/YamlToken 1104 org/yaml/lexer/YamlToken 1153 org/yaml/lexer/YamlToken 1202 org/yaml/lexer/YamlToken 1251 org/yaml/lexer/YamlToken 1262 org/yaml/parser/YamlLoader 1269 org/yaml/parser/YamlLoader$PairBuilder 1271 org/yaml/parser/YamlLoader$SeqBuilder 1300 org/yaml/lexer/YamlToken 1349 org/yaml/lexer/YamlToken 1360 org/yaml/parser/YamlLoader 1367 org/yaml/parser/YamlLoader$PairBuilder 1369 org/yaml/parser/YamlLoader$NodeBuilder 1398 org/yaml/lexer/YamlToken 1409 org/yaml/parser/YamlLoader 1416 org/yaml/parser/YamlLoader$PairBuilder 1418 org/yaml/parser/YamlLoader$SeqBuilder 1447 org/yaml/lexer/YamlToken 1525 org/yaml/parser/YamlLoader 1532 org/yaml/parser/YamlLoader$ScalarBuilder 1534 org/yaml/parser/YamlLoader$PairBuilder methods 0
ciMethodData org/yaml/parser/YamlLoader$MapBuilder <init> (Lorg/yaml/parser/YamlLoader;)V 1 122 orig 80 0 0 0 0 0 0 0 0 0 0 0 0 75 2 0 0 0 0 0 0 0 0 0 0 0 0 0 0 0 0 0 0 0 0 0 0 0 0 0 0 0 0 0 0 0 0 0 0 0 0 0 0 0 0 0 0 0 0 0 0 0 0 0 0 0 0 0 0 0 0 0 0 0 0 0 0 0 0 0 0 data 26 0x30005 0x0 0x0 0x24b104c5fc0 0x73 0x0 0x0 0x60005 0x0 0x0 0x24b11543fd0 0x73 0x0 0x0 0x90002 0x73 0x0 0x0 0x0 0x0 0x0 0x0 0x9 0x2 0x7e 0x4 oops 2 3 org/yaml/parser/YamlLoader 10 org/yaml/parser/YamlLoader$YamlBuilder$ methods 0
ciMethodData scala/collection/IndexedSeqOptimized isEmpty$ (Lscala/collection/IndexedSeqOptimized;)Z 2 9628 orig 80 0 0 0 0 0 0 0 0 0 0 0 0 0 0 0 0 0 0 0 0 0 0 0 0 0 0 0 0 0 0 0 0 0 0 0 0 0 0 0 0 0 0 0 0 0 0 0 0 0 0 0 0 0 0 0 0 0 0 0 0 0 0 0 0 0 0 0 0 0 0 0 0 0 0 0 0 0 0 0 0 data 7 0x10002 0x239d 0x0 0x0 0x9 0x1 0x0 oops 0 methods 0
ciMethodData scala/collection/IndexedSeqOptimized isEmpty ()Z 2 9628 orig 80 0 0 0 0 0 0 0 0 0 0 0 0 0 0 0 0 0 0 0 0 0 0 0 0 0 0 0 0 0 0 0 0 0 0 0 0 0 0 0 0 0 0 0 0 0 0 0 0 0 0 0 0 0 0 0 0 0 0 0 0 0 0 0 0 0 0 0 0 0 0 0 0 0 0 0 0 0 0 0 0 data 20 0x10005 0x262 0x0 0x24b11e1fa40 0x60b 0x24b11e1faf0 0x76a 0x70007 0xcd0 0x20 0x16cd 0x0 0x0 0x0 0x0 0x0 0x0 0x9 0x1 0x0 oops 2 3 scala/collection/immutable/StringOps 5 scala/collection/mutable/WrappedArray$ofRef methods 0
ciMethodData org/mulesoft/lexer/BaseLexer tokenText ()Ljava/lang/CharSequence; 1 683 orig 80 0 0 0 0 0 0 0 0 0 0 0 0 75 2 0 0 0 0 0 0 0 0 0 0 0 0 0 0 0 0 0 0 0 0 0 0 0 0 0 0 0 0 0 0 0 0 0 0 0 0 0 0 0 0 0 0 0 0 0 0 0 0 0 0 0 0 0 0 0 0 0 0 0 0 0 0 0 0 0 0 data 18 0x20002 0x282 0x50005 0x0 0x0 0x24b104c9ba0 0x282 0x0 0x0 0x0 0x0 0x0 0x0 0x0 0x0 0x9 0x1 0x0 oops 1 5 org/yaml/lexer/YamlLexer methods 0
ciMethodData org/mulesoft/lexer/BaseLexer tokenText (Lorg/mulesoft/lexer/TokenData;)Ljava/lang/CharSequence; 1 683 orig 80 0 0 0 0 0 0 0 0 0 0 0 0 75 2 0 0 0 0 0 0 0 0 0 0 0 0 0 0 0 0 0 0 0 0 0 0 0 0 0 0 0 0 0 0 0 0 0 0 0 0 0 0 0 0 0 0 0 0 0 0 0 0 0 0 0 0 0 0 0 0 0 0 0 0 0 0 0 0 0 0 data 52 0x10005 0x0 0x0 0x24b104c9ba0 0x282 0x0 0x0 0x50005 0x0 0x0 0x24b104e60a0 0x282 0x0 0x0 0x80005 0x0 0x0 0x24b104e62f0 0x282 0x0 0x0 0xc0005 0x0 0x0 0x24b104e60a0 0x282 0x0 0x0 0xf0005 0x0 0x0 0x24b104e62f0 0x282 0x0 0x0 0x120005 0x0 0x0 0x24b11d035f0 0x282 0x0 0x0 0x0 0x0 0x0 0x0 0x0 0x0 0x9 0x2 0x0 0x0 oops 6 3 org/yaml/lexer/YamlLexer 10 org/mulesoft/lexer/TokenData 17 org/mulesoft/common/client/lexical/SourceLocation 24 org/mulesoft/lexer/TokenData 31 org/mulesoft/common/client/lexical/SourceLocation 38 org/mulesoft/lexer/CharSequenceLexerInput methods 0
ciMethodData scala/collection/mutable/StringBuilder append (Ljava/lang/Object;)Lscala/collection/mutable/StringBuilder; 1 688 orig 80 0 0 0 0 0 0 0 0 0 0 0 0 75 2 0 0 0 0 0 0 0 0 0 0 0 0 0 0 0 0 0 0 0 0 0 0 0 0 0 0 0 0 0 0 0 0 0 0 0 0 0 0 0 0 0 0 0 0 0 0 0 0 0 0 0 0 0 0 0 0 0 0 0 0 0 0 0 0 0 0 data 21 0x10002 0x281 0x50002 0x281 0x80005 0x281 0x0 0x0 0x0 0x0 0x0 0x0 0x0 0x0 0x0 0x0 0x0 0x9 0x2 0x0 0xffffffffffffffff oops 0 methods 0
ciMethodData scala/collection/generic/Shrinkable $init$ (Lscala/collection/generic/Shrinkable;)V 2 4467 orig 80 0 0 0 0 0 0 0 0 0 0 0 0 0 0 0 0 0 0 0 0 0 0 0 0 0 0 0 0 0 0 0 0 0 0 0 0 0 0 0 0 0 0 0 0 0 0 0 0 0 0 0 0 0 0 0 0 0 0 0 0 0 0 0 0 0 0 0 0 0 0 0 0 0 0 0 0 0 0 0 0 data 4 0x0 0x9 0x1 0x0 oops 0 methods 0
ciMethodData org/yaml/parser/YamlLoader$YamlBuilder addCurrentToken ()V 2 6199 orig 80 0 0 0 0 0 0 0 0 0 0 0 0 0 0 0 0 0 0 0 0 0 0 0 0 0 0 0 0 0 0 0 0 0 0 0 0 0 0 0 0 0 0 0 0 0 0 0 0 0 0 0 0 0 0 0 0 0 0 0 0 0 0 0 0 0 0 0 0 0 0 0 0 0 0 0 0 0 0 0 0 data 135 0x10005 0x8a8 0x0 0x24b104c9db0 0x74e 0x24b104c9d00 0x642 0x40005 0x0 0x0 0x24b104c5fc0 0x1638 0x0 0x0 0x70005 0x0 0x0 0x24b104c9ba0 0x1638 0x0 0x0 0xc0005 0x8a8 0x0 0x24b104c9db0 0x74e 0x24b104c9d00 0x642 0xf0005 0x0 0x0 0x24b104c5fc0 0x1638 0x0 0x0 0x120007 0x1638 0x2d8 0x0 0x160005 0x0 0x0 0x0 0x0 0x0 0x0 0x1c0005 0x0 0x0 0x0 0x0 0x0 0x0 0x210007 0x0 0x58 0x0 0x260007 0x0 0x228 0x0 0x290003 0x0 0x70 0x2d0005 0x0 0x0 0x0 0x0 0x0 0x0 0x300007 0x0 0x1b8 0x0 0x340005 0x0 0x0 0x0 0x0 0x0 0x0 0x3c0005 0x0 0x0 0x0 0x0 0x0 0x0 0x400005 0x0 0x0 0x0 0x0 0x0 0x0 0x430005 0x0 0x0 0x0 0x0 0x0 0x0 0x460005 0x0 0x0 0x0 0x0 0x0 0x0 0x4a0005 0x0 0x0 0x0 0x0 0x0 0x0 0x4d0002 0x0 0x500005 0x0 0x0 0x0 0x0 0x0 0x0 0x0 0x0 0x0 0x0 0x0 0x0 0x9 0x1 0x0 oops 7 3 org/yaml/parser/YamlLoader$ScalarBuilder 5 org/yaml/parser/YamlLoader$NodeBuilder 10 org/yaml/parser/YamlLoader 17 org/yaml/lexer/YamlLexer 24 org/yaml/parser/YamlLoader$ScalarBuilder 26 org/yaml/parser/YamlLoader$NodeBuilder 31 org/yaml/parser/YamlLoader methods 0
ciMethodData scala/collection/mutable/AbstractBuffer <init> ()V 2 4279 orig 80 0 0 0 0 0 0 0 0 0 0 0 0 0 0 0 0 0 0 0 0 0 0 0 0 0 0 0 0 0 0 0 0 0 0 0 0 0 0 0 0 0 0 0 0 0 0 0 0 0 0 0 0 0 0 0 0 0 0 0 0 0 0 0 0 0 0 0 0 0 0 0 0 0 0 0 0 0 0 0 0 data 21 0x10002 0xeb8 0x50002 0xeb8 0x90002 0xeb8 0xd0002 0xeb8 0x110002 0xeb8 0x150002 0xeb8 0x0 0x0 0x0 0x0 0x0 0x0 0x9 0x1 0xffffffffffffffff oops 0 methods 0
ciMethodData scala/collection/mutable/BufferLike $init$ (Lscala/collection/mutable/BufferLike;)V 2 4324 orig 80 0 0 0 0 0 0 0 0 0 0 0 0 0 0 0 0 0 0 0 0 0 0 0 0 0 0 0 0 0 0 0 0 0 0 0 0 0 0 0 0 0 0 0 0 0 0 0 0 0 0 0 0 0 0 0 0 0 0 0 0 0 0 0 0 0 0 0 0 0 0 0 0 0 0 0 0 0 0 0 0 data 4 0x0 0x9 0x1 0x0 oops 0 methods 0
ciMethodData scala/collection/mutable/Buffer $init$ (Lscala/collection/mutable/Buffer;)V 2 4324 orig 80 0 0 0 0 0 0 0 0 0 0 0 0 0 0 0 0 0 0 0 0 0 0 0 0 0 0 0 0 0 0 0 0 0 0 0 0 0 0 0 0 0 0 0 0 0 0 0 0 0 0 0 0 0 0 0 0 0 0 0 0 0 0 0 0 0 0 0 0 0 0 0 0 0 0 0 0 0 0 0 0 data 4 0x0 0x9 0x1 0x0 oops 0 methods 0
ciMethodData scala/collection/mutable/ArrayBuffer isEmpty ()Z 2 5965 orig 80 0 0 0 0 0 0 0 0 0 0 0 0 0 0 0 0 0 0 0 0 0 0 0 0 0 0 0 0 0 0 0 0 0 0 0 0 0 0 0 0 0 0 0 0 0 0 0 0 0 0 0 0 0 0 0 0 0 0 0 0 0 0 0 0 0 0 0 0 0 0 0 0 0 0 0 0 0 0 0 0 data 11 0x10002 0x154e 0x0 0x0 0x0 0x0 0x0 0x0 0x9 0x1 0x0 oops 0 methods 0
ciMethodData org/yaml/parser/YamlLoader$YamlBuilder processLineBreak ()V 1 387 orig 80 0 0 0 0 0 0 0 0 0 0 0 0 75 2 0 0 0 0 0 0 0 0 0 0 0 0 0 0 0 0 0 0 0 0 0 0 0 0 0 0 0 0 0 0 0 0 0 0 0 0 0 0 0 0 0 0 0 0 0 0 0 0 0 0 0 0 0 0 0 0 0 0 0 0 0 0 0 0 0 0 data 48 0x10005 0x0 0x0 0x24b104c9d00 0x6b 0x24b104c9e60 0xe8 0x40007 0x153 0x100 0x0 0x80005 0x0 0x0 0x0 0x0 0x0 0x0 0xb0005 0x0 0x0 0x0 0x0 0x0 0x0 0xe0005 0x0 0x0 0x0 0x0 0x0 0x0 0x110005 0x0 0x0 0x0 0x0 0x0 0x0 0x0 0x0 0x0 0x0 0x0 0x0 0x9 0x1 0x0 oops 2 3 org/yaml/parser/YamlLoader$NodeBuilder 5 org/yaml/parser/YamlLoader$PairBuilder methods 0
ciMethodData org/yaml/parser/YamlLoader$YamlBuilder processWhiteSpace ()V 1 334 orig 80 0 0 0 0 0 0 0 0 0 0 0 0 75 2 0 0 0 0 0 0 0 0 0 0 0 0 0 0 0 0 0 0 0 0 0 0 0 0 0 0 0 0 0 0 0 0 0 0 0 0 0 0 0 0 0 0 0 0 0 0 0 0 0 0 0 0 0 0 0 0 0 0 0 0 0 0 0 0 0 0 data 4 0x0 0x9 0x1 0x0 oops 0 methods 0
ciMethodData scala/math/package$ max (II)I 2 4244 orig 80 0 0 0 0 0 0 0 0 0 0 0 0 0 0 0 0 0 0 0 0 0 0 0 0 0 0 0 0 0 0 0 0 0 0 0 0 0 0 0 0 0 0 0 0 0 0 0 0 0 0 0 0 0 0 0 0 0 0 0 0 0 0 0 0 0 0 0 0 0 0 0 0 0 0 0 0 0 0 0 0 data 13 0x20002 0xe95 0x0 0x0 0x0 0x0 0x0 0x0 0x9 0x3 0x0 0x0 0x0 oops 0 methods 0
ciMethodData scala/collection/mutable/ArrayBuffer <init> (I)V 2 4152 orig 80 0 0 0 0 0 0 0 0 0 0 0 0 0 0 0 0 0 0 0 0 0 0 0 0 0 0 0 0 0 0 0 0 0 0 0 0 0 0 0 0 0 0 0 0 0 0 0 0 0 0 0 0 0 0 0 0 0 0 0 0 0 0 0 0 0 0 0 0 0 0 0 0 0 0 0 0 0 0 0 0 data 28 0x60002 0xe39 0xa0002 0xe39 0xe0002 0xe39 0x120002 0xe39 0x160002 0xe39 0x1a0002 0xe39 0x1e0002 0xe39 0x220002 0xe39 0x260002 0xe39 0x0 0x0 0x0 0x0 0x0 0x0 0x9 0x2 0xffffffffffffffff 0x0 oops 0 methods 0
ciMethodData scala/collection/mutable/ResizableArray $init$ (Lscala/collection/mutable/ResizableArray;)V 2 4227 orig 80 0 0 0 0 0 0 0 0 0 0 0 0 0 0 0 0 0 0 0 0 0 0 0 0 0 0 0 0 0 0 0 0 0 0 0 0 0 0 0 0 0 0 0 0 0 0 0 0 0 0 0 0 0 0 0 0 0 0 0 0 0 0 0 0 0 0 0 0 0 0 0 0 0 0 0 0 0 0 0 0 data 37 0x50005 0x0 0x0 0x24b11559d00 0xe84 0x0 0x0 0xb0005 0xe84 0x0 0x0 0x0 0x0 0x0 0x110005 0x0 0x0 0x24b11559d00 0xe84 0x0 0x0 0x180005 0x0 0x0 0x24b11559d00 0xe84 0x0 0x0 0x0 0x0 0x0 0x0 0x0 0x0 0x9 0x1 0x0 oops 3 3 scala/collection/mutable/ArrayBuffer 17 scala/collection/mutable/ArrayBuffer 24 scala/collection/mutable/ArrayBuffer methods 0
ciMethodData scala/collection/mutable/ArrayBuffer <init> ()V 2 4151 orig 80 0 0 0 0 0 0 0 0 0 0 0 0 0 0 0 0 0 0 0 0 0 0 0 0 0 0 0 0 0 0 0 0 0 0 0 0 0 0 0 0 0 0 0 0 0 0 0 0 0 0 0 0 0 0 0 0 0 0 0 0 0 0 0 0 0 0 0 0 0 0 0 0 0 0 0 0 0 0 0 0 data 7 0x30002 0xe38 0x0 0x0 0x9 0x1 0xffffffffffffffff oops 0 methods 0
ciMethodData scala/collection/mutable/StringBuilder <init> ()V 2 2620 orig 80 0 0 0 0 0 0 0 0 0 0 0 0 0 0 0 0 0 0 0 0 0 0 0 0 0 0 0 0 0 0 0 0 0 0 0 0 0 0 0 0 0 0 0 0 0 0 0 0 0 0 0 0 0 0 0 0 0 0 0 0 0 0 0 0 0 0 0 0 0 0 0 0 0 0 0 0 0 0 0 0 data 8 0x60002 0x83d 0x0 0x0 0x0 0x9 0x1 0xffffffffffffffff oops 0 methods 0
ciMethodData scala/collection/mutable/StringBuilder <init> (ILjava/lang/String;)V 2 2620 orig 80 0 0 0 0 0 0 0 0 0 0 0 0 0 0 0 0 0 0 0 0 0 0 0 0 0 0 0 0 0 0 0 0 0 0 0 0 0 0 0 0 0 0 0 0 0 0 0 0 0 0 0 0 0 0 0 0 0 0 0 0 0 0 0 0 0 0 0 0 0 0 0 0 0 0 0 0 0 0 0 0 data 29 0x60005 0x83d 0x0 0x0 0x0 0x0 0x0 0xb0002 0x83d 0xf0005 0x83d 0x0 0x0 0x0 0x0 0x0 0x120002 0x83d 0x0 0x0 0x0 0x0 0x0 0x0 0x9 0x3 0xffffffffffffffff 0x0 0x0 oops 0 methods 0
ciMethodData scala/collection/mutable/StringBuilder <init> (Ljava/lang/StringBuilder;)V 2 2645 orig 80 0 0 0 0 0 0 0 0 0 0 0 0 0 0 0 0 0 0 0 0 0 0 0 0 0 0 0 0 0 0 0 0 0 0 0 0 0 0 0 0 0 0 0 0 0 0 0 0 0 0 0 0 0 0 0 0 0 0 0 0 0 0 0 0 0 0 0 0 0 0 0 0 0 0 0 0 0 0 0 0 data 30 0x60002 0x856 0xa0002 0x856 0xe0002 0x856 0x120002 0x856 0x160002 0x856 0x1a0002 0x856 0x1e0002 0x856 0x220002 0x856 0x260002 0x856 0x2a0002 0x856 0x0 0x0 0x0 0x0 0x0 0x0 0x9 0x2 0xffffffffffffffff 0x0 oops 0 methods 0
ciMethodData org/yaml/parser/YamlLoader$ScalarBuilder appendText (Ljava/lang/CharSequence;)V 1 679 orig 80 0 0 0 0 0 0 0 0 0 0 0 0 75 2 0 0 0 0 0 0 0 0 0 0 0 0 0 0 0 0 0 0 0 0 0 0 0 0 0 0 0 0 0 0 0 0 0 0 0 0 0 0 0 0 0 0 0 0 0 0 0 0 0 0 0 0 0 0 0 0 0 0 0 0 0 0 0 0 0 0 data 48 0x10002 0x117 0x90007 0x117 0x58 0x0 0xe0007 0x0 0x90 0x0 0x110003 0x0 0x98 0x150005 0x0 0x0 0x24b120e2060 0x117 0x0 0x0 0x180007 0x0 0x48 0x117 0x1f0002 0x117 0x220003 0x117 0x18 0x260002 0x117 0x2a0005 0x117 0x0 0x0 0x0 0x0 0x0 0x0 0x0 0x0 0x0 0x0 0x0 0x9 0x2 0x80 0xffffffffffffffff oops 1 16 org/yaml/model/UnknownMark$ methods 0
compile org/yaml/parser/YamlLoader process ()V -1 4 inline 679 0 -1 org/yaml/parser/YamlLoader process ()V 1 1 org/yaml/parser/YamlLoader lexer ()Lorg/yaml/lexer/YamlLexer; 1 4 org/mulesoft/lexer/BaseLexer token ()Lorg/mulesoft/lexer/Token; 2 1 org/mulesoft/lexer/BaseLexer _tokenData ()Lorg/mulesoft/lexer/TokenData; 2 4 org/mulesoft/lexer/TokenData token ()Lorg/mulesoft/lexer/Token; 1 14 org/yaml/lexer/YamlToken$ BeginDocument ()Lorg/yaml/lexer/YamlToken; 1 35 java/lang/Object equals (Ljava/lang/Object;)Z 1 66 org/yaml/lexer/YamlToken$ BeginNode ()Lorg/yaml/lexer/YamlToken; 1 87 java/lang/Object equals (Ljava/lang/Object;)Z 1 99 org/yaml/parser/YamlLoader$NodeBuilder <init> (Lorg/yaml/parser/YamlLoader;)V 2 3 org/yaml/parser/YamlLoader org$yaml$parser$YamlLoader$$YamlBuilder ()Lorg/yaml/parser/YamlLoader$YamlBuilder$; 2 6 org/yaml/parser/YamlLoader$YamlBuilder$ $lessinit$greater$default$1 ()Lorg/mulesoft/common/client/lexical/SourceLocation; 3 4 org/yaml/parser/YamlLoader lexer ()Lorg/yaml/lexer/YamlLexer; 3 7 org/mulesoft/lexer/BaseLexer tokenData ()Lorg/mulesoft/lexer/TokenData; 4 1 org/mulesoft/lexer/BaseLexer _tokenData ()Lorg/mulesoft/lexer/TokenData; 3 10 org/mulesoft/lexer/TokenData range ()Lorg/mulesoft/common/client/lexical/SourceLocation; 2 9 org/yaml/parser/YamlLoader$YamlBuilder <init> (Lorg/yaml/parser/YamlLoader;Lorg/mulesoft/common/client/lexical/SourceLocation;)V 3 17 java/lang/Object <init> ()V 3 25 scala/collection/mutable/ArrayBuffer <init> ()V 4 3 scala/collection/mutable/ArrayBuffer <init> (I)V 5 6 scala/collection/mutable/AbstractBuffer <init> ()V 6 1 scala/collection/mutable/AbstractSeq <init> ()V 7 1 scala/collection/AbstractSeq <init> ()V 8 1 scala/collection/AbstractIterable <init> ()V 9 1 scala/collection/AbstractTraversable <init> ()V 10 1 java/lang/Object <init> ()V 10 5 scala/collection/GenTraversableOnce $init$ (Lscala/collection/GenTraversableOnce;)V 10 9 scala/collection/TraversableOnce $init$ (Lscala/collection/TraversableOnce;)V 10 13 scala/collection/Parallelizable $init$ (Lscala/collection/Parallelizable;)V 10 17 scala/collection/TraversableLike $init$ (Lscala/collection/TraversableLike;)V 10 21 scala/collection/generic/GenericTraversableTemplate $init$ (Lscala/collection/generic/GenericTraversableTemplate;)V 10 25 scala/collection/GenTraversable $init$ (Lscala/collection/GenTraversable;)V 10 29 scala/collection/Traversable $init$ (Lscala/collection/Traversable;)V 9 5 scala/collection/GenIterable $init$ (Lscala/collection/GenIterable;)V 9 9 scala/collection/IterableLike $init$ (Lscala/collection/IterableLike;)V 9 13 scala/collection/Iterable $init$ (Lscala/collection/Iterable;)V 8 5 scala/PartialFunction $init$ (Lscala/PartialFunction;)V 8 9 scala/collection/GenSeqLike $init$ (Lscala/collection/GenSeqLike;)V 8 13 scala/collection/GenSeq $init$ (Lscala/collection/GenSeq;)V 8 17 scala/collection/SeqLike $init$ (Lscala/collection/SeqLike;)V 8 21 scala/collection/Seq $init$ (Lscala/collection/Seq;)V 7 5 scala/collection/mutable/Traversable $init$ (Lscala/collection/mutable/Traversable;)V 7 9 scala/collection/mutable/Iterable $init$ (Lscala/collection/mutable/Iterable;)V 7 13 scala/collection/mutable/Cloneable $init$ (Lscala/collection/mutable/Cloneable;)V 7 17 scala/collection/mutable/SeqLike $init$ (Lscala/collection/mutable/SeqLike;)V 7 21 scala/collection/mutable/Seq $init$ (Lscala/collection/mutable/Seq;)V 6 5 scala/collection/generic/Growable $init$ (Lscala/collection/generic/Growable;)V 6 9 scala/collection/generic/Shrinkable $init$ (Lscala/collection/generic/Shrinkable;)V 6 13 scala/collection/generic/Subtractable $init$ (Lscala/collection/generic/Subtractable;)V 6 17 scala/collection/mutable/BufferLike $init$ (Lscala/collection/mutable/BufferLike;)V 6 21 scala/collection/mutable/Buffer $init$ (Lscala/collection/mutable/Buffer;)V 5 10 scala/collection/IndexedSeqLike $init$ (Lscala/collection/IndexedSeqLike;)V 5 14 scala/collection/mutable/IndexedSeqLike $init$ (Lscala/collection/mutable/IndexedSeqLike;)V 5 18 scala/collection/IndexedSeqOptimized $init$ (Lscala/collection/IndexedSeqOptimized;)V 5 22 scala/collection/mutable/Builder $init$ (Lscala/collection/mutable/Builder;)V 5 26 scala/collection/IndexedSeq $init$ (Lscala/collection/IndexedSeq;)V 5 30 scala/collection/mutable/IndexedSeq $init$ (Lscala/collection/mutable/IndexedSeq;)V 5 34 scala/collection/mutable/ResizableArray $init$ (Lscala/collection/mutable/ResizableArray;)V 6 5 scala/collection/mutable/ArrayBuffer initialSize ()I 6 11 scala/math/package$ max (II)I 6 17 scala/collection/mutable/ArrayBuffer array_$eq ([Ljava/lang/Object;)V 6 24 scala/collection/mutable/ArrayBuffer size0_$eq (I)V 5 38 scala/collection/CustomParallelizable $init$ (Lscala/collection/CustomParallelizable;)V 3 36 scala/collection/mutable/ArrayBuffer <init> ()V 4 3 scala/collection/mutable/ArrayBuffer <init> (I)V 5 6 scala/collection/mutable/AbstractBuffer <init> ()V 6 1 scala/collection/mutable/AbstractSeq <init> ()V 7 1 scala/collection/AbstractSeq <init> ()V 8 1 scala/collection/AbstractIterable <init> ()V 9 1 scala/collection/AbstractTraversable <init> ()V 10 1 java/lang/Object <init> ()V 10 5 scala/collection/GenTraversableOnce $init$ (Lscala/collection/GenTraversableOnce;)V 10 9 scala/collection/TraversableOnce $init$ (Lscala/collection/TraversableOnce;)V 10 13 scala/collection/Parallelizable $init$ (Lscala/collection/Parallelizable;)V 10 17 scala/collection/TraversableLike $init$ (Lscala/collection/TraversableLike;)V 10 21 scala/collection/generic/GenericTraversableTemplate $init$ (Lscala/collection/generic/GenericTraversableTemplate;)V 10 25 scala/collection/GenTraversable $init$ (Lscala/collection/GenTraversable;)V 10 29 scala/collection/Traversable $init$ (Lscala/collection/Traversable;)V 9 5 scala/collection/GenIterable $init$ (Lscala/collection/GenIterable;)V 9 9 scala/collection/IterableLike $init$ (Lscala/collection/IterableLike;)V 9 13 scala/collection/Iterable $init$ (Lscala/collection/Iterable;)V 8 5 scala/PartialFunction $init$ (Lscala/PartialFunction;)V 8 9 scala/collection/GenSeqLike $init$ (Lscala/collection/GenSeqLike;)V 8 13 scala/collection/GenSeq $init$ (Lscala/collection/GenSeq;)V 8 17 scala/collection/SeqLike $init$ (Lscala/collection/SeqLike;)V 8 21 scala/collection/Seq $init$ (Lscala/collection/Seq;)V 7 5 scala/collection/mutable/Traversable $init$ (Lscala/collection/mutable/Traversable;)V 7 9 scala/collection/mutable/Iterable $init$ (Lscala/collection/mutable/Iterable;)V 7 13 scala/collection/mutable/Cloneable $init$ (Lscala/collection/mutable/Cloneable;)V 7 17 scala/collection/mutable/SeqLike $init$ (Lscala/collection/mutable/SeqLike;)V 7 21 scala/collection/mutable/Seq $init$ (Lscala/collection/mutable/Seq;)V 6 5 scala/collection/generic/Growable $init$ (Lscala/collection/generic/Growable;)V 6 9 scala/collection/generic/Shrinkable $init$ (Lscala/collection/generic/Shrinkable;)V 6 13 scala/collection/generic/Subtractable $init$ (Lscala/collection/generic/Subtractable;)V 6 17 scala/collection/mutable/BufferLike $init$ (Lscala/collection/mutable/BufferLike;)V 6 21 scala/collection/mutable/Buffer $init$ (Lscala/collection/mutable/Buffer;)V 5 10 scala/collection/IndexedSeqLike $init$ (Lscala/collection/IndexedSeqLike;)V 5 14 scala/collection/mutable/IndexedSeqLike $init$ (Lscala/collection/mutable/IndexedSeqLike;)V 5 18 scala/collection/IndexedSeqOptimized $init$ (Lscala/collection/IndexedSeqOptimized;)V 5 22 scala/collection/mutable/Builder $init$ (Lscala/collection/mutable/Builder;)V 5 26 scala/collection/IndexedSeq $init$ (Lscala/collection/IndexedSeq;)V 5 30 scala/collection/mutable/IndexedSeq $init$ (Lscala/collection/mutable/IndexedSeq;)V 5 34 scala/collection/mutable/ResizableArray $init$ (Lscala/collection/mutable/ResizableArray;)V 6 5 scala/collection/mutable/ArrayBuffer initialSize ()I 6 11 scala/math/package$ max (II)I 6 17 scala/collection/mutable/ArrayBuffer array_$eq ([Ljava/lang/Object;)V 6 24 scala/collection/mutable/ArrayBuffer size0_$eq (I)V 5 38 scala/collection/CustomParallelizable $init$ (Lscala/collection/CustomParallelizable;)V 3 47 scala/collection/mutable/StringBuilder <init> ()V 4 6 scala/collection/mutable/StringBuilder <init> (ILjava/lang/String;)V 5 6 java/lang/String length ()I 6 6 java/lang/String coder ()B 5 11 java/lang/StringBuilder <init> (I)V 5 15 java/lang/StringBuilder append (Ljava/lang/String;)Ljava/lang/StringBuilder; 5 18 scala/collection/mutable/StringBuilder <init> (Ljava/lang/StringBuilder;)V 6 6 scala/collection/mutable/AbstractSeq <init> ()V 7 1 scala/collection/AbstractSeq <init> ()V 8 1 scala/collection/AbstractIterable <init> ()V 9 1 scala/collection/AbstractTraversable <init> ()V 10 1 java/lang/Object <init> ()V 10 5 scala/collection/GenTraversableOnce $init$ (Lscala/collection/GenTraversableOnce;)V 10 9 scala/collection/TraversableOnce $init$ (Lscala/collection/TraversableOnce;)V 10 13 scala/collection/Parallelizable $init$ (Lscala/collection/Parallelizable;)V 10 17 scala/collection/TraversableLike $init$ (Lscala/collection/TraversableLike;)V 10 21 scala/collection/generic/GenericTraversableTemplate $init$ (Lscala/collection/generic/GenericTraversableTemplate;)V 10 25 scala/collection/GenTraversable $init$ (Lscala/collection/GenTraversable;)V 10 29 scala/collection/Traversable $init$ (Lscala/collection/Traversable;)V 9 5 scala/collection/GenIterable $init$ (Lscala/collection/GenIterable;)V 9 9 scala/collection/IterableLike $init$ (Lscala/collection/IterableLike;)V 9 13 scala/collection/Iterable $init$ (Lscala/collection/Iterable;)V 8 5 scala/PartialFunction $init$ (Lscala/PartialFunction;)V 8 9 scala/collection/GenSeqLike $init$ (Lscala/collection/GenSeqLike;)V 8 13 scala/collection/GenSeq $init$ (Lscala/collection/GenSeq;)V 8 17 scala/collection/SeqLike $init$ (Lscala/collection/SeqLike;)V 8 21 scala/collection/Seq $init$ (Lscala/collection/Seq;)V 7 5 scala/collection/mutable/Traversable $init$ (Lscala/collection/mutable/Traversable;)V 7 9 scala/collection/mutable/Iterable $init$ (Lscala/collection/mutable/Iterable;)V 7 13 scala/collection/mutable/Cloneable $init$ (Lscala/collection/mutable/Cloneable;)V 7 17 scala/collection/mutable/SeqLike $init$ (Lscala/collection/mutable/SeqLike;)V 7 21 scala/collection/mutable/Seq $init$ (Lscala/collection/mutable/Seq;)V 6 10 scala/collection/IndexedSeqLike $init$ (Lscala/collection/IndexedSeqLike;)V 6 14 scala/collection/IndexedSeq $init$ (Lscala/collection/IndexedSeq;)V 6 18 scala/collection/mutable/IndexedSeqLike $init$ (Lscala/collection/mutable/IndexedSeqLike;)V 6 22 scala/collection/mutable/IndexedSeq $init$ (Lscala/collection/mutable/IndexedSeq;)V 6 26 scala/collection/IndexedSeqOptimized $init$ (Lscala/collection/IndexedSeqOptimized;)V 6 30 scala/math/Ordered $init$ (Lscala/math/Ordered;)V 6 34 scala/collection/immutable/StringLike $init$ (Lscala/collection/immutable/StringLike;)V 6 38 scala/collection/generic/Growable $init$ (Lscala/collection/generic/Growable;)V 6 42 scala/collection/mutable/Builder $init$ (Lscala/collection/mutable/Builder;)V 1 102 org/yaml/parser/YamlLoader push (Lorg/yaml/parser/YamlLoader$YamlBuilder;)V 2 1 org/yaml/parser/YamlLoader org$yaml$parser$YamlLoader$$current ()Lorg/yaml/parser/YamlLoader$YamlBuilder; 3 1 org/yaml/parser/YamlLoader stack ()Lorg/yaml/parser/YamlLoader$Stack; 3 4 org/yaml/parser/YamlLoader$Stack top ()Lorg/yaml/parser/YamlLoader$YamlBuilder; 4 1 org/yaml/parser/YamlLoader$Stack list ()Lscala/collection/immutable/List; 4 4 scala/collection/immutable/$colon$colon head ()Ljava/lang/Object; 2 4 org/yaml/parser/YamlLoader$YamlBuilder addNonContent ()V 3 1 org/yaml/parser/YamlLoader$YamlBuilder tokens ()Lscala/collection/mutable/ArrayBuffer; 3 4 scala/collection/AbstractTraversable nonEmpty ()Z 4 1 scala/collection/TraversableOnce nonEmpty$ (Lscala/collection/TraversableOnce;)Z 5 1 scala/collection/TraversableOnce nonEmpty ()Z 6 1 scala/collection/mutable/ArrayBuffer isEmpty ()Z 7 1 scala/collection/IndexedSeqOptimized isEmpty$ (Lscala/collection/IndexedSeqOptimized;)Z 8 1 scala/collection/IndexedSeqOptimized isEmpty ()Z 9 1 scala/collection/mutable/ArrayBuffer length ()I 10 1 scala/collection/mutable/ResizableArray length$ (Lscala/collection/mutable/ResizableArray;)I 11 1 scala/collection/mutable/ResizableArray length ()I 12 1 scala/collection/mutable/ArrayBuffer size0 ()I 2 8 org/yaml/parser/YamlLoader stack ()Lorg/yaml/parser/YamlLoader$Stack; 2 12 org/yaml/parser/YamlLoader$Stack push (Lorg/yaml/parser/YamlLoader$YamlBuilder;)V 3 4 org/yaml/parser/YamlLoader$Stack list ()Lscala/collection/immutable/List; 3 8 scala/collection/immutable/List $colon$colon (Ljava/lang/Object;)Lscala/collection/immutable/List; 4 6 scala/collection/immutable/$colon$colon <init> (Ljava/lang/Object;Lscala/collection/immutable/List;)V 5 11 scala/collection/immutable/List <init> ()V 6 1 scala/collection/AbstractSeq <init> ()V 7 1 scala/collection/AbstractIterable <init> ()V 8 1 scala/collection/AbstractTraversable <init> ()V 9 1 java/lang/Object <init> ()V 9 5 scala/collection/GenTraversableOnce $init$ (Lscala/collection/GenTraversableOnce;)V 9 9 scala/collection/TraversableOnce $init$ (Lscala/collection/TraversableOnce;)V 9 13 scala/collection/Parallelizable $init$ (Lscala/collection/Parallelizable;)V 9 17 scala/collection/TraversableLike $init$ (Lscala/collection/TraversableLike;)V 9 21 scala/collection/generic/GenericTraversableTemplate $init$ (Lscala/collection/generic/GenericTraversableTemplate;)V 9 25 scala/collection/GenTraversable $init$ (Lscala/collection/GenTraversable;)V 9 29 scala/collection/Traversable $init$ (Lscala/collection/Traversable;)V 8 5 scala/collection/GenIterable $init$ (Lscala/collection/GenIterable;)V 8 9 scala/collection/IterableLike $init$ (Lscala/collection/IterableLike;)V 8 13 scala/collection/Iterable $init$ (Lscala/collection/Iterable;)V 7 5 scala/PartialFunction $init$ (Lscala/PartialFunction;)V 7 9 scala/collection/GenSeqLike $init$ (Lscala/collection/GenSeqLike;)V 7 13 scala/collection/GenSeq $init$ (Lscala/collection/GenSeq;)V 7 17 scala/collection/SeqLike $init$ (Lscala/collection/SeqLike;)V 7 21 scala/collection/Seq $init$ (Lscala/collection/Seq;)V 6 5 scala/collection/immutable/Traversable $init$ (Lscala/collection/immutable/Traversable;)V 6 9 scala/collection/immutable/Iterable $init$ (Lscala/collection/immutable/Iterable;)V 6 13 scala/collection/immutable/Seq $init$ (Lscala/collection/immutable/Seq;)V 6 17 scala/collection/LinearSeqLike $init$ (Lscala/collection/LinearSeqLike;)V 6 21 scala/collection/LinearSeq $init$ (Lscala/collection/LinearSeq;)V 6 25 scala/collection/immutable/LinearSeq $init$ (Lscala/collection/immutable/LinearSeq;)V 6 29 scala/Product $init$ (Lscala/Product;)V 6 33 scala/collection/LinearSeqOptimized $init$ (Lscala/collection/LinearSeqOptimized;)V 3 11 org/yaml/parser/YamlLoader$Stack list_$eq (Lscala/collection/immutable/List;)V 1 118 org/yaml/lexer/YamlToken$ BeginScalar ()Lorg/yaml/lexer/YamlToken; 1 139 java/lang/Object equals (Ljava/lang/Object;)Z 1 152 org/yaml/parser/YamlLoader org$yaml$parser$YamlLoader$$current ()Lorg/yaml/parser/YamlLoader$YamlBuilder; 2 1 org/yaml/parser/YamlLoader stack ()Lorg/yaml/parser/YamlLoader$Stack; 2 4 org/yaml/parser/YamlLoader$Stack top ()Lorg/yaml/parser/YamlLoader$YamlBuilder; 3 1 org/yaml/parser/YamlLoader$Stack list ()Lscala/collection/immutable/List; 3 4 scala/collection/immutable/$colon$colon head ()Ljava/lang/Object; 1 155 org/yaml/parser/YamlLoader$YamlBuilder tag ()Lorg/yaml/model/YTag; 1 158 org/yaml/parser/YamlLoader$ScalarBuilder <init> (Lorg/yaml/parser/YamlLoader;Lorg/yaml/model/YTag;)V 2 3 org/yaml/parser/YamlLoader org$yaml$parser$YamlLoader$$YamlBuilder ()Lorg/yaml/parser/YamlLoader$YamlBuilder$; 2 6 org/yaml/parser/YamlLoader$YamlBuilder$ $lessinit$greater$default$1 ()Lorg/mulesoft/common/client/lexical/SourceLocation; 3 4 org/yaml/parser/YamlLoader lexer ()Lorg/yaml/lexer/YamlLexer; 3 7 org/mulesoft/lexer/BaseLexer tokenData ()Lorg/mulesoft/lexer/TokenData; 4 1 org/mulesoft/lexer/BaseLexer _tokenData ()Lorg/mulesoft/lexer/TokenData; 3 10 org/mulesoft/lexer/TokenData range ()Lorg/mulesoft/common/client/lexical/SourceLocation; 2 9 org/yaml/parser/YamlLoader$YamlBuilder <init> (Lorg/yaml/parser/YamlLoader;Lorg/mulesoft/common/client/lexical/SourceLocation;)V 3 17 java/lang/Object <init> ()V 3 25 scala/collection/mutable/ArrayBuffer <init> ()V 4 3 scala/collection/mutable/ArrayBuffer <init> (I)V 5 6 scala/collection/mutable/AbstractBuffer <init> ()V 6 1 scala/collection/mutable/AbstractSeq <init> ()V 7 1 scala/collection/AbstractSeq <init> ()V 8 1 scala/collection/AbstractIterable <init> ()V 9 1 scala/collection/AbstractTraversable <init> ()V 10 1 java/lang/Object <init> ()V 10 5 scala/collection/GenTraversableOnce $init$ (Lscala/collection/GenTraversableOnce;)V 10 9 scala/collection/TraversableOnce $init$ (Lscala/collection/TraversableOnce;)V 10 13 scala/collection/Parallelizable $init$ (Lscala/collection/Parallelizable;)V 10 17 scala/collection/TraversableLike $init$ (Lscala/collection/TraversableLike;)V 10 21 scala/collection/generic/GenericTraversableTemplate $init$ (Lscala/collection/generic/GenericTraversableTemplate;)V 10 25 scala/collection/GenTraversable $init$ (Lscala/collection/GenTraversable;)V 10 29 scala/collection/Traversable $init$ (Lscala/collection/Traversable;)V 9 5 scala/collection/GenIterable $init$ (Lscala/collection/GenIterable;)V 9 9 scala/collection/IterableLike $init$ (Lscala/collection/IterableLike;)V 9 13 scala/collection/Iterable $init$ (Lscala/collection/Iterable;)V 8 5 scala/PartialFunction $init$ (Lscala/PartialFunction;)V 8 9 scala/collection/GenSeqLike $init$ (Lscala/collection/GenSeqLike;)V 8 13 scala/collection/GenSeq $init$ (Lscala/collection/GenSeq;)V 8 17 scala/collection/SeqLike $init$ (Lscala/collection/SeqLike;)V 8 21 scala/collection/Seq $init$ (Lscala/collection/Seq;)V 7 5 scala/collection/mutable/Traversable $init$ (Lscala/collection/mutable/Traversable;)V 7 9 scala/collection/mutable/Iterable $init$ (Lscala/collection/mutable/Iterable;)V 7 13 scala/collection/mutable/Cloneable $init$ (Lscala/collection/mutable/Cloneable;)V 7 17 scala/collection/mutable/SeqLike $init$ (Lscala/collection/mutable/SeqLike;)V 7 21 scala/collection/mutable/Seq $init$ (Lscala/collection/mutable/Seq;)V 6 5 scala/collection/generic/Growable $init$ (Lscala/collection/generic/Growable;)V 6 9 scala/collection/generic/Shrinkable $init$ (Lscala/collection/generic/Shrinkable;)V 6 13 scala/collection/generic/Subtractable $init$ (Lscala/collection/generic/Subtractable;)V 6 17 scala/collection/mutable/BufferLike $init$ (Lscala/collection/mutable/BufferLike;)V 6 21 scala/collection/mutable/Buffer $init$ (Lscala/collection/mutable/Buffer;)V 5 10 scala/collection/IndexedSeqLike $init$ (Lscala/collection/IndexedSeqLike;)V 5 14 scala/collection/mutable/IndexedSeqLike $init$ (Lscala/collection/mutable/IndexedSeqLike;)V 5 18 scala/collection/IndexedSeqOptimized $init$ (Lscala/collection/IndexedSeqOptimized;)V 5 22 scala/collection/mutable/Builder $init$ (Lscala/collection/mutable/Builder;)V 5 26 scala/collection/IndexedSeq $init$ (Lscala/collection/IndexedSeq;)V 5 30 scala/collection/mutable/IndexedSeq $init$ (Lscala/collection/mutable/IndexedSeq;)V 5 34 scala/collection/mutable/ResizableArray $init$ (Lscala/collection/mutable/ResizableArray;)V 6 5 scala/collection/mutable/ArrayBuffer initialSize ()I 6 11 scala/math/package$ max (II)I 6 17 scala/collection/mutable/ArrayBuffer array_$eq ([Ljava/lang/Object;)V 6 24 scala/collection/mutable/ArrayBuffer size0_$eq (I)V 5 38 scala/collection/CustomParallelizable $init$ (Lscala/collection/CustomParallelizable;)V 3 36 scala/collection/mutable/ArrayBuffer <init> ()V 4 3 scala/collection/mutable/ArrayBuffer <init> (I)V 5 6 scala/collection/mutable/AbstractBuffer <init> ()V 6 1 scala/collection/mutable/AbstractSeq <init> ()V 7 1 scala/collection/AbstractSeq <init> ()V 8 1 scala/collection/AbstractIterable <init> ()V 9 1 scala/collection/AbstractTraversable <init> ()V 10 1 java/lang/Object <init> ()V 10 5 scala/collection/GenTraversableOnce $init$ (Lscala/collection/GenTraversableOnce;)V 10 9 scala/collection/TraversableOnce $init$ (Lscala/collection/TraversableOnce;)V 10 13 scala/collection/Parallelizable $init$ (Lscala/collection/Parallelizable;)V 10 17 scala/collection/TraversableLike $init$ (Lscala/collection/TraversableLike;)V 10 21 scala/collection/generic/GenericTraversableTemplate $init$ (Lscala/collection/generic/GenericTraversableTemplate;)V 10 25 scala/collection/GenTraversable $init$ (Lscala/collection/GenTraversable;)V 10 29 scala/collection/Traversable $init$ (Lscala/collection/Traversable;)V 9 5 scala/collection/GenIterable $init$ (Lscala/collection/GenIterable;)V 9 9 scala/collection/IterableLike $init$ (Lscala/collection/IterableLike;)V 9 13 scala/collection/Iterable $init$ (Lscala/collection/Iterable;)V 8 5 scala/PartialFunction $init$ (Lscala/PartialFunction;)V 8 9 scala/collection/GenSeqLike $init$ (Lscala/collection/GenSeqLike;)V 8 13 scala/collection/GenSeq $init$ (Lscala/collection/GenSeq;)V 8 17 scala/collection/SeqLike $init$ (Lscala/collection/SeqLike;)V 8 21 scala/collection/Seq $init$ (Lscala/collection/Seq;)V 7 5 scala/collection/mutable/Traversable $init$ (Lscala/collection/mutable/Traversable;)V 7 9 scala/collection/mutable/Iterable $init$ (Lscala/collection/mutable/Iterable;)V 7 13 scala/collection/mutable/Cloneable $init$ (Lscala/collection/mutable/Cloneable;)V 7 17 scala/collection/mutable/SeqLike $init$ (Lscala/collection/mutable/SeqLike;)V 7 21 scala/collection/mutable/Seq $init$ (Lscala/collection/mutable/Seq;)V 6 5 scala/collection/generic/Growable $init$ (Lscala/collection/generic/Growable;)V 6 9 scala/collection/generic/Shrinkable $init$ (Lscala/collection/generic/Shrinkable;)V 6 13 scala/collection/generic/Subtractable $init$ (Lscala/collection/generic/Subtractable;)V 6 17 scala/collection/mutable/BufferLike $init$ (Lscala/collection/mutable/BufferLike;)V 6 21 scala/collection/mutable/Buffer $init$ (Lscala/collection/mutable/Buffer;)V 5 10 scala/collection/IndexedSeqLike $init$ (Lscala/collection/IndexedSeqLike;)V 5 14 scala/collection/mutable/IndexedSeqLike $init$ (Lscala/collection/mutable/IndexedSeqLike;)V 5 18 scala/collection/IndexedSeqOptimized $init$ (Lscala/collection/IndexedSeqOptimized;)V 5 22 scala/collection/mutable/Builder $init$ (Lscala/collection/mutable/Builder;)V 5 26 scala/collection/IndexedSeq $init$ (Lscala/collection/IndexedSeq;)V 5 30 scala/collection/mutable/IndexedSeq $init$ (Lscala/collection/mutable/IndexedSeq;)V 5 34 scala/collection/mutable/ResizableArray $init$ (Lscala/collection/mutable/ResizableArray;)V 6 5 scala/collection/mutable/ArrayBuffer initialSize ()I 6 11 scala/math/package$ max (II)I 6 17 scala/collection/mutable/ArrayBuffer array_$eq ([Ljava/lang/Object;)V 6 24 scala/collection/mutable/ArrayBuffer size0_$eq (I)V 5 38 scala/collection/CustomParallelizable $init$ (Lscala/collection/CustomParallelizable;)V 3 47 scala/collection/mutable/StringBuilder <init> ()V 4 6 scala/collection/mutable/StringBuilder <init> (ILjava/lang/String;)V 5 6 java/lang/String length ()I 6 6 java/lang/String coder ()B 5 11 java/lang/StringBuilder <init> (I)V 5 15 java/lang/StringBuilder append (Ljava/lang/String;)Ljava/lang/StringBuilder; 5 18 scala/collection/mutable/StringBuilder <init> (Ljava/lang/StringBuilder;)V 6 6 scala/collection/mutable/AbstractSeq <init> ()V 7 1 scala/collection/AbstractSeq <init> ()V 8 1 scala/collection/AbstractIterable <init> ()V 9 1 scala/collection/AbstractTraversable <init> ()V 10 1 java/lang/Object <init> ()V 10 5 scala/collection/GenTraversableOnce $init$ (Lscala/collection/GenTraversableOnce;)V 10 9 scala/collection/TraversableOnce $init$ (Lscala/collection/TraversableOnce;)V 10 13 scala/collection/Parallelizable $init$ (Lscala/collection/Parallelizable;)V 10 17 scala/collection/TraversableLike $init$ (Lscala/collection/TraversableLike;)V 10 21 scala/collection/generic/GenericTraversableTemplate $init$ (Lscala/collection/generic/GenericTraversableTemplate;)V 10 25 scala/collection/GenTraversable $init$ (Lscala/collection/GenTraversable;)V 10 29 scala/collection/Traversable $init$ (Lscala/collection/Traversable;)V 9 5 scala/collection/GenIterable $init$ (Lscala/collection/GenIterable;)V 9 9 scala/collection/IterableLike $init$ (Lscala/collection/IterableLike;)V 9 13 scala/collection/Iterable $init$ (Lscala/collection/Iterable;)V 8 5 scala/PartialFunction $init$ (Lscala/PartialFunction;)V 8 9 scala/collection/GenSeqLike $init$ (Lscala/collection/GenSeqLike;)V 8 13 scala/collection/GenSeq $init$ (Lscala/collection/GenSeq;)V 8 17 scala/collection/SeqLike $init$ (Lscala/collection/SeqLike;)V 8 21 scala/collection/Seq $init$ (Lscala/collection/Seq;)V 7 5 scala/collection/mutable/Traversable $init$ (Lscala/collection/mutable/Traversable;)V 7 9 scala/collection/mutable/Iterable $init$ (Lscala/collection/mutable/Iterable;)V 7 13 scala/collection/mutable/Cloneable $init$ (Lscala/collection/mutable/Cloneable;)V 7 17 scala/collection/mutable/SeqLike $init$ (Lscala/collection/mutable/SeqLike;)V 7 21 scala/collection/mutable/Seq $init$ (Lscala/collection/mutable/Seq;)V 6 10 scala/collection/IndexedSeqLike $init$ (Lscala/collection/IndexedSeqLike;)V 6 14 scala/collection/IndexedSeq $init$ (Lscala/collection/IndexedSeq;)V 6 18 scala/collection/mutable/IndexedSeqLike $init$ (Lscala/collection/mutable/IndexedSeqLike;)V 6 22 scala/collection/mutable/IndexedSeq $init$ (Lscala/collection/mutable/IndexedSeq;)V 6 26 scala/collection/IndexedSeqOptimized $init$ (Lscala/collection/IndexedSeqOptimized;)V 6 30 scala/math/Ordered $init$ (Lscala/math/Ordered;)V 6 34 scala/collection/immutable/StringLike $init$ (Lscala/collection/immutable/StringLike;)V 6 38 scala/collection/generic/Growable $init$ (Lscala/collection/generic/Growable;)V 6 42 scala/collection/mutable/Builder $init$ (Lscala/collection/mutable/Builder;)V 2 14 org/yaml/parser/YamlLoader$YamlBuilder tag_$eq (Lorg/yaml/model/YTag;)V 2 22 scala/collection/mutable/StringBuilder <init> ()V 3 6 scala/collection/mutable/StringBuilder <init> (ILjava/lang/String;)V 4 6 java/lang/String length ()I 5 6 java/lang/String coder ()B 4 11 java/lang/StringBuilder <init> (I)V 4 15 java/lang/StringBuilder append (Ljava/lang/String;)Ljava/lang/StringBuilder; 4 18 scala/collection/mutable/StringBuilder <init> (Ljava/lang/StringBuilder;)V 5 6 scala/collection/mutable/AbstractSeq <init> ()V 6 1 scala/collection/AbstractSeq <init> ()V 7 1 scala/collection/AbstractIterable <init> ()V 8 1 scala/collection/AbstractTraversable <init> ()V 9 1 java/lang/Object <init> ()V 9 5 scala/collection/GenTraversableOnce $init$ (Lscala/collection/GenTraversableOnce;)V 9 9 scala/collection/TraversableOnce $init$ (Lscala/collection/TraversableOnce;)V 9 13 scala/collection/Parallelizable $init$ (Lscala/collection/Parallelizable;)V 9 17 scala/collection/TraversableLike $init$ (Lscala/collection/TraversableLike;)V 9 21 scala/collection/generic/GenericTraversableTemplate $init$ (Lscala/collection/generic/GenericTraversableTemplate;)V 9 25 scala/collection/GenTraversable $init$ (Lscala/collection/GenTraversable;)V 9 29 scala/collection/Traversable $init$ (Lscala/collection/Traversable;)V 8 5 scala/collection/GenIterable $init$ (Lscala/collection/GenIterable;)V 8 9 scala/collection/IterableLike $init$ (Lscala/collection/IterableLike;)V 8 13 scala/collection/Iterable $init$ (Lscala/collection/Iterable;)V 7 5 scala/PartialFunction $init$ (Lscala/PartialFunction;)V 7 9 scala/collection/GenSeqLike $init$ (Lscala/collection/GenSeqLike;)V 7 13 scala/collection/GenSeq $init$ (Lscala/collection/GenSeq;)V 7 17 scala/collection/SeqLike $init$ (Lscala/collection/SeqLike;)V 7 21 scala/collection/Seq $init$ (Lscala/collection/Seq;)V 6 5 scala/collection/mutable/Traversable $init$ (Lscala/collection/mutable/Traversable;)V 6 9 scala/collection/mutable/Iterable $init$ (Lscala/collection/mutable/Iterable;)V 6 13 scala/collection/mutable/Cloneable $init$ (Lscala/collection/mutable/Cloneable;)V 6 17 scala/collection/mutable/SeqLike $init$ (Lscala/collection/mutable/SeqLike;)V 6 21 scala/collection/mutable/Seq $init$ (Lscala/collection/mutable/Seq;)V 5 10 scala/collection/IndexedSeqLike $init$ (Lscala/collection/IndexedSeqLike;)V 5 14 scala/collection/IndexedSeq $init$ (Lscala/collection/IndexedSeq;)V 5 18 scala/collection/mutable/IndexedSeqLike $init$ (Lscala/collection/mutable/IndexedSeqLike;)V 5 22 scala/collection/mutable/IndexedSeq $init$ (Lscala/collection/mutable/IndexedSeq;)V 5 26 scala/collection/IndexedSeqOptimized $init$ (Lscala/collection/IndexedSeqOptimized;)V 5 30 scala/math/Ordered $init$ (Lscala/math/Ordered;)V 5 34 scala/collection/immutable/StringLike $init$ (Lscala/collection/immutable/StringLike;)V 5 38 scala/collection/generic/Growable $init$ (Lscala/collection/generic/Growable;)V 5 42 scala/collection/mutable/Builder $init$ (Lscala/collection/mutable/Builder;)V 1 161 org/yaml/parser/YamlLoader push (Lorg/yaml/parser/YamlLoader$YamlBuilder;)V 2 1 org/yaml/parser/YamlLoader org$yaml$parser$YamlLoader$$current ()Lorg/yaml/parser/YamlLoader$YamlBuilder; 3 1 org/yaml/parser/YamlLoader stack ()Lorg/yaml/parser/YamlLoader$Stack; 3 4 org/yaml/parser/YamlLoader$Stack top ()Lorg/yaml/parser/YamlLoader$YamlBuilder; 4 1 org/yaml/parser/YamlLoader$Stack list ()Lscala/collection/immutable/List; 4 4 scala/collection/immutable/$colon$colon head ()Ljava/lang/Object; 2 4 org/yaml/parser/YamlLoader$YamlBuilder addNonContent ()V 3 1 org/yaml/parser/YamlLoader$YamlBuilder tokens ()Lscala/collection/mutable/ArrayBuffer; 3 4 scala/collection/AbstractTraversable nonEmpty ()Z 4 1 scala/collection/TraversableOnce nonEmpty$ (Lscala/collection/TraversableOnce;)Z 5 1 scala/collection/TraversableOnce nonEmpty ()Z 6 1 scala/collection/mutable/ArrayBuffer isEmpty ()Z 7 1 scala/collection/IndexedSeqOptimized isEmpty$ (Lscala/collection/IndexedSeqOptimized;)Z 8 1 scala/collection/IndexedSeqOptimized isEmpty ()Z 9 1 scala/collection/mutable/ArrayBuffer length ()I 10 1 scala/collection/mutable/ResizableArray length$ (Lscala/collection/mutable/ResizableArray;)I 11 1 scala/collection/mutable/ResizableArray length ()I 12 1 scala/collection/mutable/ArrayBuffer size0 ()I 2 8 org/yaml/parser/YamlLoader stack ()Lorg/yaml/parser/YamlLoader$Stack; 2 12 org/yaml/parser/YamlLoader$Stack push (Lorg/yaml/parser/YamlLoader$YamlBuilder;)V 3 4 org/yaml/parser/YamlLoader$Stack list ()Lscala/collection/immutable/List; 3 8 scala/collection/immutable/List $colon$colon (Ljava/lang/Object;)Lscala/collection/immutable/List; 4 6 scala/collection/immutable/$colon$colon <init> (Ljava/lang/Object;Lscala/collection/immutable/List;)V 5 11 scala/collection/immutable/List <init> ()V 6 1 scala/collection/AbstractSeq <init> ()V 7 1 scala/collection/AbstractIterable <init> ()V 8 1 scala/collection/AbstractTraversable <init> ()V 9 1 java/lang/Object <init> ()V 9 5 scala/collection/GenTraversableOnce $init$ (Lscala/collection/GenTraversableOnce;)V 9 9 scala/collection/TraversableOnce $init$ (Lscala/collection/TraversableOnce;)V 9 13 scala/collection/Parallelizable $init$ (Lscala/collection/Parallelizable;)V 9 17 scala/collection/TraversableLike $init$ (Lscala/collection/TraversableLike;)V 9 21 scala/collection/generic/GenericTraversableTemplate $init$ (Lscala/collection/generic/GenericTraversableTemplate;)V 9 25 scala/collection/GenTraversable $init$ (Lscala/collection/GenTraversable;)V 9 29 scala/collection/Traversable $init$ (Lscala/collection/Traversable;)V 8 5 scala/collection/GenIterable $init$ (Lscala/collection/GenIterable;)V 8 9 scala/collection/IterableLike $init$ (Lscala/collection/IterableLike;)V 8 13 scala/collection/Iterable $init$ (Lscala/collection/Iterable;)V 7 5 scala/PartialFunction $init$ (Lscala/PartialFunction;)V 7 9 scala/collection/GenSeqLike $init$ (Lscala/collection/GenSeqLike;)V 7 13 scala/collection/GenSeq $init$ (Lscala/collection/GenSeq;)V 7 17 scala/collection/SeqLike $init$ (Lscala/collection/SeqLike;)V 7 21 scala/collection/Seq $init$ (Lscala/collection/Seq;)V 6 5 scala/collection/immutable/Traversable $init$ (Lscala/collection/immutable/Traversable;)V 6 9 scala/collection/immutable/Iterable $init$ (Lscala/collection/immutable/Iterable;)V 6 13 scala/collection/immutable/Seq $init$ (Lscala/collection/immutable/Seq;)V 6 17 scala/collection/LinearSeqLike $init$ (Lscala/collection/LinearSeqLike;)V 6 21 scala/collection/LinearSeq $init$ (Lscala/collection/LinearSeq;)V 6 25 scala/collection/immutable/LinearSeq $init$ (Lscala/collection/immutable/LinearSeq;)V 6 29 scala/Product $init$ (Lscala/Product;)V 6 33 scala/collection/LinearSeqOptimized $init$ (Lscala/collection/LinearSeqOptimized;)V 3 11 org/yaml/parser/YamlLoader$Stack list_$eq (Lscala/collection/immutable/List;)V 1 177 org/yaml/lexer/YamlToken$ BeginSequence ()Lorg/yaml/lexer/YamlToken; 1 198 java/lang/Object equals (Ljava/lang/Object;)Z 1 210 org/yaml/parser/YamlLoader$SeqBuilder <init> (Lorg/yaml/parser/YamlLoader;)V 2 3 org/yaml/parser/YamlLoader org$yaml$parser$YamlLoader$$YamlBuilder ()Lorg/yaml/parser/YamlLoader$YamlBuilder$; 2 6 org/yaml/parser/YamlLoader$YamlBuilder$ $lessinit$greater$default$1 ()Lorg/mulesoft/common/client/lexical/SourceLocation; 3 4 org/yaml/parser/YamlLoader lexer ()Lorg/yaml/lexer/YamlLexer; 3 7 org/mulesoft/lexer/BaseLexer tokenData ()Lorg/mulesoft/lexer/TokenData; 4 1 org/mulesoft/lexer/BaseLexer _tokenData ()Lorg/mulesoft/lexer/TokenData; 3 10 org/mulesoft/lexer/TokenData range ()Lorg/mulesoft/common/client/lexical/SourceLocation; 2 9 org/yaml/parser/YamlLoader$YamlBuilder <init> (Lorg/yaml/parser/YamlLoader;Lorg/mulesoft/common/client/lexical/SourceLocation;)V 3 17 java/lang/Object <init> ()V 3 25 scala/collection/mutable/ArrayBuffer <init> ()V 4 3 scala/collection/mutable/ArrayBuffer <init> (I)V 5 6 scala/collection/mutable/AbstractBuffer <init> ()V 6 1 scala/collection/mutable/AbstractSeq <init> ()V 7 1 scala/collection/AbstractSeq <init> ()V 8 1 scala/collection/AbstractIterable <init> ()V 9 1 scala/collection/AbstractTraversable <init> ()V 10 1 java/lang/Object <init> ()V 10 5 scala/collection/GenTraversableOnce $init$ (Lscala/collection/GenTraversableOnce;)V 10 9 scala/collection/TraversableOnce $init$ (Lscala/collection/TraversableOnce;)V 10 13 scala/collection/Parallelizable $init$ (Lscala/collection/Parallelizable;)V 10 17 scala/collection/TraversableLike $init$ (Lscala/collection/TraversableLike;)V 10 21 scala/collection/generic/GenericTraversableTemplate $init$ (Lscala/collection/generic/GenericTraversableTemplate;)V 10 25 scala/collection/GenTraversable $init$ (Lscala/collection/GenTraversable;)V 10 29 scala/collection/Traversable $init$ (Lscala/collection/Traversable;)V 9 5 scala/collection/GenIterable $init$ (Lscala/collection/GenIterable;)V 9 9 scala/collection/IterableLike $init$ (Lscala/collection/IterableLike;)V 9 13 scala/collection/Iterable $init$ (Lscala/collection/Iterable;)V 8 5 scala/PartialFunction $init$ (Lscala/PartialFunction;)V 8 9 scala/collection/GenSeqLike $init$ (Lscala/collection/GenSeqLike;)V 8 13 scala/collection/GenSeq $init$ (Lscala/collection/GenSeq;)V 8 17 scala/collection/SeqLike $init$ (Lscala/collection/SeqLike;)V 8 21 scala/collection/Seq $init$ (Lscala/collection/Seq;)V 7 5 scala/collection/mutable/Traversable $init$ (Lscala/collection/mutable/Traversable;)V 7 9 scala/collection/mutable/Iterable $init$ (Lscala/collection/mutable/Iterable;)V 7 13 scala/collection/mutable/Cloneable $init$ (Lscala/collection/mutable/Cloneable;)V 7 17 scala/collection/mutable/SeqLike $init$ (Lscala/collection/mutable/SeqLike;)V 7 21 scala/collection/mutable/Seq $init$ (Lscala/collection/mutable/Seq;)V 6 5 scala/collection/generic/Growable $init$ (Lscala/collection/generic/Growable;)V 6 9 scala/collection/generic/Shrinkable $init$ (Lscala/collection/generic/Shrinkable;)V 6 13 scala/collection/generic/Subtractable $init$ (Lscala/collection/generic/Subtractable;)V 6 17 scala/collection/mutable/BufferLike $init$ (Lscala/collection/mutable/BufferLike;)V 6 21 scala/collection/mutable/Buffer $init$ (Lscala/collection/mutable/Buffer;)V 5 10 scala/collection/IndexedSeqLike $init$ (Lscala/collection/IndexedSeqLike;)V 5 14 scala/collection/mutable/IndexedSeqLike $init$ (Lscala/collection/mutable/IndexedSeqLike;)V 5 18 scala/collection/IndexedSeqOptimized $init$ (Lscala/collection/IndexedSeqOptimized;)V 5 22 scala/collection/mutable/Builder $init$ (Lscala/collection/mutable/Builder;)V 5 26 scala/collection/IndexedSeq $init$ (Lscala/collection/IndexedSeq;)V 5 30 scala/collection/mutable/IndexedSeq $init$ (Lscala/collection/mutable/IndexedSeq;)V 5 34 scala/collection/mutable/ResizableArray $init$ (Lscala/collection/mutable/ResizableArray;)V 6 5 scala/collection/mutable/ArrayBuffer initialSize ()I 6 11 scala/math/package$ max (II)I 6 17 scala/collection/mutable/ArrayBuffer array_$eq ([Ljava/lang/Object;)V 6 24 scala/collection/mutable/ArrayBuffer size0_$eq (I)V 5 38 scala/collection/CustomParallelizable $init$ (Lscala/collection/CustomParallelizable;)V 3 36 scala/collection/mutable/ArrayBuffer <init> ()V 4 3 scala/collection/mutable/ArrayBuffer <init> (I)V 5 6 scala/collection/mutable/AbstractBuffer <init> ()V 6 1 scala/collection/mutable/AbstractSeq <init> ()V 7 1 scala/collection/AbstractSeq <init> ()V 8 1 scala/collection/AbstractIterable <init> ()V 9 1 scala/collection/AbstractTraversable <init> ()V 10 1 java/lang/Object <init> ()V 10 5 scala/collection/GenTraversableOnce $init$ (Lscala/collection/GenTraversableOnce;)V 10 9 scala/collection/TraversableOnce $init$ (Lscala/collection/TraversableOnce;)V 10 13 scala/collection/Parallelizable $init$ (Lscala/collection/Parallelizable;)V 10 17 scala/collection/TraversableLike $init$ (Lscala/collection/TraversableLike;)V 10 21 scala/collection/generic/GenericTraversableTemplate $init$ (Lscala/collection/generic/GenericTraversableTemplate;)V 10 25 scala/collection/GenTraversable $init$ (Lscala/collection/GenTraversable;)V 10 29 scala/collection/Traversable $init$ (Lscala/collection/Traversable;)V 9 5 scala/collection/GenIterable $init$ (Lscala/collection/GenIterable;)V 9 9 scala/collection/IterableLike $init$ (Lscala/collection/IterableLike;)V 9 13 scala/collection/Iterable $init$ (Lscala/collection/Iterable;)V 8 5 scala/PartialFunction $init$ (Lscala/PartialFunction;)V 8 9 scala/collection/GenSeqLike $init$ (Lscala/collection/GenSeqLike;)V 8 13 scala/collection/GenSeq $init$ (Lscala/collection/GenSeq;)V 8 17 scala/collection/SeqLike $init$ (Lscala/collection/SeqLike;)V 8 21 scala/collection/Seq $init$ (Lscala/collection/Seq;)V 7 5 scala/collection/mutable/Traversable $init$ (Lscala/collection/mutable/Traversable;)V 7 9 scala/collection/mutable/Iterable $init$ (Lscala/collection/mutable/Iterable;)V 7 13 scala/collection/mutable/Cloneable $init$ (Lscala/collection/mutable/Cloneable;)V 7 17 scala/collection/mutable/SeqLike $init$ (Lscala/collection/mutable/SeqLike;)V 7 21 scala/collection/mutable/Seq $init$ (Lscala/collection/mutable/Seq;)V 6 5 scala/collection/generic/Growable $init$ (Lscala/collection/generic/Growable;)V 6 9 scala/collection/generic/Shrinkable $init$ (Lscala/collection/generic/Shrinkable;)V 6 13 scala/collection/generic/Subtractable $init$ (Lscala/collection/generic/Subtractable;)V 6 17 scala/collection/mutable/BufferLike $init$ (Lscala/collection/mutable/BufferLike;)V 6 21 scala/collection/mutable/Buffer $init$ (Lscala/collection/mutable/Buffer;)V 5 10 scala/collection/IndexedSeqLike $init$ (Lscala/collection/IndexedSeqLike;)V 5 14 scala/collection/mutable/IndexedSeqLike $init$ (Lscala/collection/mutable/IndexedSeqLike;)V 5 18 scala/collection/IndexedSeqOptimized $init$ (Lscala/collection/IndexedSeqOptimized;)V 5 22 scala/collection/mutable/Builder $init$ (Lscala/collection/mutable/Builder;)V 5 26 scala/collection/IndexedSeq $init$ (Lscala/collection/IndexedSeq;)V 5 30 scala/collection/mutable/IndexedSeq $init$ (Lscala/collection/mutable/IndexedSeq;)V 5 34 scala/collection/mutable/ResizableArray $init$ (Lscala/collection/mutable/ResizableArray;)V 6 5 scala/collection/mutable/ArrayBuffer initialSize ()I 6 11 scala/math/package$ max (II)I 6 17 scala/collection/mutable/ArrayBuffer array_$eq ([Ljava/lang/Object;)V 6 24 scala/collection/mutable/ArrayBuffer size0_$eq (I)V 5 38 scala/collection/CustomParallelizable $init$ (Lscala/collection/CustomParallelizable;)V 3 47 scala/collection/mutable/StringBuilder <init> ()V 4 6 scala/collection/mutable/StringBuilder <init> (ILjava/lang/String;)V 5 6 java/lang/String length ()I 6 6 java/lang/String coder ()B 5 11 java/lang/StringBuilder <init> (I)V 5 15 java/lang/StringBuilder append (Ljava/lang/String;)Ljava/lang/StringBuilder; 5 18 scala/collection/mutable/StringBuilder <init> (Ljava/lang/StringBuilder;)V 6 6 scala/collection/mutable/AbstractSeq <init> ()V 7 1 scala/collection/AbstractSeq <init> ()V 8 1 scala/collection/AbstractIterable <init> ()V 9 1 scala/collection/AbstractTraversable <init> ()V 10 1 java/lang/Object <init> ()V 10 5 scala/collection/GenTraversableOnce $init$ (Lscala/collection/GenTraversableOnce;)V 10 9 scala/collection/TraversableOnce $init$ (Lscala/collection/TraversableOnce;)V 10 13 scala/collection/Parallelizable $init$ (Lscala/collection/Parallelizable;)V 10 17 scala/collection/TraversableLike $init$ (Lscala/collection/TraversableLike;)V 10 21 scala/collection/generic/GenericTraversableTemplate $init$ (Lscala/collection/generic/GenericTraversableTemplate;)V 10 25 scala/collection/GenTraversable $init$ (Lscala/collection/GenTraversable;)V 10 29 scala/collection/Traversable $init$ (Lscala/collection/Traversable;)V 9 5 scala/collection/GenIterable $init$ (Lscala/collection/GenIterable;)V 9 9 scala/collection/IterableLike $init$ (Lscala/collection/IterableLike;)V 9 13 scala/collection/Iterable $init$ (Lscala/collection/Iterable;)V 8 5 scala/PartialFunction $init$ (Lscala/PartialFunction;)V 8 9 scala/collection/GenSeqLike $init$ (Lscala/collection/GenSeqLike;)V 8 13 scala/collection/GenSeq $init$ (Lscala/collection/GenSeq;)V 8 17 scala/collection/SeqLike $init$ (Lscala/collection/SeqLike;)V 8 21 scala/collection/Seq $init$ (Lscala/collection/Seq;)V 7 5 scala/collection/mutable/Traversable $init$ (Lscala/collection/mutable/Traversable;)V 7 9 scala/collection/mutable/Iterable $init$ (Lscala/collection/mutable/Iterable;)V 7 13 scala/collection/mutable/Cloneable $init$ (Lscala/collection/mutable/Cloneable;)V 7 17 scala/collection/mutable/SeqLike $init$ (Lscala/collection/mutable/SeqLike;)V 7 21 scala/collection/mutable/Seq $init$ (Lscala/collection/mutable/Seq;)V 6 10 scala/collection/IndexedSeqLike $init$ (Lscala/collection/IndexedSeqLike;)V 6 14 scala/collection/IndexedSeq $init$ (Lscala/collection/IndexedSeq;)V 6 18 scala/collection/mutable/IndexedSeqLike $init$ (Lscala/collection/mutable/IndexedSeqLike;)V 6 22 scala/collection/mutable/IndexedSeq $init$ (Lscala/collection/mutable/IndexedSeq;)V 6 26 scala/collection/IndexedSeqOptimized $init$ (Lscala/collection/IndexedSeqOptimized;)V 6 30 scala/math/Ordered $init$ (Lscala/math/Ordered;)V 6 34 scala/collection/immutable/StringLike $init$ (Lscala/collection/immutable/StringLike;)V 6 38 scala/collection/generic/Growable $init$ (Lscala/collection/generic/Growable;)V 6 42 scala/collection/mutable/Builder $init$ (Lscala/collection/mutable/Builder;)V 1 213 org/yaml/parser/YamlLoader push (Lorg/yaml/parser/YamlLoader$YamlBuilder;)V 2 1 org/yaml/parser/YamlLoader org$yaml$parser$YamlLoader$$current ()Lorg/yaml/parser/YamlLoader$YamlBuilder; 3 1 org/yaml/parser/YamlLoader stack ()Lorg/yaml/parser/YamlLoader$Stack; 3 4 org/yaml/parser/YamlLoader$Stack top ()Lorg/yaml/parser/YamlLoader$YamlBuilder; 4 1 org/yaml/parser/YamlLoader$Stack list ()Lscala/collection/immutable/List; 4 4 scala/collection/immutable/$colon$colon head ()Ljava/lang/Object; 2 4 org/yaml/parser/YamlLoader$YamlBuilder addNonContent ()V 3 1 org/yaml/parser/YamlLoader$YamlBuilder tokens ()Lscala/collection/mutable/ArrayBuffer; 3 4 scala/collection/AbstractTraversable nonEmpty ()Z 4 1 scala/collection/TraversableOnce nonEmpty$ (Lscala/collection/TraversableOnce;)Z 5 1 scala/collection/TraversableOnce nonEmpty ()Z 6 1 scala/collection/mutable/ArrayBuffer isEmpty ()Z 7 1 scala/collection/IndexedSeqOptimized isEmpty$ (Lscala/collection/IndexedSeqOptimized;)Z 8 1 scala/collection/IndexedSeqOptimized isEmpty ()Z 9 1 scala/collection/mutable/ArrayBuffer length ()I 10 1 scala/collection/mutable/ResizableArray length$ (Lscala/collection/mutable/ResizableArray;)I 11 1 scala/collection/mutable/ResizableArray length ()I 12 1 scala/collection/mutable/ArrayBuffer size0 ()I 2 8 org/yaml/parser/YamlLoader stack ()Lorg/yaml/parser/YamlLoader$Stack; 2 12 org/yaml/parser/YamlLoader$Stack push (Lorg/yaml/parser/YamlLoader$YamlBuilder;)V 3 4 org/yaml/parser/YamlLoader$Stack list ()Lscala/collection/immutable/List; 3 8 scala/collection/immutable/List $colon$colon (Ljava/lang/Object;)Lscala/collection/immutable/List; 4 6 scala/collection/immutable/$colon$colon <init> (Ljava/lang/Object;Lscala/collection/immutable/List;)V 5 11 scala/collection/immutable/List <init> ()V 6 1 scala/collection/AbstractSeq <init> ()V 7 1 scala/collection/AbstractIterable <init> ()V 8 1 scala/collection/AbstractTraversable <init> ()V 9 1 java/lang/Object <init> ()V 9 5 scala/collection/GenTraversableOnce $init$ (Lscala/collection/GenTraversableOnce;)V 9 9 scala/collection/TraversableOnce $init$ (Lscala/collection/TraversableOnce;)V 9 13 scala/collection/Parallelizable $init$ (Lscala/collection/Parallelizable;)V 9 17 scala/collection/TraversableLike $init$ (Lscala/collection/TraversableLike;)V 9 21 scala/collection/generic/GenericTraversableTemplate $init$ (Lscala/collection/generic/GenericTraversableTemplate;)V 9 25 scala/collection/GenTraversable $init$ (Lscala/collection/GenTraversable;)V 9 29 scala/collection/Traversable $init$ (Lscala/collection/Traversable;)V 8 5 scala/collection/GenIterable $init$ (Lscala/collection/GenIterable;)V 8 9 scala/collection/IterableLike $init$ (Lscala/collection/IterableLike;)V 8 13 scala/collection/Iterable $init$ (Lscala/collection/Iterable;)V 7 5 scala/PartialFunction $init$ (Lscala/PartialFunction;)V 7 9 scala/collection/GenSeqLike $init$ (Lscala/collection/GenSeqLike;)V 7 13 scala/collection/GenSeq $init$ (Lscala/collection/GenSeq;)V 7 17 scala/collection/SeqLike $init$ (Lscala/collection/SeqLike;)V 7 21 scala/collection/Seq $init$ (Lscala/collection/Seq;)V 6 5 scala/collection/immutable/Traversable $init$ (Lscala/collection/immutable/Traversable;)V 6 9 scala/collection/immutable/Iterable $init$ (Lscala/collection/immutable/Iterable;)V 6 13 scala/collection/immutable/Seq $init$ (Lscala/collection/immutable/Seq;)V 6 17 scala/collection/LinearSeqLike $init$ (Lscala/collection/LinearSeqLike;)V 6 21 scala/collection/LinearSeq $init$ (Lscala/collection/LinearSeq;)V 6 25 scala/collection/immutable/LinearSeq $init$ (Lscala/collection/immutable/LinearSeq;)V 6 29 scala/Product $init$ (Lscala/Product;)V 6 33 scala/collection/LinearSeqOptimized $init$ (Lscala/collection/LinearSeqOptimized;)V 3 11 org/yaml/parser/YamlLoader$Stack list_$eq (Lscala/collection/immutable/List;)V 1 229 org/yaml/lexer/YamlToken$ BeginPair ()Lorg/yaml/lexer/YamlToken; 1 250 java/lang/Object equals (Ljava/lang/Object;)Z 1 262 org/yaml/parser/YamlLoader$PairBuilder <init> (Lorg/yaml/parser/YamlLoader;)V 2 3 org/yaml/parser/YamlLoader org$yaml$parser$YamlLoader$$YamlBuilder ()Lorg/yaml/parser/YamlLoader$YamlBuilder$; 2 6 org/yaml/parser/YamlLoader$YamlBuilder$ $lessinit$greater$default$1 ()Lorg/mulesoft/common/client/lexical/SourceLocation; 3 4 org/yaml/parser/YamlLoader lexer ()Lorg/yaml/lexer/YamlLexer; 3 7 org/mulesoft/lexer/BaseLexer tokenData ()Lorg/mulesoft/lexer/TokenData; 4 1 org/mulesoft/lexer/BaseLexer _tokenData ()Lorg/mulesoft/lexer/TokenData; 3 10 org/mulesoft/lexer/TokenData range ()Lorg/mulesoft/common/client/lexical/SourceLocation; 2 9 org/yaml/parser/YamlLoader$YamlBuilder <init> (Lorg/yaml/parser/YamlLoader;Lorg/mulesoft/common/client/lexical/SourceLocation;)V 3 17 java/lang/Object <init> ()V 1 281 org/yaml/lexer/YamlToken$ BeginMapping ()Lorg/yaml/lexer/YamlToken; 1 333 org/yaml/lexer/YamlToken$ BeginDirective ()Lorg/yaml/lexer/YamlToken; 1 385 org/yaml/lexer/YamlToken$ BeginComment ()Lorg/yaml/lexer/YamlToken; 1 437 org/yaml/lexer/YamlToken$ BeginAlias ()Lorg/yaml/lexer/YamlToken; 1 489 org/yaml/lexer/YamlToken$ BeginAnchor ()Lorg/yaml/lexer/YamlToken; 1 541 org/yaml/lexer/YamlToken$ BeginTag ()Lorg/yaml/lexer/YamlToken; 1 593 org/yaml/lexer/YamlToken$ EndScalar ()Lorg/yaml/lexer/YamlToken; 1 630 org/yaml/lexer/YamlToken$ EndDirective ()Lorg/yaml/lexer/YamlToken; 1 667 org/yaml/lexer/YamlToken$ EndMapping ()Lorg/yaml/lexer/YamlToken; 1 704 org/yaml/lexer/YamlToken$ EndSequence ()Lorg/yaml/lexer/YamlToken; 1 741 org/yaml/lexer/YamlToken$ EndDocument ()Lorg/yaml/lexer/YamlToken; 1 778 org/yaml/lexer/YamlToken$ EndNode ()Lorg/yaml/lexer/YamlToken; 1 815 org/yaml/lexer/YamlToken$ EndPair ()Lorg/yaml/lexer/YamlToken; 1 852 org/yaml/lexer/YamlToken$ EndComment ()Lorg/yaml/lexer/YamlToken; 1 889 org/yaml/lexer/YamlToken$ EndAlias ()Lorg/yaml/lexer/YamlToken; 1 926 org/yaml/lexer/YamlToken$ EndAnchor ()Lorg/yaml/lexer/YamlToken; 1 963 org/yaml/lexer/YamlToken$ EndTag ()Lorg/yaml/lexer/YamlToken; 1 1018 org/yaml/lexer/YamlToken$ Text ()Lorg/yaml/lexer/YamlToken; 1 1050 org/yaml/parser/YamlLoader lexer ()Lorg/yaml/lexer/YamlLexer; 1 1072 org/yaml/lexer/YamlToken$ LineFold ()Lorg/yaml/lexer/YamlToken; 1 1122 org/yaml/lexer/YamlToken$ LineFeed ()Lorg/yaml/lexer/YamlToken; 1 1172 org/yaml/lexer/YamlToken$ BeginEscape ()Lorg/yaml/lexer/YamlToken; 1 1220 org/yaml/lexer/YamlToken$ BeginHandle ()Lorg/yaml/lexer/YamlToken; 1 1268 org/yaml/lexer/YamlToken$ EndHandle ()Lorg/yaml/lexer/YamlToken; 1 1316 org/yaml/lexer/YamlToken$ MetaText ()Lorg/yaml/lexer/YamlToken; 1 1363 org/yaml/lexer/YamlToken$ Indicator ()Lorg/yaml/lexer/YamlToken; 1 1410 org/yaml/lexer/YamlToken$ EndEscape ()Lorg/yaml/lexer/YamlToken; 1 1457 org/yaml/lexer/YamlToken$ LineBreak ()Lorg/yaml/lexer/YamlToken; 1 1504 org/yaml/lexer/YamlToken$ WhiteSpace ()Lorg/yaml/lexer/YamlToken; 1 1535 org/yaml/parser/YamlLoader$YamlBuilder processWhiteSpace ()V 1 1551 org/yaml/lexer/YamlToken$ Error ()Lorg/yaml/lexer/YamlToken;
